{"forces": {"__ndarray__": [[14, 3], "float64", [-3.877109858134383e-06, -8.553460189824418e-08, -3.3793950572768667e-06, -3.198446282479786e-05, -2.2053400138358415e-05, -4.5937977585830975e-05, 0.012299945951023546, -0.01283721802959024, 0.007962992944928325, -0.06154608048634799, 0.08066347298775692, -0.038970330869117775, -1.027340806208304e-06, -1.238800531302014e-06, -3.0234921387032953e-06, 3.45490408664174e-06, -1.3915883785249518e-06, 4.192644543906248e-07, -2.382067954239469e-06, 8.217367498453067e-06, 1.617732882450308e-06, -1.395722174980311e-06, 2.0403772815338896e-06, 2.71774949582685e-06, 2.419269950796444e-06, -4.455700311290103e-06, 6.421253356902636e-07, 0.0011217949282058591, 0.00047948492344150183, 0.00011305513654176504, 0.000750906743683007, 0.0006413726415268128, 0.001117933265435865, 0.06961379468711647, -0.07485572165561805, 0.04368794812482159, -0.011205601951446213, 0.0031011235110945737, -0.00790434858479631, -0.010999967342653802, 0.002826452900569993, -0.005960306025200357]]}, "dipole": {"__ndarray__": [[3], "float64", [-0.0005304425012477152, 0.008532919864548124, 0.005717752139224145]]}}