{"forces": {"__ndarray__": [[14, 3], "float64", [-0.0014442070609780998, -0.00015475353790830935, -0.0002652120179885583, -0.010560112368332897, -0.011628838250984845, -0.006993608814263879, -0.10560014692232696, -0.04317513333887631, -0.021014210939875225, 0.5035181795938956, -0.03543574738609559, -0.014082015268308172, -0.00038369712487751106, 0.00013140708188715122, -3.5757332130575047e-05, -3.0399921120972956e-06, 8.979820123690385e-08, -5.1724585705899655e-06, -1.1137996779919211e-06, 1.0280228617051037e-05, -2.851406161920666e-06, -0.00014943094689957647, 0.00020508752266660125, -0.00022466873419494832, 2.1300109427952088e-05, -0.00011880561460084682, -0.00013675230052037925, -0.003214363729498316, -0.005993239789311016, -0.00031935570948681956, 0.013129300116487753, 0.007346312821012982, 0.001357536987351222, -0.20369953761100662, 0.06036866027307843, -0.09958218237231319, -0.11770955712923044, 0.07788229323014029, 0.08255581058086799, -0.07390357313487042, -0.049437613037826206, 0.058748439785594936]]}, "dipole": {"__ndarray__": [[3], "float64", [-0.0007640714528351647, 0.008432626795199436, 0.005634866774372262]]}}