{"forces": {"__ndarray__": [[14, 3], "float64", [3.6900197322247943e-06, -6.014123509600944e-06, -5.708676043769371e-06, -0.0001065171420938174, -9.82167294925814e-05, -0.00025265301947580675, -0.005149038614657713, -0.007965271147785868, 0.010940658437027571, -0.04999713382587448, -0.12721707644725672, 0.10865661426247851, 3.990464000600817e-06, 3.285512242757079e-06, -1.9156060163080254e-06, 3.5994545375841975e-06, -3.559930257731611e-06, 1.814368731264922e-06, -4.7704720261136806e-06, 8.026612155534023e-06, 6.519916615428522e-07, -0.00012393805620527324, 1.0506908619083257e-05, -8.816979291951568e-05, 3.309438654191565e-06, -6.402223408575896e-06, 1.1127834896382259e-06, -0.0004005269659493686, -6.717576259224186e-05, 0.00015405082464472548, -0.0005164856819065509, -0.0020486181001454565, -7.275998258867175e-05, -0.0012761576171368262, -0.002855253108645355, 0.005169236741172941, 0.0035409334342378523, 0.01412139012106998, -0.010821267054318101, 0.054019045564687874, 0.1261243784190073, -0.1136816652778436]]}, "dipole": {"__ndarray__": [[3], "float64", [-0.00037514926702612823, 0.008434140899153158, 0.0055408116042260985]]}}