{"forces": {"__ndarray__": [[14, 3], "float64", [0.00011863649634581259, 0.00028157709151087617, 9.67582364953823e-05, -0.0019658162793846946, 0.012165846647282244, -0.0017861184130447388, -0.03852629669856011, -0.1326244821269918, -0.022165488354386313, -0.03519281359663179, 0.48406877242085133, -0.019578591690312022, 0.00016572644348412406, -5.163136105502491e-05, 3.830395568743839e-06, 7.190544057089992e-06, 2.8006372536524245e-07, -5.490272467139661e-06, 5.867258696135736e-07, 3.261324196633439e-06, 3.364830135454944e-06, 1.541484863870718e-05, 3.9181739374113505e-05, -4.6621646217687156e-05, -6.408861243723447e-05, -4.8434159347973304e-05, 9.103320784487871e-06, -0.007244146517427885, -0.008704215039878062, -0.00183373141308432, -0.006625042355046398, -0.0103661400954069, -0.006103808614553383, 0.06866171620781149, -0.08101052990042604, 0.043645358862035626, 0.0698623278118478, -0.137697024747304, -0.09237754267502052, -0.04921339501856639, -0.12605646185653058, 0.10013897743406762]]}, "dipole": {"__ndarray__": [[3], "float64", [-0.0007438747092080679, 0.008387749864695367, 0.0056356835067749205]]}}