{"forces": {"__ndarray__": [[14, 3], "float64", [-0.029516634812604636, 0.02413051397943064, -0.5091109145123819, -0.030200504329290882, 0.026381352246174807, 0.1029684537781857, 0.0035230247995762035, -0.005442429041061299, -0.01355185399001872, 0.00026172731578865104, -9.730880370416942e-05, -4.145990001539518e-05, 0.031806734492635234, 0.07713858771615732, 0.07865147252396977, -0.0698575053513644, -0.10267932587273722, 0.20220402252473635, 0.10977029220903718, -0.03441607893148351, 0.12708288848391489, -0.011155475078722535, 0.00904519203353566, 0.007809492584895621, -0.005015556811393811, 0.006051215691134975, 0.0039937682763032415, 0.00014687009098887784, -0.00020411089093115906, -3.74477635259773e-05, 5.33794208951804e-05, 5.197754328858444e-05, -3.5889700079493246e-05, 1.1476523825918163e-06, 2.537948423754904e-07, 1.1810724234494408e-05, 0.00018224358287232537, 3.620546369672015e-05, 6.257084257900036e-05, 2.5681919970452177e-07, 3.955071657699261e-06, -6.9138727968835375e-06]]}, "dipole": {"__ndarray__": [[3], "float64", [-0.0007013454419216523, 0.008399363573907628, 0.00567973651006374]]}}