{"forces": {"__ndarray__": [[14, 3], "float64", [-0.035542337460203195, -0.07886756540509289, -0.0781726776144781, -0.0040826004676390104, -0.008764994016767247, -0.0032575882341044516, 0.00028484104102379556, 0.00024596101260175417, -6.419100553900022e-05, -2.955899546090664e-05, 8.251477052004383e-06, 2.501915294544883e-05, 0.036860541030145556, 0.08392261529379698, 0.07358679790708907, 0.007189971791866298, 0.015992375430118666, 0.012618221811726274, -0.0047198836354983495, -0.011094888558972513, -0.0032550103488637626, 0.0004927333682744864, -0.0010716024208965807, -0.0016384051086154963, 0.00011414372220911972, -0.00048697804454143456, 0.0002019259498359941, -5.681994859993045e-06, 1.0043492119953207e-05, -1.9711650399861688e-08, -5.906261570777014e-06, -8.940327718267025e-07, -6.8411169246877006e-06, 2.7411137773826617e-06, 4.830479642389978e-07, 6.8437756308546515e-06, -0.0005763008514230481, 0.00010468490940048557, -3.4541308829779675e-05, 1.7297599359501744e-05, 2.5078159884580508e-06, -9.53414822198896e-06]]}, "dipole": {"__ndarray__": [[3], "float64", [-0.000678682194922568, 0.008574736702314912, 0.005572835638683714]]}}