{"forces": {"__ndarray__": [[14, 3], "float64", [0.005332745823793419, 0.002820868281912687, -0.007804701445392066, 0.06126086339968304, 0.10380279312070674, -0.1886814453837211, -3.1021804220144675e-05, 0.006481533920480065, -0.008318106041647736, -0.0002128226968502836, -4.832341177032786e-05, -0.0005747473081364693, 0.0006793078921536975, -0.0007981512181229142, -0.001607572618547267, 0.0003986820228500533, 0.00013984526637751343, -0.000116300860855776, 0.0008216784211308079, -0.0004081011033521525, -8.643500707990271e-05, -0.06486121650522325, -0.10909577063622637, 0.1967982142676684, -0.0022514971159410474, -0.0037395579234672863, 0.010743478850538144, -7.494155403736632e-05, 0.000405585793577924, -0.00013846012053996681, -0.0008039765600845808, 0.0005414748012051835, -7.940061419193007e-05, 2.0747168599196033e-07, 7.253613396868396e-07, 5.263262875561883e-06, -1.2291586664576266e-05, -1.388282507699534e-05, -3.6928933643843175e-05, -0.00024571720827656527, -8.903942758471437e-05, -0.00010285804732618512]]}, "dipole": {"__ndarray__": [[3], "float64", [-0.0006416861049755699, 0.008289701701261138, 0.0058686315296227025]]}}