{"forces": {"__ndarray__": [[14, 3], "float64", [-3.7385986142467847e-06, -4.72623702388214e-06, -7.360459768214229e-06, -0.0003152370720025584, -1.7703176467825365e-05, 0.00023855966099722433, -0.004473209099670641, -0.00043139535634526054, -0.0023761757329540255, -0.10263131009472765, 0.04353165934649755, -0.10756996673411104, -1.1438821802737296e-06, -7.095056841500783e-07, -3.804422378391347e-06, 3.0473564123072664e-06, -2.869139767343896e-06, 1.218332983458312e-06, -3.9883966249264595e-06, 8.731511601099424e-06, 5.806458318544958e-07, -1.8887430185738447e-07, 1.9154194259857756e-06, 5.279193662326022e-07, 4.533038509235105e-06, -5.9886464303780365e-06, 8.354266021948731e-07, 0.00014678253976863463, -0.0003356121604042976, 0.00024659370762638086, -0.0009475669968045338, -0.0009647091814528174, -0.0012975466810524468, 0.11060846368294332, -0.04392581181966752, 0.10495542337047768, 0.012217285312214313, -0.0031167101188078073, 0.012949950559979962, -0.014603728914921989, 0.005263929064527493, -0.007138835593601825]]}, "dipole": {"__ndarray__": [[3], "float64", [-0.0003418474289863646, 0.008376968188159611, 0.005662331842732594]]}}