{"forces": {"__ndarray__": [[14, 3], "float64", [-0.09300469782032794, -0.08209678132640556, -0.03173913771538204, 0.012918040314359188, 0.012447459596037267, 0.003150082878714575, -1.543044747103539e-05, 0.00026155500778196877, 1.4264615627661607e-05, -0.00036295528230818533, 0.00016638923093520975, -1.106495684378184e-05, 0.08946887331160584, 0.09159760174345202, 0.037038661686179315, -0.0019517381982249679, -0.006281526386532139, -0.002359550721658118, -0.005578924295872943, -0.016688604720279738, -0.006296358859224785, -0.00015413091870423147, 0.0003742846585026385, 0.0006918692284366036, 6.767801491175783e-05, -6.914491834497511e-05, 8.05474734894305e-05, -1.108453810564513e-05, 2.1887215108539433e-05, -2.608477779789481e-06, -4.578437549762704e-06, -3.3466864781041875e-06, -6.760263778865882e-06, 5.064531760612709e-06, -9.305305982119993e-07, 8.903142186260534e-06, -0.0013241249943462693, 0.0002636341289136029, -0.0005766365497348714, -5.19912397262121e-05, 7.522987907693222e-06, 7.788519769069631e-06]]}, "dipole": {"__ndarray__": [[3], "float64", [-0.0007616131442279832, 0.008501800795670688, 0.005723451757473431]]}}