{"forces": {"__ndarray__": [[14, 3], "float64", [0.49823522972341117, 0.023992846996763444, 0.03565036381572706, -0.11510953918355127, 0.03631111594851746, 0.03383576167638573, -0.012551709659108333, 0.009354045436808183, 0.006299694742929825, -0.0013731514068538724, 0.00011875152532525034, -0.00010099821411857217, -0.09330214021197356, -0.0870712497106423, -0.03575976423931553, -0.07588058183611868, -0.038789100838288744, 0.06631268588981697, -0.2077920452917006, 0.05574234674354961, -0.10717116424983389, -0.0037976744440146475, 0.0014785821435356302, 0.005361326517418086, 0.01210822269755422, -0.0013930798566947208, -0.004069406905648868, -0.00016463573034836604, 0.0001572824976771462, -0.0002674264903586626, -3.3431301001351664e-05, 0.00014487845706903695, 5.715398790495721e-05, 2.067599285234217e-06, 4.828486194724804e-06, 3.4847264066569754e-06, -0.0003331340306245184, -5.5780447337789185e-05, -0.00014320963065861755, -7.4769249558367164e-06, 4.532617523036086e-06, -8.501626655059236e-06]]}, "dipole": {"__ndarray__": [[3], "float64", [-0.000776283679556711, 0.008402426123346816, 0.005602915169721369]]}}