{"forces": {"__ndarray__": [[14, 3], "float64", [0.004168365836715517, 0.009561384766671895, 0.004006452734287649, 0.04627216771644775, 0.08130139854619495, 0.08629913338303198, 0.005681884206834145, 0.008201804123124707, 0.0037837260964806475, 0.000139383171294567, -6.815017511843954e-06, -0.00019584368142954163, -8.321789665721008e-05, 0.0003203987623471729, -0.00020647548158540628, -0.0004223426743307086, 0.0009721877910491747, 0.0015425450808893679, -0.0005208100822062968, 0.00030273268645535496, -5.175002065865869e-05, -0.008465004014052856, -0.01482876366813164, -0.011186591899581882, -0.04852648655795893, -0.08570601657595485, -0.08553190778501232, 0.0010823598991591427, 0.0001064304624579656, 0.0016187049221819075, 0.0006743354100626988, -0.0002238430776074193, -8.553210363598859e-05, 2.1867469939564496e-06, -5.047086257174572e-07, 8.409567327203721e-06, -1.0496442716282336e-06, -2.260230020197581e-06, 3.6382721260611285e-06, -1.7721180301473398e-06, 1.8661395505059539e-06, -4.509084421059325e-06]]}, "dipole": {"__ndarray__": [[3], "float64", [-0.0007424707979296152, 0.00822487783969151, 0.005660137997052641]]}}