{"forces": {"__ndarray__": [[14, 3], "float64", [-0.001301046174098751, -0.008278005109583056, -0.006026484687901859, -0.08087828467997177, -0.19906509081507304, -0.07344879242416734, 0.00021231570320195904, 0.01122904368859178, 0.0010920445186031618, -0.00010535020844679093, -4.357865644314391e-05, -0.00012843987783385595, -6.761689711548587e-05, -0.00017130674484117943, -0.0004727398912971321, 0.0006068382647052018, -6.691357050473468e-05, -0.0007240077862583277, 0.0011190150796207025, -0.0016577813196546763, -0.0004989702555425407, -0.00681212485389307, -0.01011708550870202, -0.0037308078234953523, 0.0868243393531851, 0.20753423698491347, 0.08363430222768942, 9.553255065148893e-05, 0.00032005367120743034, 0.00017316698447077827, 0.0003051683551155958, 0.00031971892085892647, 0.00012382592410586742, -1.6601789547501537e-06, 1.3180275887401446e-06, 5.278526618360585e-06, 3.7619489810171004e-06, -3.2334589419189216e-06, 4.072656941517059e-06, -8.882629797197657e-07, -1.376109416609048e-06, -2.448091933764076e-06]]}, "dipole": {"__ndarray__": [[3], "float64", [-0.0004842669921720798, 0.008486191753562394, 0.005857999903968332]]}}