{"forces": {"__ndarray__": [[14, 3], "float64", [6.644094534454435e-05, -0.00016677153364590057, 2.814367592131175e-05, -0.004510222777702402, 0.007715558514622661, 0.011910783665400854, 0.06823617916095714, -0.08018729657970328, -0.12183575074867443, 0.0013379965385941631, -0.0058979185283958395, -0.0029158991549289525, -4.166140395085251e-06, -1.5943650592943928e-06, -4.852667576137615e-06, 3.0925647089524883e-06, -1.022129051447989e-06, -2.635137720061849e-06, 1.1240661317502266e-06, 6.547397089329106e-06, 2.594808110625312e-06, -0.0006150186408987118, 0.0008308775155081042, -6.547970277612007e-05, -0.000764823826556111, 0.00012656946070845745, 8.389518051765293e-05, 0.011123259083420236, -0.011210835439333194, -0.009805052359731795, -0.07390191305690957, 0.09045768351164091, 0.12342055729845194, -0.0006798441074333869, -0.0011192149007183323, -0.0012670879262521115, 0.00013383176484171847, -0.0004830805113614916, 0.0001716408272134707, -0.000425935574103088, -6.950241230039555e-05, 0.000279142242044298]]}, "dipole": {"__ndarray__": [[3], "float64", [-0.0007280626751778578, 0.008545471008484224, 0.005609150721494612]]}}