{"forces": {"__ndarray__": [[14, 3], "float64", [0.00014851812602375436, 5.110596062163841e-05, 5.704231213128211e-05, 1.8213244243647815e-05, 0.00015159348400232397, 0.0004509377089480178, 2.532362616472307e-05, 0.004181636958387186, 0.002501375818916899, -0.08034548244198984, 0.09224821049007537, 0.13953717154307205, 0.0005866566914458515, -0.00013444627682154627, 3.402333199511e-05, 1.4904416888728062e-05, 2.901646406585745e-06, -5.3588221947004125e-06, 3.586983013955005e-08, 6.740345774431377e-06, 3.340601943470979e-06, 1.2216923395393865e-05, 1.0906199784740924e-05, 4.24210210811636e-05, 2.9894430541920086e-06, -5.162999782220619e-06, 2.6680315980618637e-06, 0.0003708680862890207, 0.00012079182324742866, -0.0002767228773144916, -0.00010473995970707522, 0.00032101907280481813, -0.00017111636846950864, 0.004265903720691047, -0.007728266462280234, -0.012572928156011477, 0.08343478080296814, -0.0997833568317853, -0.13876755492699816, -0.008430188549297953, 0.01055632658956481, 0.009164700781301657]]}, "dipole": {"__ndarray__": [[3], "float64", [-0.0006871551509114722, 0.00821461445571372, 0.0056138548495976775]]}}