{"forces": {"__ndarray__": [[14, 3], "float64", [3.124873671539246e-05, -0.0003332967579080343, 5.639739436597378e-05, 0.009290638645017503, -0.010385761242790288, -0.007472009453358681, 0.12844727745728954, -0.07907727655262385, -0.07039947281521321, -0.012826276519812071, 0.006493628432720495, 0.007203220461781405, -4.120338984129172e-06, -9.71618612374977e-07, -3.409497524898815e-06, 4.148368697857618e-06, -4.3215939410910377e-07, -2.005372684285127e-06, -1.120853655598919e-06, 8.478048896375102e-06, 3.853702225808932e-06, 0.000542353893113605, -0.0007791787098273405, 0.0007985732222596207, 0.0028083774925048914, -0.0003156530909337769, 0.0006743441035011019, 0.003213002664904775, -0.0040964365403424, -0.0056434847439165055, -0.13160807849794473, 0.08718812327792069, 0.0738857433762741, 0.00020207130574356185, 0.000766614176488215, 0.0009424440811027214, -5.6986591665777854e-05, 3.033382399392551e-05, -9.691658301289228e-05, -4.253576192487186e-05, 0.0005018289124132599, 5.272212420071666e-05]]}, "dipole": {"__ndarray__": [[3], "float64", [-0.0006285560948381752, 0.008558137768497098, 0.005744692051543288]]}}