{"forces": {"__ndarray__": [[14, 3], "float64", [3.7929400584619506e-06, -1.0495318509643862e-06, 1.9314909051437042e-06, 0.0003102571384904848, 1.1742313139089364e-05, -0.00023441045271572193, 0.0043166750721815045, 0.0005108556638018525, 0.0023482999267163914, 0.10092452459239802, -0.04328684880054368, 0.10763654998738527, -4.61568702148056e-06, -3.6157287583122925e-06, -3.164951337821309e-06, 4.7034915470155345e-06, -4.0464257775110454e-07, -2.145268503444191e-06, 1.3414569744259523e-06, 6.5432328883422845e-06, 3.877478615826068e-06, -3.2904657188897908e-06, -7.421422850984322e-07, 4.3783887917137845e-06, 3.6526211735195323e-06, -2.1951692598581356e-06, 3.326147905270119e-06, -0.0001395524060327447, 0.0003391661559867356, -0.00024464808442823603, 0.000917580730883171, 0.0009404224159301284, 0.0012689125995557931, -0.10849998093207691, 0.04314217819257131, -0.10510450125447393, -0.011985104826671752, 0.003242709171674823, -0.01259842108633856, 0.01415001627381458, -0.004898761130716712, 0.006920015077922386]]}, "dipole": {"__ndarray__": [[3], "float64", [-0.000911752661083838, 0.00841440612207435, 0.0056680143002733885]]}}