{"forces": {"__ndarray__": [[14, 3], "float64", [-0.00027977605701494704, -3.276971567308684e-05, 3.594710638754962e-05, 0.00024264514760765493, 0.006602920482348829, -0.00845968074301564, 0.058091742104272426, 0.09982972031207815, -0.1979521453341854, -0.0002998840392271352, -0.0018442589785383143, 0.012468452167666825, -5.200401585649931e-06, 4.7466691062758305e-06, -3.1920387423995453e-06, -6.022674740561937e-06, 1.0763979648902607e-07, 5.2820132665313094e-05, -3.0088902178854185e-06, 8.719904337880221e-06, 2.4847135215868086e-07, -7.814354043760137e-05, 0.00042059920444812804, -0.00013809970717334222, -0.00098905268710313, 0.000176093442288359, -0.001616697114246362, -0.06234082967369836, -0.11105133628459225, 0.2052226610844697, 0.005832626062620602, 0.006180266567827787, -0.010109385569465697, -0.00014293730189030682, -0.00011574957877919163, 0.0002512347033407433, -8.253120652246662e-05, -0.0003326921864414722, 0.0002804539526399407, 6.0373157936711235e-05, 0.00015363252179257064, -3.261711169273403e-05]]}, "dipole": {"__ndarray__": [[3], "float64", [-0.0006386074172558163, 0.008181439942353623, 0.005709544672052653]]}}