{"forces": {"__ndarray__": [[14, 3], "float64", [-0.00015057764084885756, -5.763887082489367e-05, -6.234454305663231e-05, -1.5408221578826683e-05, -0.00016212905396880092, -0.00046498886918804077, 7.583652173327382e-05, -0.004282725930108335, -0.002547849736586686, 0.08214243687584291, -0.09493406797468532, -0.14062838732962016, -0.0005949386160950108, 0.00013073006936558737, -3.6181421822114833e-05, -6.975197963784268e-06, -6.090141396600172e-06, 4.477418722140146e-06, -2.7177347861858674e-06, 8.533712358960154e-06, 1.1083143807841635e-06, -1.6253976109339948e-05, -1.0166416255167642e-05, -3.8830621334878445e-05, 5.1872822691069415e-06, -3.0172006791230787e-06, 1.4754665120035054e-06, -0.00038491377439469195, -0.0001018055479495436, 0.00028135446110587943, 9.563337702657267e-05, -0.0003342277244448377, 0.00016786885522690064, -0.004253638883945798, 0.008008531747173656, 0.012976534968366635, -0.08578957966701709, 0.1026403514625847, 0.13984968099691117, 0.008895909655868232, -0.010896278131170067, -0.009503917959615952]]}, "dipole": {"__ndarray__": [[3], "float64", [-0.0005647178419573578, 0.008576760009926831, 0.005717107106195119]]}}