{"forces": {"__ndarray__": [[14, 3], "float64", [-0.05498407379575433, 0.06273975693049061, -0.034938143156086315, -0.007572942017531296, 0.0019670267330581014, -0.00616885441603578, -0.00025054789371644216, -0.00026524833827496034, 7.909414193645528e-05, 2.4367918837179954e-07, 4.904362108532914e-06, 3.4885097513210976e-07, 0.016496273888021887, -0.010516461296891164, 0.011001167812535718, -0.010268470344179742, 0.001822754520574145, -0.005804584160197324, 0.05803903797196482, -0.05736851448482839, 0.03511551930781185, -0.0001479709450359267, -5.317552419040276e-05, 0.0004207955514278441, -0.0013041930247195586, 0.001662308451984703, 0.0002952599024921899, -1.360773390198428e-06, 5.846032003584634e-06, -1.3176705223037163e-06, -5.000776189454047e-06, 6.978716527334712e-07, -4.363944556415976e-06, -4.3318661895705225e-07, 1.5361844843432868e-06, 6.060083588836737e-06, 1.9005819225670512e-06, -1.9408420885336963e-06, 2.1202458296701786e-06, -2.4633639613008454e-06, 5.093999161620112e-07, -3.1025491988731117e-06]]}, "dipole": {"__ndarray__": [[3], "float64", [-0.0004385333748371756, 0.008481179276747767, 0.005723070399685835]]}}