{"forces": {"__ndarray__": [[14, 3], "float64", [-0.006375030187762546, 0.00014613981090987342, -0.013553976437894761, 0.03641149664114663, -0.010218163116434552, 0.09963253787244283, 0.05115450456217286, 0.008052683399551916, -0.49210618474817514, 0.021234923671833463, 0.021819010797907705, 0.08246303761406439, -1.8429433174281993e-05, -8.887468380712973e-06, 5.8587457499468634e-05, -0.00022282080875267582, 1.665313397037515e-05, -4.678961977428782e-05, 4.0489739996780654e-05, 8.743782124618126e-05, -2.312799554361974e-05, 0.013375873021585962, -0.0052623158455568425, 0.008328409352817829, 0.007438549117609281, -0.0011214093264664778, 0.003769901492287588, -0.05678680362967823, -0.10520011886845075, 0.19827609490008433, -0.07053704465721108, 0.08554366441036493, 0.12162743358911707, 0.0046160847502894385, 0.008080757359613566, 0.0023448238772253746, 0.008462777568594452, 0.008752907883023027, 0.0025179627149164315, -0.008794570356649746, -0.010688359991299272, -0.013288710069068366]]}, "dipole": {"__ndarray__": [[3], "float64", [-0.0006892576864753601, 0.008360914835355312, 0.0056660374338252315]]}}