{"forces": {"__ndarray__": [[14, 3], "float64", [-0.0001148493911960352, -0.00028560142153690506, -9.959092795435705e-05, 0.001980517664159285, -0.011880405199522865, 0.0017703083181694714, 0.03727856322797411, 0.12970096685297608, 0.02154753624398723, 0.03842868831775712, -0.48431058240041, 0.020704825046675923, -0.00017294000396715073, 4.690874816900871e-05, -1.086065984060565e-05, 5.076281664780221e-07, -3.5629140555005157e-06, 4.6448231593674e-06, -3.1587149892559814e-06, 1.2003904238272799e-05, 1.1403375124880085e-06, -1.7098603118174612e-05, -3.734197097843629e-05, 5.2060593882335344e-05, 7.13952954501563e-05, 3.957514642345285e-05, -5.502273045482643e-06, 0.0069577332903733285, 0.008491522665849054, 0.0017480930932032548, 0.006371928498719824, 0.010072893398826003, 0.005843784430941081, -0.06813325371807163, 0.08082957207070224, -0.04318004885053277, -0.07255679285333311, 0.1397112377630067, 0.09480908673910783, 0.04990875936207426, 0.12761281335631305, -0.10318547691526607]]}, "dipole": {"__ndarray__": [[3], "float64", [-0.000511196333909579, 0.008401462186722513, 0.005696507056607656]]}}