{"forces": {"__ndarray__": [[14, 3], "float64", [-6.384987423099245e-06, -8.084198775459897e-06, -4.663524708538892e-06, -0.0006113527814327921, -0.00021469995541853915, 0.00020371037867499423, -0.0031423933540218655, -0.006578769471032222, 0.00890678291845593, -0.07403840984873641, -0.04949020811172292, 0.06262852725110762, -5.503293323923619e-05, 1.3907760188637629e-05, 1.593498382756365e-05, 5.641059289614765e-06, -1.2030724219580997e-06, -1.1660897890117263e-07, -1.0135868980699203e-06, 8.308941269701563e-06, 1.6389576175713326e-06, -0.0003168915689003878, -0.00011746397706848848, -0.0002476348646770545, 3.628881296873526e-06, -3.195409904927837e-06, 2.0809301886199863e-06, 0.00022140901016829624, -0.0003986747626734373, 6.269088252197946e-05, 3.321079096205885e-05, -0.0004027833147639952, -0.0004374152475667625, 0.01235672948417857, 0.0108868604381192, -0.014353359404876935, -0.002613424727182289, -0.00716359705422994, 0.00881585647405086, 0.06816428456193815, 0.053469602188434676, -0.06559403312563607]]}, "dipole": {"__ndarray__": [[3], "float64", [-0.0006037911541861491, 0.008518956696176833, 0.005596696978569518]]}}