{"forces": {"__ndarray__": [[14, 3], "float64", [-6.665566427242444e-05, 0.00016155180304828955, -3.372740026651807e-05, 0.004464425191110404, -0.00792431670227919, -0.012187729759623681, -0.06927493635491078, 0.08206601009472612, 0.12209254984900697, -0.0014414181003315283, 0.006048326326867126, 0.002935032466388931, -1.5858434153645771e-06, -2.7518386251696335e-06, -2.1103456773554446e-06, 4.659156343691169e-06, -2.2495371174037595e-06, 1.700250651144629e-06, -3.785255459930014e-06, 8.729375936916368e-06, 1.865916922989684e-06, 0.0006071295267271633, -0.0008251110514515804, 7.457846847754067e-05, 0.0007759419230468144, -0.00013530006837461075, -7.170292835201015e-05, -0.011651389404773178, 0.011482981724354104, 0.01012278246996227, 0.07559052893625097, -0.09257854812219375, -0.12377338328390976, 0.0006995984324620783, 0.0011445994916496542, 0.001299387167967734, -0.00013275843767060808, 0.0004917996633620374, -0.0001672593866888248, 0.00043024589489349107, 6.427884009659516e-05, -0.00029198348485984726]]}, "dipole": {"__ndarray__": [[3], "float64", [-0.0005247889136808718, 0.008247623728664121, 0.005727261362402652]]}}