{"forces": {"__ndarray__": [[14, 3], "float64", [0.1058101497816847, -0.030901273566438573, 0.12774061533194522, -0.008461783013589125, 0.0002994923613785261, -0.014127063958204926, 0.00015120354292446047, 3.424667532070488e-05, -2.6662540355163463e-05, 7.898130374411331e-06, -5.724115414240148e-07, 2.6176581756575957e-06, 0.006194407980381302, -0.0012396461649457294, 0.003277784418893675, 0.014853348395469026, -0.004288812860113942, 0.00822484505508135, -0.1171444845143047, 0.03542711403121654, -0.12513876568853952, -0.0010162301671784856, 0.00016204266427507523, 8.942244730575835e-05, -0.0003874866098341883, 0.0005042396055276013, -4.637522841676377e-05, -3.6276339953741747e-06, 4.405119099652577e-06, 1.7072784258517887e-06, -4.205323837019923e-06, -2.436825975196948e-06, -5.823223401208175e-06, 3.4708096937399284e-06, 3.2776831050804124e-07, 8.811520518891494e-06, -1.4721842456997472e-06, -1.5998485655574296e-06, 4.13465436768774e-06, -1.1891935431072326e-06, 2.4734524529638507e-06, -5.247725795890066e-06]]}, "dipole": {"__ndarray__": [[3], "float64", [-0.0008578335441040128, 0.008475337238589203, 0.005737286285744536]]}}