{"forces": {"__ndarray__": [[14, 3], "float64", [-0.009611444454799148, 0.002954382720848795, -0.005530188360906232, -0.026704934857223014, 0.08468581148655809, -0.01538309405425452, 0.013962636337210526, -0.47255329595249224, 0.004132175153880821, 0.043180454764533964, 0.1325464035094922, 0.02520065878036967, -0.00027054369782103624, 0.00040635923150330645, -0.0002465296253454159, 0.00015199208615855036, 8.200515221136683e-05, 0.00026245157340131186, -0.00021413975576044223, -0.00026069924619605034, 3.4666688347076424e-05, -0.0098825726033377, 0.002341171956853474, -0.006719077853359192, 0.012598490738067703, -0.011539104555853217, 0.008045539333616115, 0.04336873378125183, 0.11805386077555845, -0.09666709968148363, -0.07843366936182108, 0.13972019249809525, 0.08018517928989834, 2.7641151051891607e-06, -0.012862999272804149, 0.0004903441320742121, 0.0052872665432937924, 0.008475207836507572, 0.00433082599902973, 0.0065649663651406445, 0.007950703859718227, 0.0018641486247315206]]}, "dipole": {"__ndarray__": [[3], "float64", [-0.0007150449436560661, 0.008503561573774084, 0.005644635465615726]]}}