{"forces": {"__ndarray__": [[14, 3], "float64", [0.03871488227917922, 0.1209568771767186, -0.10154169600433538, -0.0009392931882913844, -0.012938608162359344, 0.009314148169474847, 2.607985938957759e-05, 8.60002504017969e-05, 1.6943090026167646e-05, 1.067590589732332e-06, -1.3668816480548627e-06, -3.6322252703986455e-07, 0.006391578770280653, 0.008699769441588763, -0.016222687991252597, -0.044224041665633596, -0.11866314982999596, 0.11178594612679275, 0.0006538017631085697, 0.0017870721564920184, -0.004171853855406155, -9.468004828927162e-05, -9.057281646962148e-05, -0.00014174901151734834, -0.0003110289960334611, 5.894662404731878e-05, 0.0009592168154626736, -0.00023464284652570592, 9.38336323804717e-05, -2.56263627434566e-06, -4.639464412142046e-06, -4.501418520873306e-07, -6.081662374161311e-06, 3.881793074509043e-06, 1.1839302653857411e-06, 8.396359567423457e-06, 1.9248870771052177e-05, 7.645819739339644e-06, 7.505476622529618e-06, -2.214717206911638e-06, 2.8188006915310605e-06, -5.161654258788673e-06]]}, "dipole": {"__ndarray__": [[3], "float64", [-0.0007633132817567559, 0.008497511345248395, 0.005803547276257348]]}}