{"forces": {"__ndarray__": [[14, 3], "float64", [4.3708881127696235e-06, -4.375595863410306e-06, -5.379661479131083e-06, -1.184661919220122e-05, 3.138458897953884e-05, -4.549565660470383e-05, 0.00017638778222485994, 0.001858168533480888, -0.013403040401394083, -0.0599319803771328, -0.10362902447677955, 0.1969521470515224, -1.5095012361957168e-05, 4.78233240159261e-06, 1.8319122546644395e-06, 3.892546704389066e-06, -2.57706216393119e-06, 2.7458726292053017e-06, -5.699634525520532e-06, 8.76073877587272e-06, 1.1948450674800359e-06, 0.0002233990986033884, 7.570994529673633e-05, 0.00010114727919967915, 2.599791786355544e-06, -5.889737725582909e-06, 1.7863713565362322e-06, -6.331475212620047e-05, -0.0001504480449001368, 2.8132510503505633e-05, 5.220509311153157e-05, 0.0002622085893411467, -0.0002897477962858699, -0.0024608081009770935, -0.005952684509852065, 0.007132710416609689, -0.00480985119650929, -0.007095311049588147, 0.009491585908567954, 0.06683574049228153, 0.11459929574859727, -0.19996961865194565]]}, "dipole": {"__ndarray__": [[3], "float64", [-0.0004002701646140613, 0.008591395908436652, 0.005680561283830115]]}}