{"forces": {"__ndarray__": [[14, 3], "float64", [0.00027458355969811474, 1.9573267017616792e-05, -3.8062792081133026e-05, -0.000143118888051231, -0.006324130540923091, 0.00823376132856614, -0.05608890523082079, -0.09611782221743013, 0.19396010173850334, 0.00028260862947472647, 0.001734456822627657, -0.01203299337389805, -4.593291046782663e-07, -9.265759089031328e-06, -3.726701416364871e-06, 1.5663253689127243e-05, -4.426150922043006e-06, -5.370164553976952e-05, 3.2267439263952334e-07, 6.574054178918717e-06, 4.180210076631452e-06, 7.143042193661847e-05, -0.0004046830946986578, 0.00014065388416549347, 0.0009723859378807336, -0.00017906502036529637, 0.0015819646266448087, 0.06005321909612216, 0.10689114505057606, -0.20111842386091866, -0.005594640165361953, -0.005893468829546928, 0.009818862298421856, 0.00013790988578909775, 0.0001124510782173855, -0.00023998940363281578, 8.312280887326365e-05, 0.0003193282247823319, -0.00027761698208496896, -6.412265451835929e-05, -0.00015066688442559665, 2.4990673194524075e-05]]}, "dipole": {"__ndarray__": [[3], "float64", [-0.0006135063425249177, 0.0086090905870278, 0.005622892056165836]]}}