{"forces": {"__ndarray__": [[14, 3], "float64", [0.00033439828280021686, 8.273351054256796e-05, 0.00017349890770354493, -4.43036049620907e-05, 9.272376451352603e-05, 0.0002124909874293232, -0.013763929139169939, 0.005116835954239696, 0.008470640051600215, 0.11749627636269286, -0.07166985655786728, -0.07793680866029055, 0.001322593429314813, -0.0002832261239571928, 0.0005640730359778393, 4.90022350016584e-05, 1.5849089296114526e-05, 5.375024143883983e-06, -5.355512329319218e-06, 8.197816496043087e-06, -5.950953778212685e-07, 3.8549501885118795e-06, 4.898551063650363e-06, 1.6362534366617497e-05, 3.375030869810402e-06, -6.557695380445144e-06, -3.1423944404712805e-07, -7.454657124507543e-06, 0.0005706474079075289, 8.276292996108387e-05, -6.493093513567882e-05, 5.228870642258926e-06, -0.0001388785639646284, 0.007870470209724265, -0.011279001861269369, -0.012237448642463735, -0.1158345653617648, 0.08098725679308375, 0.08554090230693272, 0.0026405687098952, -0.00364572951931047, -0.004752060576572741]]}, "dipole": {"__ndarray__": [[3], "float64", [-0.0004939936538292171, 0.00851970994714614, 0.005781842957444381]]}}