{"forces": {"__ndarray__": [[14, 3], "float64", [-3.121172765683693e-05, 0.000335462821422001, -6.324676066846101e-05, -0.009605359972463909, 0.010893172110963072, 0.007689396112379312, -0.1291824347629285, 0.08059165898781442, 0.0719584395459278, 0.013170091474275251, -0.006496854410440881, -0.0073685298301656085, -1.6439001976157578e-06, -3.353794577319816e-06, -3.553371868020356e-06, 3.4903729618542816e-06, -2.810110895182877e-06, 1.1424270014983057e-06, -1.526927594729094e-06, 6.7782289759850124e-06, 5.923366441064065e-07, -0.0005478061562727277, 0.000790263753907456, -0.0008096246846644358, -0.002876055753575368, 0.0003177133331201676, -0.0006949869742705271, -0.003210541347604754, 0.0042623295048085695, 0.005779807686272487, 0.13239457103634716, -0.08939590305605559, -0.07560880659907289, -0.00020428205591779464, -0.0007585733158021918, -0.0009226063507131227, 6.0514609454468355e-05, -3.673491672225325e-05, 0.00010345908912912147, 3.2195111172437425e-05, -0.0005031491365190282, -6.148262593026125e-05]]}, "dipole": {"__ndarray__": [[3], "float64", [-0.0006254248621961065, 0.008234052090510278, 0.005589777794979727]]}}