{"forces": {"__ndarray__": [[14, 3], "float64", [4.0088117774687145e-06, -5.619382204260984e-06, -1.9787664328603638e-06, 3.701597517814407e-05, 1.7748266795522845e-05, 4.7311276146089775e-05, -0.01241749229077396, 0.012570533962072762, -0.008020297831647852, 0.0618387971948274, -0.08118233794675972, 0.039097938914770994, -4.754830895407846e-06, -3.104658809760242e-06, -3.945708777966627e-06, 4.304027139901139e-06, -1.8677440406078599e-06, -1.3724001263434765e-06, -2.425827055735515e-07, 7.046458033022096e-06, 2.8558158147240516e-06, -2.0339115737145084e-06, -8.969381365029854e-07, 2.269934437009073e-06, 5.767749298618756e-06, -3.7105438177166266e-06, 3.5381692654308637e-06, -0.0011421807349185876, -0.0004700398584951898, -0.00011516031778446093, -0.0007743390616853304, -0.0006440420152195325, -0.0011457975219768045, -0.06911949911528546, 0.07572368423995084, -0.04336508977864021, 0.010811383281495415, -0.0031353574911540303, 0.007829974237018566, 0.010759265488121292, -0.0028720363482141035, 0.005669753977934183]]}, "dipole": {"__ndarray__": [[3], "float64", [-0.0007261737514299696, 0.00825983336863966, 0.005613505436112051]]}}