{"forces": {"__ndarray__": [[14, 3], "float64", [0.09352994759189616, 0.08145749565682345, 0.03190179349421544, -0.012670329411295344, -0.01241357156367159, -0.003320456907789439, 1.9751775583124635e-05, -0.0002655742017771353, -1.687028336997268e-05, 0.00038385576228070444, -0.00017238723872890508, 1.1755285295295475e-05, -0.09017201321428255, -0.09038655924980227, -0.03656448596994657, 0.0020039628376769996, 0.006095560119460717, 0.0022740285913980768, 0.005401272432911251, 0.016291505240992554, 0.005888171580917577, 0.00014426900309400662, -0.0003747219922299541, -0.0006899452250103571, -5.9416882199376466e-05, 6.164674692678586e-05, -7.593469655113876e-05, 6.000753751304823e-06, -1.3461633626574993e-05, 2.132331544061996e-06, -7.0551873808251865e-06, 2.5475772692574696e-06, -4.179718751537535e-06, -2.4965876115154844e-06, 2.796708165895855e-06, 5.431353472611354e-06, 0.0013719395012620316, -0.00027921899662078896, 0.0006053059747548803, 5.031162431388308e-05, -6.057173181820981e-06, -1.6745810178894126e-05]]}, "dipole": {"__ndarray__": [[3], "float64", [-0.0004894888676339286, 0.008286616576203014, 0.005609781791311585]]}}