{"forces": {"__ndarray__": [[14, 3], "float64", [5.7022107424117635e-06, 2.0877369637405006e-06, -5.46335946946374e-07, 0.0005944151253362332, 0.00019993199421721296, -0.00020271960090174288, 0.0031575511827928635, 0.0062846359764803916, -0.00867998138745774, 0.07438588106798728, 0.04960606124427769, -0.06300664457042694, 4.727062720893514e-05, -1.780841508157046e-05, -2.2300702653734405e-05, 2.0780724902575937e-06, -2.062149637342569e-06, -8.240913510977411e-07, -1.5958090612321454e-06, 6.9554608060384266e-06, 2.8406182527025e-06, 0.0003048076635464738, 0.00011457413097215131, 0.00024466851840226255, 4.496711477067187e-06, -4.99893583107049e-06, 2.0866478561383273e-06, -0.00022290832380766968, 0.00039569923087637255, -6.18240906528557e-05, -4.152600821408816e-05, 0.00040358847646187833, 0.0004187376484647182, -0.011980401829059881, -0.01086996031255981, 0.014394386467491641, 0.0026772416881777673, 0.007041106006689792, -0.008505086565624168, -0.06893301237961655, -0.05315981044463558, 0.06541720744454901]]}, "dipole": {"__ndarray__": [[3], "float64", [-0.0006522730542398587, 0.008270170562160591, 0.005738591800291364]]}}