{"forces": {"__ndarray__": [[14, 3], "float64", [-0.0015824360668931971, -0.012053588160046832, 0.009036640470796801, 0.03783310579184116, 0.12279743476783928, -0.09916919769006814, -0.0005046676314262392, 0.0023585252752258, -0.00532827026289318, -0.0001910917650458915, -3.762699483713072e-05, 0.0002735510835957684, -0.0003794117939950589, 0.00012292690716029212, 0.0010577913009998184, -8.873871965311968e-05, -9.146100753068354e-05, -0.00014125509688388242, -0.0003433609733722948, -5.011137915510012e-05, 0.00016360429635032555, -0.041031481433791095, -0.12404753609572299, 0.10980682922934236, 0.0069693147398390805, 0.010088519993433591, -0.014560027929162047, -1.8592324389868778e-05, -0.0001943834160804643, -0.00040664501970129574, -0.0007821187588178929, 0.0011145304618160594, -0.0008238886149894063, -1.896777935666867e-07, 2.4092299006221323e-06, 5.836022564003085e-06, 5.640499404653716e-06, -5.913364610375223e-07, 1.3503074423668604e-05, 0.00011402811409390311, -9.048245540419854e-06, 7.152913562489619e-05]]}, "dipole": {"__ndarray__": [[3], "float64", [-0.0006448558004365011, 0.008475823767406377, 0.005823044479874855]]}}