{"forces": {"__ndarray__": [[14, 3], "float64", [0.00015514953683118754, -0.0005644254172393586, 0.00020306769570278615, 0.0007577576164062182, -0.0024219360899382664, 0.005571673267225424, -0.04671788213121063, -0.11839069475247944, 0.1019886835971519, -0.005743402129934116, -0.008467788205484784, 0.01121718214745843, 1.4433312431317531e-05, -4.115593250732095e-05, 2.0557653224889803e-06, 0.00025204864283261125, -9.108677254662377e-05, -1.0597186419366398e-05, -6.397164321366477e-07, 6.0997951087447834e-06, 2.1477998772984286e-06, 1.3666499010660146e-05, 0.00019921134960432444, 0.000404852823889822, 0.00037759853688602987, 0.0003087627728869772, -9.391538103030315e-05, 0.04864965900520182, 0.1207147173300478, -0.10778612682546618, 0.004193575060788638, 0.011448952473301658, -0.011215550399191908, -0.0010047565880015187, -0.00047357255353012615, -0.0003250545014599895, -0.0005549245214454161, -0.0021576425327651623, -0.0001062182601051736, -0.00039228312336492683, -6.944146445708368e-05, 0.00014779945704565536]]}, "dipole": {"__ndarray__": [[3], "float64", [-0.0006248719612900889, 0.008475414502814593, 0.005492571063676711]]}}