{"forces": {"__ndarray__": [[14, 3], "float64", [0.012105835912506923, 0.011992205120868696, 0.005138762329084501, -0.1039978973438129, -0.08236506166712741, -0.0424199620335081, -0.0073517440374488725, -0.012407955976793917, -0.0073322826317299555, 2.2081568369361732e-05, -6.643354239378773e-05, -0.0003327246435648267, 6.0565143005939e-05, -3.761086767981789e-05, 0.0001042944173672886, -0.00010280491013006056, 0.00031547820955161646, 0.000629436670133549, -0.0005000102365277543, 0.0013401253035219408, 0.00039598107752696385, -0.00227931111352131, -0.007079776230245188, -0.0022732332270462697, 0.10531116786739374, 0.08775793737733109, 0.04781822570194862, -0.0004586344988999978, 0.00037534805556868384, -0.0009744945290131674, -0.0028103105337330464, 0.0001744935271476101, -0.0007629768607033185, 1.206706960874904e-06, 2.614164015504743e-06, 7.5945895071490535e-06, 2.0263310027343657e-06, -1.5465738187646239e-06, 4.122728256438315e-06, -2.170855165682713e-06, 1.8310005500033485e-07, -2.743588258310973e-06]]}, "dipole": {"__ndarray__": [[3], "float64", [-0.0006676166084647257, 0.008507836693586722, 0.0057689175196674915]]}}