{"forces": {"__ndarray__": [[14, 3], "float64", [-0.012788421638381996, 0.007690192875624683, -0.003605733451744293, -0.1285556989551619, 0.01969671056180521, -0.04277121706810223, 0.44626246932260266, -0.01586353266259085, -0.048345848123044176, -0.1038444965544436, -0.037309418265627205, -0.020303297325247514, -1.7351082898415082e-05, 0.0001893431149740447, 0.0002840884258097052, -0.0006237964726367074, -2.9601053430014177e-05, 9.642216391884846e-05, -6.164557623011326e-05, 0.00026824370805229213, -0.0001539832779933658, 0.010510408203742933, 0.00048375078340803356, 3.1026778912140215e-05, -0.007549079988854486, 0.00026781930104854794, -0.005662033431185948, -0.07854274742587289, -0.047263408482912, 0.05719506204158477, -0.1281923952563401, 0.08243499417898285, 0.06757071235816442, -0.00695901249402038, -0.012171414562006596, -0.004258624513907963, 0.013499536839968894, 0.006518194093962765, 7.589724044910394e-05, -0.0031377689214734925, -0.004911873591291414, -0.00015247181761381682]]}, "dipole": {"__ndarray__": [[3], "float64", [-0.0005781965663695014, 0.008450963420854737, 0.0057543869299058956]]}}