{"forces": {"__ndarray__": [[14, 3], "float64", [0.012555031391045125, -0.007502269282672389, 0.0034099324466019642, 0.12553794477025568, -0.019122360827191542, 0.04157158320358518, -0.44579471249173575, 0.01574735368983278, 0.05183352531131349, 0.1056276267558347, 0.03849171663709622, 0.02006515681197615, 1.7554211485135287e-05, -0.00017602880093262155, -0.0002771900206282744, 0.0006038236949069854, 2.0442498205196856e-05, -8.097990403726308e-05, 4.582193100930547e-05, -0.00024138564669098185, 0.0001469861454622189, -0.010197237179045037, -0.0004722804962135127, 4.6811515553879876e-06, 0.007383079139338611, -0.00021126239825512233, 0.005460740574429515, 0.07819346283022661, 0.04682805029959969, -0.05693140160723974, 0.12943300081624298, -0.08436788401835169, -0.06996990272523271, 0.007174729390018428, 0.012552908065660773, 0.004532405484726572, -0.013742727777725797, -0.006605628109730825, 2.7645229539378167e-05, 0.0031626025181433074, 0.005058628389642953, 0.00020681789794835075]]}, "dipole": {"__ndarray__": [[3], "float64", [-0.0006747915851714398, 0.008342888786955022, 0.005578123659027469]]}}