{"forces": {"__ndarray__": [[14, 3], "float64", [-6.718155800588681e-07, 1.1148460678333233e-06, -2.760487528078851e-06, 2.043422781160605e-05, 4.170232927093882e-05, 0.00023043939262168314, 0.006953317056640845, 6.070248906816157e-05, 0.0044178303652810235, 0.2041605478931546, -0.06713655346596022, 0.10006608252023841, -6.670367496611202e-06, -4.482891793373299e-06, -4.981525088769498e-06, 3.612774858794557e-06, 9.767208078422041e-07, -5.2730666412662224e-06, 2.5475652193483687e-06, 5.981866648347807e-06, 4.4403474540979255e-06, -2.4997452899075427e-06, -8.558656110016645e-07, 3.5232869536778002e-06, 4.120162410866643e-06, -1.1863815839042278e-06, 3.014824519843011e-06, 0.0016166529128534557, 0.0010034817574808895, 0.00013848057076538454, 0.00020101592759603815, 0.0008155737436352055, 0.0006844652701020577, -0.20865325334960239, 0.06801827720886233, -0.10735146404146058, 0.00761903238982785, -0.003999147087353821, 0.004134152585413515, -0.011918185632404845, 0.0011944147304615317, -0.0023179500426307974]]}, "dipole": {"__ndarray__": [[3], "float64", [-0.0009312445325338306, 0.008426979718810361, 0.005421255166309363]]}}