{"forces": {"__ndarray__": [[14, 3], "float64", [-0.07574567007218397, -0.042697111568939426, 0.06845854750072396, -0.0036093581432975505, -0.007532241467827896, 0.010320326081025526, -0.0006014672294077025, -0.0001473060081445998, 0.00022189791868411373, -3.300364415149682e-06, 3.957703832439088e-06, 3.4109331097427576e-06, -0.002016216394129159, -0.00455599637505318, 0.007114980973423529, 0.07037746088023668, 0.04367055258591513, -0.07230063045768752, 0.011969722578898974, 0.010343698638091474, -0.014616999999556278, 0.0001456609545399742, 9.2452674814914e-05, 0.00039893915127947377, -0.000107469630045857, 0.0006005545146384924, 0.0004224971338502155, -0.00036097351618772456, 0.0002501067939008636, -1.1038937770621919e-05, -6.133048573645405e-06, -6.386105648615896e-07, -6.250415747416125e-06, 1.4803124799183494e-06, 1.375983622464877e-06, 6.324942205669144e-06, -4.374817692378837e-05, -3.0037667183517035e-05, -7.766234549212063e-06, 1.1849008789762636e-08, 6.328028981633509e-07, -4.238588990786353e-06]]}, "dipole": {"__ndarray__": [[3], "float64", [-0.000583700452744631, 0.008435201742515254, 0.005531110616472376]]}}