{"forces": {"__ndarray__": [[14, 3], "float64", [0.006431592178516633, -9.24953559533992e-05, 0.013743536769834374, -0.03747096342537988, 0.009762543719765418, -0.10106335712580318, -0.04905969655519409, -0.0013894564024341494, 0.48836139489765834, -0.021012579986410658, -0.021891809254896456, -0.08095766402884595, 1.2688428024308187e-05, 4.1069746970101795e-06, -6.724188875413587e-05, 0.00023082703658047855, -1.889071508808713e-05, 4.556470239376012e-05, -4.3395681897343794e-05, -7.332120404170519e-05, 2.8450336884055334e-05, -0.013740508911869063, 0.005541903185415624, -0.008539217743778929, -0.007637970373281756, 0.0011656310438713866, -0.003797287556050781, 0.05446379522722377, 0.10086402865708025, -0.1936298822147236, 0.07181513978635083, -0.08825077448833746, -0.12229290551013748, -0.004447087451069851, -0.0079054344626862, -0.0023792447717280647, -0.008333512853079357, -0.00847849843215788, -0.0025304127796692377, 0.00879167258148438, 0.010762466734765217, 0.013078266912719821]]}, "dipole": {"__ndarray__": [[3], "float64", [-0.0005636132208347208, 0.00842979282266294, 0.005668811286255901]]}}