{"forces": {"__ndarray__": [[14, 3], "float64", [-0.08986192172998411, -0.2277388985614057, -0.07862824606058973, -0.0001353140159623198, -0.006902393683461787, -0.0043710237236533585, 0.00018424379366591563, -0.00040594425590453757, 5.981493316348503e-06, 0.00013370715887694488, -4.8664341258180684e-05, -9.771392196987269e-06, 0.09304531665338218, 0.2330026527690063, 0.08552690990416993, -0.0047427146465952655, -0.008667308321881494, -0.0027819522216253373, 0.0005092035852657402, 0.010943152109869578, 0.0012508123521912697, 0.0005880883798410652, -0.0001221410976131359, -0.0008053914120727994, -3.1804012222426876e-05, -0.00017651311357294987, -0.0003215643677596158, 1.5386278517626813e-05, -3.5965596867677806e-05, 6.878955308185286e-06, -7.027450523578816e-06, -1.118920497863026e-06, -4.878640310144089e-06, 3.622168177345466e-06, 1.1391399244219404e-08, 8.625915311035102e-06, 0.0002851737518882788, 0.00014667137697276409, 0.00013481321176321245, 1.4040085673586899e-05, 6.460245216172881e-06, -1.1194013851169203e-05]]}, "dipole": {"__ndarray__": [[3], "float64", [-0.0007478843148885285, 0.008594553605285653, 0.00578984313588463]]}}