{"forces": {"__ndarray__": [[14, 3], "float64", [0.0013754706662319448, 0.00014841741312413893, 0.00025296770788087354, 0.010397152783531382, 0.011301112669825987, 0.006758010052356223, 0.10386683652210785, 0.04186791942090626, 0.021219747332378237, -0.5076217021218733, 0.03822914698873296, 0.007297901748292149, 0.00036311863726312525, -0.00012935049464995546, 2.7739342445995897e-05, 1.0083749323846219e-05, -3.4732180749237176e-06, 4.279368681081369e-06, -1.818454820566819e-06, 5.094384137293882e-06, 7.107295320427886e-06, 0.00014676642960805776, -0.00019050861371656274, 0.00021340926727819693, -1.7250444398931854e-05, 9.849913344617605e-05, 0.00012975799492543383, 0.003184447637032961, 0.005844897808137085, 0.0002665806166034798, -0.012866686388581716, -0.007252342895185913, -0.0014199930513740292, 0.20944417471001267, -0.06311962084211478, 0.10409399697849225, 0.11719151698572047, -0.0764899351632473, -0.07993539244606127, 0.07452788928884187, 0.04969014340868029, -0.058916112207219214]]}, "dipole": {"__ndarray__": [[3], "float64", [-0.0004877342850799998, 0.008356209594598261, 0.005701585714813856]]}}