{"forces": {"__ndarray__": [[14, 3], "float64", [-0.005520985065223438, -0.0030451528303210664, 0.008018086831910609, -0.06352357427013632, -0.10759754291461893, 0.19257038259678805, -5.6326163832302185e-05, -0.006765140138791957, 0.0085510614846797, 0.00022492838444272762, 5.0388085385591114e-05, 0.000592593696035355, -0.0007027122495434282, 0.0008145768671946321, 0.0016377515788103811, -0.0004056901191526776, -0.0001477481004917972, 0.00011720056163767697, -0.0008275939302652821, 0.0004343540427198584, 8.304970189938373e-05, 0.0672908692208119, 0.1131814630880095, -0.2006791182697913, 0.002379382425342534, 0.003925343924206896, -0.011240176404905516, 7.310670709809813e-05, -0.0004116213468995614, 0.00014029174615454236, 0.0008042007950718475, -0.0005422169097308429, 6.065024219517417e-05, 2.324840881928963e-06, 1.173512807482492e-06, 9.114274742915714e-06, 1.5547189928857735e-05, 9.731778352398363e-06, 4.4324985484484054e-05, 0.0002465222345739132, 9.23909421781784e-05, 9.478697435855304e-05]]}, "dipole": {"__ndarray__": [[3], "float64", [-0.0006094739277206322, 0.008502525689001941, 0.005465509649739444]]}}