{"forces": {"__ndarray__": [[14, 3], "float64", [0.0038104316139889035, 0.007660248063161223, -0.011149679491600905, 0.07955369901290242, 0.03841119228728706, -0.05919024348640978, -0.010209068922871253, -0.009803282341122968, 0.013594801201893273, 0.0001526073797754124, -1.57273715018872e-05, 0.00026618732345843645, 0.000147770761981506, -0.000582068117146235, -0.0004904315745029282, -0.00014338036031325, -9.237379448530687e-05, -0.00039113582391539715, 0.0018128143547686386, -0.00013121513299167657, -0.0010001968198359152, -0.07825255495140467, -0.04141604720462906, 0.0657827813418265, 0.002298332467776881, 0.006850637803696489, -0.00835617343621551, -3.103855148300222e-05, -1.1791885163158248e-05, 7.409589771281218e-05, 0.0005397130583718101, -0.0009972711103176373, 0.0006102375429117395, 5.094567843545454e-07, 1.260599318945e-06, 5.640373039584607e-06, 6.843945522490593e-06, 1.2445309803758813e-06, 1.7297832778220814e-05, 0.00031332073419847157, 0.0001251936729140918, 0.0002268191188598249]]}, "dipole": {"__ndarray__": [[3], "float64", [-0.0005196789446214787, 0.008356328384496197, 0.005756428791251535]]}}