{"forces": {"__ndarray__": [[14, 3], "float64", [-0.20260295921566346, 0.05166625201507502, -0.10930412198235104, -0.008598812637952258, 0.003625448870804467, -0.0036789174790855324, -5.397625129748836e-05, 0.00020488176835591347, -4.182513129428275e-05, 3.2647254266251094e-06, 2.393223946601088e-06, 3.909213778714298e-06, -0.005427819492160032, 0.0004127768143091998, -0.004511299289979259, 0.011909980535814125, -0.0006015869302961173, 0.002760511502966953, 0.20708840319057112, -0.05677657240032691, 0.1134422145714511, -0.0018158122577654249, 0.0003400957771501022, 0.0008156265363411857, -0.0004958073154925429, 0.001124353797665518, 0.0005125443848216873, -1.637450306014938e-06, 4.993240546254907e-06, -1.9020866809131463e-06, -6.035436431392282e-06, 1.5301212436844486e-06, -3.025397995349708e-06, -2.6254096867036943e-06, 2.0092312712926124e-06, 4.5166668377182045e-06, 5.322861134635115e-06, -4.067487820431277e-06, 1.6781733803083652e-06, -1.4858461916342536e-06, -2.508041924038324e-06, 9.031780946647012e-08]]}, "dipole": {"__ndarray__": [[3], "float64", [-0.0003036266968626842, 0.008224320262337787, 0.005820830639524606]]}}