{"forces": {"__ndarray__": [[14, 3], "float64", [6.951314671747661e-07, -6.985378877130926e-06, -2.5993029576563915e-06, -1.3318769034802663e-05, -4.763903825781534e-05, -0.00023808466658194422, -0.007182165180550266, 7.531809632990789e-05, -0.004649209356678554, -0.20898518998777377, 0.06972572657462381, -0.10418684337395995, 8.905925597314714e-07, 2.2457513643051704e-07, -1.9946745702087826e-06, 4.117179472919002e-06, -4.298768772152151e-06, 4.427875427415605e-06, -5.243533001340501e-06, 9.317157544201703e-06, -1.2884866363820657e-08, -9.49503456189529e-07, 2.031115510754499e-06, 1.4054310699118495e-06, 4.045349220514334e-06, -7.04716728274767e-06, 1.1291096945428447e-06, -0.0016601014383889052, -0.0010213053724589056, -0.00014241508914185054, -0.0002053220441013053, -0.0008278110205395618, -0.000694707773260623, 0.2134638882556692, -0.07080650407494882, 0.11186284346785846, -0.0078455190717638, 0.004162039419665827, -0.004391124871469146, 0.012424173019681206, -0.0012530661176739914, 0.002437186109436156]]}, "dipole": {"__ndarray__": [[3], "float64", [-0.000319215245155615, 0.00836423387312904, 0.00591548077339767]]}}