{"forces": {"__ndarray__": [[14, 3], "float64", [0.00014950639224977388, 0.00016022054749727352, -5.427822284457002e-05, 0.004572476733716648, -0.002406984436334036, -0.0005959963309646022, 0.08228576541164927, -0.14006689903644973, -0.0858982048241168, 0.007172971461751974, -0.010051446596301715, -0.00895919429645189, -5.825518442165917e-06, -2.8587596389781917e-06, -3.9768522407183495e-06, 3.6146510125105297e-06, -1.58324848141885e-06, -2.3003373018932842e-06, 5.922348915074504e-07, 6.572566908897939e-06, 4.272444677843705e-06, 0.0009767275036019734, -0.0011142441243548458, 0.000539051692368346, 0.00019257579151199685, 0.00031187140617190223, 0.00021797487775724158, -0.006977461981280207, 0.011440398683537994, 0.005989152269178199, -0.0871562655067236, 0.14449238633514644, 0.09028034147914188, -0.0008121528519407582, -0.0006407191671884835, -0.0009402372024780437, -3.0798858698818407e-06, -0.0001383207122393637, -0.00031822040780774815, -0.0003994444361297446, -0.0019883934582743093, -0.00025838428891789315]]}, "dipole": {"__ndarray__": [[3], "float64", [-0.0008123868480826896, 0.008509189274150243, 0.005796203635240962]]}}