{"forces": {"__ndarray__": [[14, 3], "float64", [-0.0001630428094421846, 0.0005729066692843883, -0.00021428132189480666, -0.0007062485263877135, 0.0024298802217823253, -0.005721634912415407, 0.04737204392734029, 0.11889947672656066, -0.10398134999088068, 0.006099572101133612, 0.008729097905920248, -0.011636727949901584, -2.0925488413614085e-05, 3.811583595884295e-05, -9.26036804245789e-06, -0.0002483196772848922, 8.789608242805908e-05, 9.699942010419593e-06, -2.0259268086924636e-06, 9.194212024529646e-06, 2.309607135323375e-06, -1.9191525666536632e-05, -0.00020315761745041415, -0.00041227008582107893, -0.000373561350195346, -0.0003208655158523745, 0.00010766184278144863, -0.049775649972393254, -0.12116613516871375, 0.1100728012768273, -0.00416053842088136, -0.011839819062450517, 0.011477422248795006, 0.001019806719467744, 0.000475973586007603, 0.000349763316337718, 0.0005759083379400241, 0.0022150073632229692, 0.00011642733474792078, 0.00040217261159185524, 7.242876127740325e-05, -0.00016056093967804075]]}, "dipole": {"__ndarray__": [[3], "float64", [-0.0006266255900517196, 0.008318483622985068, 0.0058411401581147104]]}}