{"forces": {"__ndarray__": [[14, 3], "float64", [-0.49417876955348106, -0.026382956188829944, -0.02903003418626016, 0.11727481233887167, -0.03690626085115325, -0.03530471285354951, 0.01279148407600607, -0.009668574143156175, -0.006509107261983812, 0.0014465203242832589, -0.0001144392831875359, 0.00010904123916533626, 0.09322470995163555, 0.08884955913540246, 0.03554093183034762, 0.07529331094527421, 0.0382724994056358, -0.06620522589714098, 0.20215355436467214, -0.05357459611969715, 0.102331932276852, 0.0038501238092316075, -0.0015702336137089366, -0.0054887125203542135, -0.012397596445746156, 0.0013687193421878165, 0.004177750435988359, 0.00015882238769298005, -0.0001611388644931572, 0.0002874277085402605, 2.9352718043041424e-05, -0.00016092944813670895, -7.627842994820871e-05, 6.995380823987053e-07, -3.06000307180159e-06, 1.1018017761076637e-05, 0.0003483705133222213, 5.4067460986297186e-05, 0.0001559779546057417, 4.605032110971407e-06, -2.6568287770838434e-06, -8.314022911055919e-09]]}, "dipole": {"__ndarray__": [[3], "float64", [-0.0004741798875043301, 0.008389011037973796, 0.005726914687647031]]}}