{"forces": {"__ndarray__": [[14, 3], "float64", [0.00015948084301436915, -0.00028201936761768174, 0.00014418547225590391, -0.010471512666785391, -0.009841647620402303, 0.013507296754593686, 0.07820376145483167, 0.04351699788302043, -0.05540710943555979, 0.003191532190735926, 0.007252202678006553, -0.009309883053863004, 5.660417037741631e-06, -1.962323679342436e-05, -3.899089208760662e-07, 0.0003623883779465052, -0.00023130194452702178, -4.043362385020993e-06, -2.2604075917904076e-06, 8.82033913056561e-06, 1.12676263643299e-06, -2.9563029102826297e-05, -1.6820478801283636e-05, 7.688862011471834e-05, 0.00046119953388220296, -0.00010392993932661828, 0.0010645281026108514, -0.07648708069818402, -0.04940462544450865, 0.06131099318441695, 0.0031824718148885972, 0.007141728018708912, -0.01156703818388103, 0.0016584314782558515, 0.0011490510127442977, -0.000136103780947707, -8.613858413102745e-06, 0.00043329055177282336, 0.0003852752223811917, -0.00022589545051579355, 0.00039787754859394337, -6.572639345209323e-05]]}, "dipole": {"__ndarray__": [[3], "float64", [-0.000517447081387835, 0.00833358976416737, 0.005728165749541644]]}}