{"forces": {"__ndarray__": [[14, 3], "float64", [-0.10357628893838329, 0.030557808649395807, -0.1273210030733081, 0.008374534775637144, -0.00044248829930735266, 0.013821388474830758, -0.00014939329803502713, -3.169082946703227e-05, 2.4910210989235794e-05, -2.0594600519608907e-06, 1.6516191219608354e-06, -2.8024671273821014e-06, -0.005987491761159834, 0.0011480239903088154, -0.00327253275949295, -0.01434775084679452, 0.003954452432638724, -0.007945180327225755, 0.11428479565280167, -0.03451843469029609, 0.12472048680160396, 0.0010178615476722078, -0.00016281048763523557, -8.007243171895807e-05, 0.0003939566496099832, -0.0005103455958827448, 5.791190476234745e-05, -1.4599423373823068e-06, 4.243519045514637e-06, -2.223849364443163e-06, -7.4667684182450464e-06, 1.6684055049544855e-06, -5.094415590406493e-06, -9.817721683052816e-07, 1.566004632713175e-06, 5.514639982115555e-06, 4.135745286338089e-06, -2.975599852053176e-06, 1.9024187818380928e-06, -2.3915836595110593e-06, -6.691182072893793e-07, -3.2051271219679008e-06]]}, "dipole": {"__ndarray__": [[3], "float64", [-0.0003909752447785172, 0.008315249198155931, 0.00559956087419433]]}}