{"forces": {"__ndarray__": [[14, 3], "float64", [0.08615916629362276, 0.22166810144542762, 0.07516800225180455, -4.340089983417706e-06, 0.00668081761832446, 0.00422069917229199, -0.00018059882031692788, 0.00039422583702244734, -7.013294818298475e-06, -0.00012694938157656975, 4.988165336063201e-05, 9.247615306732379e-06, -0.08906232344796254, -0.22692756139449075, -0.08181809068107021, 0.004527142770878848, 0.008384104608701747, 0.002578248012134123, -0.0004395578190423793, -0.010441260790556104, -0.0011356077992739197, -0.000580372246971685, 0.00013146280094565078, 0.0008070927889371333, 3.850545263906353e-05, 0.00016652538087643957, 0.0003125224143013792, -1.976882328883538e-05, 4.330796672438657e-05, -7.135945512766587e-06, -4.6452150504336395e-06, 3.113048609801701e-07, -6.036983612123023e-06, -1.0859104059353467e-06, 1.8775665434988888e-06, 5.718926035424898e-06, -0.00028749819786740423, -0.00014727083989299065, -0.00013036201924821156, -1.7674564674651402e-05, -4.523157847812698e-06, 2.715542724134173e-06]]}, "dipole": {"__ndarray__": [[3], "float64", [-0.0005045585822879837, 0.008197195709493593, 0.005545920912745798]]}}