{"forces": {"__ndarray__": [[14, 3], "float64", [0.1150966819641235, -0.0339700936201034, -0.029649480294412764, -0.4367552666215204, -0.04734388402674475, 0.004441298874061852, 0.12855394115969154, -0.026828893167066166, 0.0375810697978494, 0.010562597043711795, 0.001947948786611366, 0.008299116306274303, -0.012662922781198566, 9.256264652501764e-05, 0.003987970874968944, 0.0036007033708378247, -0.000974068550567518, -0.00455654800977516, 0.008611794857836978, -0.00754033263786743, -0.008288703503063674, 0.07958262930318459, 0.03825283178309235, -0.06252366090461663, 0.10374702080662679, 0.08138898241469701, 0.04600217563390618, -0.010492867538154585, -0.0007328331784669361, -0.00020922882521456923, 0.009566843164826833, -0.004706992648384929, 0.004587432614967574, 2.371950605321116e-05, -3.563759315528927e-05, 0.00032772530148270074, -4.8505934288951594e-05, 0.0003333679146967083, 2.3745135260440666e-05, 0.000613631698268624, 0.00011704187673294164, -2.2913001687763308e-05]]}, "dipole": {"__ndarray__": [[3], "float64", [-0.0006968021245938254, 0.008489244578984922, 0.005672328901498931]]}}