{"forces": {"__ndarray__": [[14, 3], "float64", [0.034390341915628904, -0.029203577031084057, -0.10303799566811168, -0.007106208675589059, -0.008892140073607354, 0.47878449505910464, -0.04156490834405918, 0.015433535650337267, -0.09966875013915326, -0.006815513415172549, -0.001799863461544413, -0.00356539455212605, 0.0031635655526240443, -0.004240943966346749, -0.0032583414089046125, 0.010336110580773602, -0.009139486972389125, -0.006893551931957649, -0.0038564885615114007, 0.0061801815892045565, 0.013859004083531377, 0.06029663835957046, 0.10224931125118461, -0.19299407372482932, -0.04274549306186092, -0.07525495354466126, -0.08675957331667714, -0.013373153569228073, 0.0055128529609362615, -0.008236615460405943, 0.007512436037737066, -0.0006951551670212532, 0.011935318661093333, -0.0002272021301825422, 4.7101102746725795e-05, 0.00024251025709740658, -0.00020969740024714343, 4.58664833813695e-05, -0.00044682840030135703, 0.00019957271151710627, -0.0002427288211367109, 3.9796541640370796e-05]]}, "dipole": {"__ndarray__": [[3], "float64", [-0.0006708492638842639, 0.008360691766469966, 0.005550496845262927]]}}