{"forces": {"__ndarray__": [[14, 3], "float64", [-0.003837213076544397, -0.00776672665377943, 0.011583535523773524, -0.079255397547504, -0.038239236542154144, 0.05896870914564636, 0.010495996592872993, 0.00979741980771387, -0.013515047991439584, -0.00014375575810227537, 1.6782716950566748e-05, -0.00025855152293432305, -0.00015064733798114606, 0.0005863083488595875, 0.0004813600344995298, 0.0001539819682947842, 9.21617655377391e-05, 0.0004014607242164718, -0.001862034193259058, 0.0001539672483405552, 0.0010341988604932893, 0.07764636058288465, 0.0415606846251017, -0.06629288499460781, -0.0022116111999527623, -0.007079423340303913, 0.008514502324259605, 2.5303453604108554e-05, 2.1022079929756772e-05, -7.542832191555608e-05, -0.0005504263912516935, 0.0009816579156687983, -0.0006119645373713739, 2.0600521320731845e-06, 6.223663388553094e-07, 8.742324297346417e-06, -4.2393711064013975e-06, -5.783207023419778e-06, -1.1163655607984417e-05, -0.0003083777740876779, -0.00011945713118093263, -0.00022746791330950354]]}, "dipole": {"__ndarray__": [[3], "float64", [-0.000732734837768798, 0.008434219556904132, 0.0055803203402365765]]}}