{"forces": {"__ndarray__": [[14, 3], "float64", [-0.117292614931836, 0.03446062897937268, 0.03102490276752157, 0.43604183608751024, 0.04855487103314879, -0.007110914754670658, -0.12553971155659804, 0.026306582983210022, -0.03630869826692554, -0.010394858852093646, -0.0019965800235435386, -0.008080897275585811, 0.012927257198716872, -3.694426941735328e-05, -0.004101990030746821, -0.0036516131427648153, 0.0010665410931838557, 0.004670890540814657, -0.0089071252684125, 0.007913879079431434, 0.008552353679733594, -0.0792263543514004, -0.03778622335640903, 0.06220415969112184, -0.10424023336588614, -0.08334770263420803, -0.0463317930759375, 0.01017127759206887, 0.0007316902365257154, 0.00017747748298771197, -0.00932753816829716, 0.0045219623537249756, -0.004393416970306153, -1.045801124051894e-05, 3.353031041778779e-05, -0.0002980647402064874, 4.247897898942205e-05, -0.0003207619828876296, -1.0085592581463888e-05, -0.0005923422087564202, -0.00010147380254980937, 6.076544780604098e-06]]}, "dipole": {"__ndarray__": [[3], "float64", [-0.0005532384590037463, 0.008302569230655654, 0.005665205324983983]]}}