{"forces": {"__ndarray__": [[14, 3], "float64", [0.06762956180809991, 0.10795664368431815, -0.20175845417328914, 0.004697956839799198, 0.002299062134956983, -0.007092501279118245, 8.699610048417188e-05, -0.0002611713849508069, 4.710401019230571e-05, -1.944318481092661e-06, -4.587542674058846e-06, -1.98757225278524e-06, -0.0023781835614580804, -0.0027359491705979703, 0.012682212217684508, -0.07400049702843353, -0.11274916439387182, 0.2059325689992932, 0.0029269493274795984, 0.006092043211772789, -0.008207675402907488, 0.00040200307662775027, 0.00014412954855867513, -0.00011515000062078352, 0.0006413770932556326, -0.0007382984595998077, -0.0015408486295065502, 5.9464916296287675e-08, -5.30565216230756e-06, 5.3033054557499454e-05, -4.2448066987035065e-06, -2.2449523844070008e-06, -7.646342637376775e-06, 6.12279574187079e-06, 4.2929356229859716e-08, 8.864965187897281e-06, -4.731167426177088e-06, 1.6110942652167216e-06, 7.92355067712267e-06, -1.425623906432793e-06, 3.188953013390815e-06, -7.443397259921202e-06]]}, "dipole": {"__ndarray__": [[3], "float64", [-0.0009423467020924119, 0.008301839427817299, 0.005779133000932413]]}}