{"forces": {"__ndarray__": [[14, 3], "float64", [5.5391539988185275e-05, -5.437139082262312e-06, 3.5716948715405553e-05, 0.0003248962594648531, 6.543935190143306e-05, -4.296987640447697e-05, -0.006439966839969746, 0.008220394226135486, 0.008385080894894825, -0.07621116727880137, 0.13808676178019785, 0.094507330700681, -0.00027163714373725276, -0.0001509413864406648, -0.00010982762152335149, 3.193738096320653e-05, 8.369734318652155e-06, -4.362562689394628e-06, 4.669368097300857e-07, 7.983707572983132e-06, 2.9153543493185733e-06, 1.8107277656000535e-06, 2.3612258093247845e-06, 1.4317154328785598e-05, 3.3494471120452352e-06, -3.165106854089821e-06, 2.0762536821564727e-06, 0.0004278118743439096, 0.0021596379612294396, 0.00032066845565184837, 2.6955795598635514e-05, 0.00013415025590814437, 0.00047456997477904924, -0.004028123819471166, 0.0031070819595337253, 0.0031065031341203577, 0.0790807260140347, -0.13795689648331652, -0.09979549027266253, 0.006997549105898837, -0.013675740086913798, -0.006896528537922073]]}, "dipole": {"__ndarray__": [[3], "float64", [-0.0006857785785357839, 0.00834471049409014, 0.005432675465482129]]}}