{"forces": {"__ndarray__": [[14, 3], "float64", [-0.00010612638501907402, 0.00046154531270775845, 3.905758206123767e-05, -0.008278242747935394, -0.008298253337693207, -0.003535444366132063, -0.020372659806719116, -0.024851938588784647, -0.08248911007228117, -0.012070242269572462, -0.02409511794024378, 0.5207388607230681, -1.3530134759582985e-05, -1.1868019304625583e-05, 2.1810868570209547e-05, 7.5289761652795565e-06, -1.39818986748089e-06, -2.310146209630834e-06, 2.7643221860597507e-06, 7.173200867392434e-06, -4.825141046007612e-07, -0.0002693272515495059, -0.00027709992588238015, -0.0005913423032415343, -0.00033620461588867247, -0.0001357566357058445, 0.0001922536046495823, 0.009201923749018388, 0.011404269082268475, 0.012353313264230165, -0.007341129496240677, -0.00931699121992907, -0.0029109801844862723, -0.10082690778827273, 0.03908164571108564, -0.10730990427605103, 0.07627949213253807, -0.09387344484731894, -0.13921326270790302, 0.06412266131604957, 0.10990723539780069, -0.19729245947216997]]}, "dipole": {"__ndarray__": [[3], "float64", [-0.0006908053787755812, 0.008428581214627856, 0.0056117348254477]]}}