{"forces": {"__ndarray__": [[14, 3], "float64", [0.0001037311036052497, -0.0004584986325549772, -4.0421413670117446e-05, 0.00810135933775742, 0.00813587211277543, 0.0035791371145510874, 0.02000879102351454, 0.02489324904080212, 0.08092862220738035, 0.009449129844084908, 0.016220314182629578, -0.517121828461281, 9.274349130569986e-06, 7.1497701371917845e-06, -2.8504893545712597e-05, 2.5550031494045306e-07, -1.9092990139414617e-06, 1.4305191775853482e-06, -5.40402749435316e-06, 8.10243255651072e-06, 4.9368790942150505e-06, 0.0002554605761359093, 0.00027847471431693646, 0.0005759968271369483, 0.00033625798928250776, 0.00012165691095583121, -0.00019119405850241653, -0.009202284801503568, -0.01144616967721057, -0.012144446922151579, 0.007231655666866973, 0.009057860492028709, 0.0029395617734642495, 0.10335248580977564, -0.03899568842640987, 0.10789369524294659, -0.07804470375623776, 0.097409359094186, 0.14094639393516412, -0.06159600861523257, -0.1052297727151982, 0.19265662125023528]]}, "dipole": {"__ndarray__": [[3], "float64", [-0.000560040973651184, 0.008365262922832238, 0.005719952246280114]]}}