{"forces": {"__ndarray__": [[14, 3], "float64", [-5.4406079609859666e-05, 4.6071034418152957e-07, -4.079547747563103e-05, -0.0003289232314679654, -7.045670268081371e-05, 4.764875275058615e-05, 0.0066837431642245565, -0.008498168783781379, -0.008851473026834668, 0.07817963774575155, -0.13931885825145662, -0.09673731585129985, 0.0002710273149637535, 0.000142993373395335, 0.00010475378010819282, -2.444050319517515e-05, -1.1616451395816764e-05, 3.4826664296759583e-06, -3.119245055828787e-06, 7.293274915881516e-06, 1.5394582494935495e-06, -5.217235549602066e-06, -1.128903752783069e-06, -9.289743201884944e-06, 4.818703401086154e-06, -5.055692475765255e-06, 2.063558917965643e-06, -0.0004472557589980841, -0.00221301809332183, -0.00033149950089621553, -4.012277610806143e-05, -0.00013926148528289333, -0.0005003794976703049, 0.004130032541598504, -0.0031301738247383197, -0.003258336557316079, -0.08115794621832981, 0.13910404414499664, 0.10262637083589149, -0.007207828421625556, 0.014132946685234401, 0.006943230602347245]]}, "dipole": {"__ndarray__": [[3], "float64", [-0.0005660007020693134, 0.008444094042400065, 0.005901812375674542]]}}