{"forces": {"__ndarray__": [[14, 3], "float64", [-0.034729878872893055, 0.03032685412434361, 0.10442867357502111, 0.004501993928612887, 0.004457820215803629, -0.4759598549369209, 0.04276491442065969, -0.015139890697345221, 0.10102574723226, 0.00693560678598773, 0.0017551429208418367, 0.003549317802630648, -0.0033112483599316025, 0.004347297356939781, 0.0032728269943316187, -0.010742431197292322, 0.009335981280958708, 0.007086288392650158, 0.003793050860851536, -0.00627242371106242, -0.014089525231607485, -0.05795172754234939, -0.09835920113803269, 0.18826429184473045, 0.04240944690306305, 0.07456935392169034, 0.08594487458709067, 0.013728490578489417, -0.005781581242985025, 0.008455387060518686, -0.007650044546383553, 0.0005963743537500735, -0.012163055984732949, 0.00024133469808650609, -4.617111315717108e-05, -0.0002304824866032802, 0.00021743036370655748, -4.4595966107127155e-05, 0.0004691211807987051, -0.00020693802060643473, 0.00025503969436110717, -5.361003016745956e-05]]}, "dipole": {"__ndarray__": [[3], "float64", [-0.0005805054924265129, 0.008431621852435688, 0.005783117929459795]]}}