{"forces": {"__ndarray__": [[14, 3], "float64", [0.0014614020038529693, 0.012318671945217291, -0.009229186066932418, -0.03820462167322018, -0.12307558095658858, 0.1013462120511701, 0.0004507965918145541, -0.002361262799225871, 0.0054746919946733275, 0.00020425869150087508, 3.8926926283864064e-05, -0.00028206106259863066, 0.0003696050403440952, -0.00013069837329524023, -0.0010587332932115207, 9.799197558011198e-05, 8.952907250176054e-05, 0.00014120000325791072, 0.0003448635715795231, 5.916578360204486e-05, -0.00016123485728841312, 0.04196716177989199, 0.12442879853539571, -0.1123919735499144, -0.007376299083292848, -0.010443829726577581, 0.014989435797515707, 1.563413490287956e-05, 0.00020798336066142785, 0.0004185519607658109, 0.0007874778986505236, -0.0011366467749201854, 0.0008322448279164323, 2.6972763473525002e-06, -5.281817743959697e-07, 8.493715434280903e-06, -3.016390255821648e-06, -4.080710837910807e-06, -7.561998317935596e-06, -0.00011795181769566206, 9.5518995582033e-06, -8.007952247044231e-05]]}, "dipole": {"__ndarray__": [[3], "float64", [-0.0006061403481431131, 0.008313668189653603, 0.005513106094707741]]}}