{"forces": {"__ndarray__": [[14, 3], "float64", [-0.038336788555877986, -0.12082720647998937, 0.09944287152027584, 0.0010963727708459023, 0.012674666367468924, -0.009158478233796145, -2.370563106604577e-05, -8.238675126683976e-05, -1.8604734999315398e-05, 4.630680503939696e-06, 2.474297754218525e-06, 1.4744098323053764e-07, -0.005990457331892681, -0.00835147456256672, 0.015727352675571276, 0.043199930487977226, 0.11843122786499294, -0.10924317748505476, -0.0005691639747872739, -0.0017759185389680195, 0.004066688816823308, 8.984594370004005e-05, 9.041696355545035e-05, 0.00014581224067235026, 0.00032227329447318285, -6.3678663432676e-05, -0.0009608715636988552, 0.00023329430086998582, -8.514950719284239e-05, 1.9710730787476332e-06, -7.018354966965024e-06, -3.3735828572223267e-07, -4.854173366215334e-06, -1.393032988988474e-06, 7.079200299033003e-07, 5.931819269110504e-06, -1.6464540483872637e-05, -1.2339541494552475e-05, -1.4861123850204471e-06, -1.3560563065222662e-06, -1.002010604413504e-06, -3.30328337302553e-06]]}, "dipole": {"__ndarray__": [[3], "float64", [-0.0004857710531901315, 0.008295987315442465, 0.005529164666802465]]}}