{"forces": {"__ndarray__": [[14, 3], "float64", [-0.00015594283216475099, -0.00017465597161343648, 5.124245539252158e-05, -0.004655603864146526, 0.002422581548344987, 0.0006976077490383725, -0.08452971790205223, 0.1413942495370268, 0.08789132561219465, -0.007425827681749647, 0.010389252469918156, 0.009421345040085733, 6.828856069115431e-08, -1.4278153418701063e-06, -2.966689032845222e-06, 4.1238399741701306e-06, -1.695944002948731e-06, 1.3843261054363795e-06, -3.268297244963495e-06, 8.715163108125958e-06, 1.669736768348381e-07, -0.0010023153050884629, 0.0011369533983121604, -0.0005447985990196058, -0.0001666055918059881, -0.00032359201465392324, -0.0002202800806259376, 0.007249492379851049, -0.011849254936310982, -0.0060795135732867826, 0.08943988071972085, -0.145829879730716, -0.09277575565124334, 0.0008312649096224384, 0.0006447059419172187, 0.0009646653953434087, 7.410837960532998e-06, 0.00013504139405571172, 0.00033704460623133, 0.00040704049856301347, 0.002049006959956885, 0.00025853243514021516]]}, "dipole": {"__ndarray__": [[3], "float64", [-0.0004387743706036427, 0.008284073458203806, 0.0055372953298238135]]}}