{"forces": {"__ndarray__": [[14, 3], "float64", [-0.027954092778350054, -0.5081710508972287, 0.018063912030539593, -0.03348155918021604, 0.09706269590725329, 0.029808368283891416, -0.007546589496463936, 0.002995388325785039, 8.916300811409546e-05, 0.0001539820564773495, -0.0002798853913230586, -0.00045565743772492276, 0.08378098315754184, 0.22818615064154735, 0.0808266312656168, 0.042446621816768615, 0.12065778197554881, -0.10429966785531398, -0.05261094093251233, 0.06295452846437936, -0.030519379871102783, 0.007640711388136984, -0.012080005654004383, -0.0029605472218414085, -0.011908994090607665, 0.008276063957793867, 0.009200195772888376, -0.0002814951059400056, 0.0005654018324997103, 2.9431252640326692e-05, -0.00033543979629826044, -0.00016935304907601839, 0.0001569051564749843, 5.2770518201116576e-06, 3.7218452080877786e-06, 8.991434032034765e-06, 8.820665855764254e-05, -5.493611881582935e-06, 5.742466847360827e-05, 3.329251086332472e-06, 4.055653498162794e-06, -5.770486687238574e-06]]}, "dipole": {"__ndarray__": [[3], "float64", [-0.0007142715703584235, 0.008432177973022911, 0.005618908327941751]]}}