{"forces": {"__ndarray__": [[14, 3], "float64", [0.009410350334125022, -0.0030266924026686637, 0.005434865153113446, 0.026426597923292522, -0.08345850268678345, 0.015198106974792508, -0.017681420992339925, 0.4719268543598384, -0.005244837181584738, -0.04186124894109547, -0.1297785764954816, -0.024542038598542426, 0.00025660198574296053, -0.0003938017091139553, 0.00023945400205269962, -0.000143303529397924, -8.634297237164063e-05, -0.00025281400487116654, 0.0002013798310598313, 0.0002737287311905399, -3.122147176257326e-05, 0.009720850206218216, -0.002378146801027527, 0.0065235541842925855, -0.012593757377081145, 0.011335814032447565, -0.00810494793641119, -0.043693043133029, -0.11924147450186089, 0.09922997134501364, 0.08128421085175366, -0.14174410347827163, -0.08208980439323062, 1.7125895870467162e-05, 0.012547679272156288, -0.00045282196497400056, -0.005045422563550119, -0.00824192522371579, -0.004134304648882737, -0.00629892049156857, -0.0077345101243371924, -0.0017731614590059228]]}, "dipole": {"__ndarray__": [[3], "float64", [-0.0005344147321147376, 0.008288733256853146, 0.005689416154278696]]}}