{"forces": {"__ndarray__": [[14, 3], "float64", [-0.03725034168409703, 0.09828888459748869, 0.02691128345573718, -0.04599903908768065, -0.49264604428637093, 0.009557790845727785, -0.01932140944747881, 0.08336455477359532, -0.010003319616835109, 0.011509561158363322, -0.011959788726503095, 0.008230413183244164, -0.012591029056417758, 0.006901741074185676, 0.00877934231244176, 0.0076616112369293716, -0.01291018471124252, -0.0021543781469668846, -0.0037565205854940965, 0.001953622481743291, 0.00041447243278547845, 0.03850394390424237, 0.12325669847409315, -0.10720700165480654, 0.08115861097707153, 0.19873309735767036, 0.07940492234359545, -0.009767884636622816, 0.0024520199004167418, -0.006360514906946389, -0.01049977545791786, 0.002421614914807212, -0.0077858232364019335, 4.6361278579548514e-05, -1.9123787347847543e-05, 2.212615644820158e-05, 9.843826515549474e-05, 6.611722354471882e-05, 0.00016145594039821464, 0.00020747313536697594, 9.6790713920342e-05, 2.9230891578188885e-05]]}, "dipole": {"__ndarray__": [[3], "float64", [-0.000541622027757882, 0.008408579544646895, 0.005685232194605509]]}}