{"forces": {"__ndarray__": [[14, 3], "float64", [-3.4991015406305163e-06, 2.521849484288874e-07, 3.35347596692465e-07, 0.00011159919512637781, 9.271261551817671e-05, 0.00024509942006840154, 0.004826265792101406, 0.007721051412550414, -0.010513959528338784, 0.04912782669138037, 0.12644865774474215, -0.10639148254332245, -9.583923934392091e-06, -7.696445536010326e-06, -5.123719792062284e-06, 4.133094139020553e-06, 2.6105981748348954e-07, -2.7121664956389887e-06, 2.1092283114730454e-06, 7.256578072616515e-06, 3.794749919236029e-06, 0.00012065687167875928, -8.093339234590599e-06, 9.324300612958382e-05, 4.8197488087083345e-06, -1.8326092757476318e-06, 3.0385852706608735e-06, 0.00038197863785311743, 7.469441678801602e-05, -0.00015028306017728386, 0.0004887403173354846, 0.00198877792340168, 6.098638252358031e-05, 0.001174092703538232, 0.002843978377579299, -0.004989771417908228, -0.003591399863702707, -0.013686817286571954, 0.010628354515802988, -0.0526377393910951, -0.12547320263279937, 0.1110184804287246]]}, "dipole": {"__ndarray__": [[3], "float64", [-0.0008765018679292216, 0.008354330023863503, 0.005792984092286946]]}}