{"forces": {"__ndarray__": [[14, 3], "float64", [-0.012398956132271858, -0.012101096374641771, -0.005050584247385421, 0.10399224988096333, 0.08334328395151681, 0.04272033129549063, 0.007581451051314487, 0.012786248539620616, 0.007748248974363806, -1.666537390119245e-05, 6.906742708618506e-05, 0.0003397323176037041, -6.65299423957721e-05, 3.2686954255130716e-05, -0.00011267073739286278, 0.00011713919187563291, -0.00031781315171845845, -0.0006286866794334486, 0.0004975090208403348, -0.0013088627257704746, -0.0003855153971366757, 0.0022309514391749665, 0.00726088419960842, 0.002358942643181137, -0.1052659063044382, -0.08920162364848253, -0.0487576590632908, 0.00045403498628132204, -0.00037584152983628863, 0.0009867453560582996, 0.00287410579489233, -0.0001848773990268373, 0.0007781772975711697, 1.2803565083563868e-06, -7.343770824720655e-07, 6.714105834132916e-06, 6.383116261567907e-07, -3.0157380879460663e-06, 1.925205729314461e-06, -1.3022804687899985e-06, 1.6938725591848604e-06, -5.701071192722502e-06]]}, "dipole": {"__ndarray__": [[3], "float64", [-0.000581280282766153, 0.008285127100411448, 0.005566302184217213]]}}