{"forces": {"__ndarray__": [[14, 3], "float64", [0.05425078538182394, -0.06245707452166625, 0.0341963173267417, 0.007878783599698987, -0.0019124962232255128, 0.006282073671411156, 0.00025884350745631777, 0.000269148447357092, -8.164312720083365e-05, 5.427260114897347e-06, -3.837780008223319e-06, -5.804351564237185e-07, -0.016479467367490046, 0.010862040967177638, -0.010924098096074145, 0.010457412732734856, -0.0017394379615204845, 0.006060452665732088, -0.05784605406068686, 0.0566281019334002, -0.034806222646147716, 0.00013709717947174167, 5.6112340045519914e-05, -0.0004215389323352162, 0.0013449865098547856, -0.0017028778644718199, -0.00030587159414623144, -3.6828209165336157e-06, 2.751680576605491e-06, 8.272947501680313e-07, -6.700953717089554e-06, -1.443997107337422e-06, -6.545552048571434e-06, 2.9012644258734e-06, 3.6523287947261745e-07, 8.248218491263852e-06, 7.774522261377806e-07, -2.6314271774417316e-06, 3.913510310584497e-06, -1.1096849971303404e-06, 1.27917374092488e-06, -5.332304326808743e-06]]}, "dipole": {"__ndarray__": [[3], "float64", [-0.0008078298965693292, 0.008306723134571217, 0.005612421299236898]]}}