{"forces": {"__ndarray__": [[14, 3], "float64", [0.035753183177309494, 0.07884231537580717, 0.07850716687049386, 0.004005468981385214, 0.008422591030213797, 0.0032731686170563573, -0.00027615522466175994, -0.00024003123441320343, 6.162381244195589e-05, 3.391734527413957e-05, -6.43917217367706e-06, -2.5297946409794204e-05, -0.03673700420709732, -0.08330249087415176, -0.07432525341928457, -0.007225008835463094, -0.015951600154451236, -0.012235555786094452, 0.004472861050897027, 0.010833762696485595, 0.003294676992792438, -0.00047930892420393063, 0.001045150334940658, 0.0016068322237214343, -0.00010282520069798542, 0.00046709421452226924, -0.00019704415476698846, 5.379738335576373e-07, -1.26883635735863e-06, -5.541721404189236e-07, -5.762088169325964e-06, 1.1534794246876444e-07, -4.099035375690652e-06, -2.458795930211185e-07, 1.4052926576049432e-06, 7.483238859014541e-06, 0.0005812702322739007, -0.0001099041875604739, 3.5666616886876054e-05, -2.0928401086784957e-05, -6.998334618721117e-07, 1.1861418200001593e-06]]}, "dipole": {"__ndarray__": [[3], "float64", [-0.0005711562210228181, 0.008214000314100436, 0.005758274665929394]]}}