{"forces": {"__ndarray__": [[14, 3], "float64", [0.03501020619375292, -0.019253546444505804, 0.5056466631613438, 0.030457283484233263, -0.027613875179234238, -0.1044984479039026, -0.0034894338924288727, 0.0055226284989208195, 0.01374557021381198, -0.0002564438278407662, 9.903780852408791e-05, 3.795933264367182e-05, -0.03184638266434616, -0.07657187296640654, -0.07803671777381081, 0.06687902722873065, 0.09840829079572273, -0.19689934848226712, -0.1131141556802133, 0.034736636873685035, -0.12796944978859182, 0.011578589676420063, -0.009223071510488776, -0.00801183040607652, 0.0051784574648089205, -0.006223154495659888, -0.004021043656676593, -0.00015096615475620125, 0.00021320284713339518, 3.6540493858830484e-05, -6.626267224900359e-05, -5.35309443514553e-05, 2.5988527585139854e-05, 1.3076997230993694e-06, 1.6548334363850387e-06, 2.518412510122147e-06, -0.00017736264751655185, -4.031066356830031e-05, -5.681453054325571e-05, -3.864208318165522e-06, -2.089453207576714e-06, -1.5875998843045774e-06]]}, "dipole": {"__ndarray__": [[3], "float64", [-0.0005506679206941155, 0.008388925615692358, 0.005655316532739242]]}}