{"forces": {"__ndarray__": [[14, 3], "float64", [0.20734574106897277, -0.0537592115421661, 0.11365445233908719, 0.008922350254416046, -0.003808867489043833, 0.003974176003095391, 5.296214575867955e-05, -0.00021065354257901288, 4.2082681600264254e-05, 2.561195506082672e-06, -1.3518227928166855e-06, -4.2596700213353535e-06, 0.005552770983745446, -0.0005384417989187561, 0.0046824953667416545, -0.012405844098688017, 0.0006180904619727121, -0.002913258928839718, -0.21182272955528605, 0.059188591890292366, -0.11808021355314065, 0.001859099909842703, -0.0003482737735840725, -0.0008339115201337396, 0.0005016977285243315, -0.0011449173540989351, -0.0005207142810011333, -3.425819850946581e-06, 3.6055700179587924e-06, 1.429071096688451e-06, -5.628401790666313e-06, -2.3308903559008782e-06, -7.93508955371823e-06, 5.165662654391175e-06, -1.3083899312527673e-07, 9.847465363023531e-06, -2.655702828676184e-06, -4.811501397719512e-07, 4.432808750376849e-06, -2.0653709758136616e-06, 4.372280389693493e-06, -8.622693044114002e-06]]}, "dipole": {"__ndarray__": [[3], "float64", [-0.0009490689353036614, 0.008569161252539712, 0.005511578556219016]]}}