{"forces": {"__ndarray__": [[14, 3], "float64", [0.07542147654743925, 0.04254527076665655, -0.06817339274987004, 0.0036428051339607633, 0.007646036678143378, -0.01075769249975194, 0.000625922552859947, 0.00014791304763959472, -0.00023185752426289864, 9.828515331154404e-06, -2.7204382353681207e-06, -3.865505201336696e-06, 0.0019392561046165891, 0.004710004605037473, -0.007302742178884532, -0.06966650157473665, -0.04373181594223931, 0.0726916104377432, -0.012341010866829295, -0.010380850012170305, 0.014576990369399277, -0.00015169761571610788, -9.428529794861451e-05, -0.0004053206511780495, 0.00011248373637633689, -0.0006171112081079385, -0.00041758183554372913, 0.0003673514299415333, -0.0002503565965899808, 1.0643887807561401e-05, -5.476142377997556e-06, -1.2867516599937965e-07, -4.683709626846163e-06, 9.73172909483736e-07, 5.270639651384179e-07, 7.980402969377918e-06, 4.8140126984735e-05, 2.635028042323533e-05, 1.4116895341506905e-05, -3.5511207600961934e-06, 1.1657285918441064e-06, -4.205338941317445e-06]]}, "dipole": {"__ndarray__": [[3], "float64", [-0.0006631316783162292, 0.008356901276653223, 0.00580057996983403]]}}