{"forces": {"__ndarray__": [[14, 3], "float64", [6.803841180519227e-08, -2.8843108182596695e-06, -2.6941363205298727e-06, 2.0212243725944195e-06, -2.351320721535e-06, 4.1878965011658086e-07, 6.060760815775442e-07, 8.721001631544635e-07, -6.990810210980606e-07, 2.855795332325969e-06, 5.278485015763043e-07, -1.2198463143637544e-07, -2.8727939023661253e-06, -2.1471202784630647e-06, -3.473659058125515e-06, 3.8596206201210115e-06, -1.6463930764611801e-06, -4.459815373612402e-07, -1.345011191474887e-06, 7.643690778542267e-06, 2.2203601146246727e-06, -1.7106081158001555e-06, 5.832801304247042e-07, 2.4716284510897145e-06, 4.083256647533927e-06, -4.102417209431992e-06, 2.0747663021891276e-06, -2.5482604876806716e-06, 4.307479743881103e-06, -2.4700024195305363e-07, -5.83226499088018e-06, -3.928564754620129e-07, -5.466583688423175e-06, 1.2665231908935341e-06, 9.431553716698657e-07, 7.173708664762116e-06, 1.3191856815031431e-06, -2.2702319638068564e-06, 3.031581228699848e-06, -1.7707816506018603e-06, 9.170958541111943e-07, -4.242407912169476e-06]]}, "dipole": {"__ndarray__": [[3], "float64", [-0.0006257166826969606, 0.008395672354326072, 0.005666966541566836]]}}