{"forces": {"__ndarray__": [[14, 3], "float64", [-0.004077250439146149, -0.009225330887434876, -0.004008046487246066, -0.046054519715757435, -0.08091384567228266, -0.08639162879600293, -0.005441274094130695, -0.007950115529120961, -0.003783036208780547, -0.0001269310089922037, 7.771667395347797e-06, 0.00018769058801233757, 7.329649149151644e-05, -0.00031359578820439434, 0.00019256082341374925, 0.00041791915180360023, -0.000948158343955077, -0.0015059783062190578, 0.0005123634568443758, -0.000298153184719375, 5.2519072219104594e-05, 0.008403790332507079, 0.014715437671183102, 0.010792946873046773, 0.048041745577379, 0.08480672179406094, 0.08596843845429986, -0.0010567469388115401, -9.516226926143889e-05, -0.0015799057624944655, -0.0006946318026964318, 0.00021437188102045444, 7.002689045655819e-05, 3.0223704527983603e-07, 2.3914619538327696e-06, 5.918843513762315e-06, 3.7148349207799315e-06, -2.273201447308328e-06, 2.445220876869548e-06, -1.7780824577170733e-06, -5.959918792888768e-08, -3.951205096127044e-06]]}, "dipole": {"__ndarray__": [[3], "float64", [-0.0005079712233966096, 0.008567798541577513, 0.005677067633831068]]}}