{"forces": {"__ndarray__": [[14, 3], "float64", [-0.00034710106725086264, -9.173815503861249e-05, -0.00018620927479146953, 4.6406228615908996e-05, -0.00010001028176527833, -0.0002146396330833621, 0.01347776513634559, -0.005209191067698769, -0.008324252793129247, -0.11741365556349943, 0.07069554391772306, 0.07636455077857719, -0.0013734709884573, 0.00028963191347576925, -0.0005938460746435436, -4.288514819411987e-05, -1.987540988255019e-05, -6.550844238987772e-06, 2.623371899061106e-06, 7.074386472289012e-06, 5.012737115184177e-06, -7.2283019589909375e-06, -3.7588689923527328e-06, -1.1466395590833018e-05, 4.763449591879861e-06, -1.6647148114595691e-06, 4.4506909610131495e-06, 9.372187844726701e-06, -0.0005599030942182799, -8.289328699700503e-05, 5.256948163968999e-05, -5.2339025269584026e-06, 0.0001277403772278946, -0.007593684094610347, 0.010741923234044333, 0.011966097078550498, 0.11583521331823417, -0.07923390232502552, -0.08365945414791855, -0.0026506880102007196, 0.00349110436824445, 0.004611460787961471]]}, "dipole": {"__ndarray__": [[3], "float64", [-0.0007569243702559097, 0.008270596515897451, 0.005550339918239066]]}}