{"forces": {"__ndarray__": [[14, 3], "float64", [0.022566544385822732, 0.5021749102032441, -0.025148624207519128, 0.034957936574760325, -0.09827318806490737, -0.029710553402147295, 0.007645467881090463, -0.002985909871211607, -0.00015138935959401235, -0.00014926074812585035, 0.00028735536344775897, 0.0004643848216354069, -0.0799074212141736, -0.2212165314629782, -0.07701857040470922, -0.04280781221490445, -0.12111381918607228, 0.1075510258056327, 0.05277178133685085, -0.06224759253569695, 0.03094145121184903, -0.007788650300336972, 0.012292125726830805, 0.0029026038985183462, 0.012188946569443335, -0.008507153129235303, -0.009587431571758967, 0.00028502417306376106, -0.0005719684795608595, -2.270247095397463e-05, 0.0003333209590381611, 0.00016539755277111693, -0.00017144763526151898, -2.8251601962114157e-06, -1.8114443562636067e-06, 5.313480528426739e-06, -8.620986218747537e-05, 3.9724074072803563e-07, -5.132120426452327e-05, -6.8423801454101725e-06, -2.2119130159728976e-06, -2.738961954132829e-06]]}, "dipole": {"__ndarray__": [[3], "float64", [-0.0005338354957526917, 0.008360332169669563, 0.0057168183650556335]]}}