{"forces": {"__ndarray__": [[14, 3], "float64", [0.03597621086806561, -0.09704898982118122, -0.027067353344837244, 0.04997120635858305, 0.4968934073870369, -0.0036504892806911095, 0.01950061416950676, -0.0847869550749164, 0.009987926038438844, -0.011417945561087618, 0.012084798620734612, -0.008202729022743271, 0.012275243912851811, -0.006679913590539339, -0.008409442980566945, -0.0075188444302935606, 0.012703381551234691, 0.0022377226051320037, 0.0036730539155072142, -0.001926546080681016, -0.00033171476395761016, -0.03816084637338012, -0.12260640886945352, 0.10413471761735824, -0.08464962328291117, -0.2036829565128278, -0.08291851038620608, 0.00992120935359833, -0.002399335734508982, 0.006562558723423275, 0.010773986979508899, -0.0024072786895221574, 0.007854411961246146, -4.295296699656467e-05, 2.0680375453589604e-05, -7.2911901559787675e-06, -9.429457174173717e-05, -6.97636708100368e-05, -0.00015219843037952646, -0.00020701837121127716, -9.411989001820628e-05, -3.7607546060842676e-05]]}, "dipole": {"__ndarray__": [[3], "float64", [-0.0007105328759478295, 0.008382112616862315, 0.005648239855405419]]}}