{"forces": {"__ndarray__": [[14, 3], "float64", [-4.120372743946287e-06, -1.3476337738637464e-06, -5.3047692769305075e-08, 1.6809472000173e-05, -3.544315638380638e-05, 4.782848617035725e-05, -0.00017929836959457897, -0.0017757652957073131, 0.012967182633585657, 0.05778017314165205, 0.09973801681211857, -0.193005727063657, 9.430912190633627e-06, -9.12637803034768e-06, -8.890050778178825e-06, 3.86076494908806e-06, -7.18228591850412e-07, -3.625271370771119e-06, 3.0141839433698097e-06, 6.530434521216164e-06, 3.2381642966592557e-06, -0.00023081529456342125, -7.591173870046847e-05, -9.649655072844652e-05, 5.558755943126993e-06, -2.330888878612681e-06, 2.3450763609655413e-06, 5.8396241444081865e-05, 0.00015787845029349842, -2.94753151573774e-05, -6.199954364106844e-05, -0.0002545829910051711, 0.00028137858088785706, 0.0022964333453433473, 0.005679877258837995, -0.006926626318860099, 0.004558068142180131, 0.006750546949478966, -0.009177307421846734, -0.06425551137910339, -0.11017762359417824, 0.19594622809879048]]}, "dipole": {"__ndarray__": [[3], "float64", [-0.000850498762961648, 0.008201489518902687, 0.0056551231685038365]]}}