{"forces": {"__ndarray__": [[14, 3], "float64", [-0.00016419480183025106, 0.0002845109669695346, -0.00015369577162905668, 0.010190051718810636, 0.009844730331610412, -0.013587848429927192, -0.07853278459976083, -0.0435278547350666, 0.05576019170588986, -0.003206863940719165, -0.006949004545141759, 0.009094544722927684, -1.142484732227792e-05, 1.5521594508577885e-05, -6.610490529856689e-06, -0.0003659354688341079, 0.00023673238761733398, 2.9865598094794902e-06, -4.716959705472985e-07, 6.498340502203181e-06, 3.2942912127478478e-06, 2.677898519139833e-05, 1.73617655105445e-05, -7.111016822151882e-05, -0.0004514458364052805, 9.713061807573278e-05, -0.001074302699011459, 0.07714843007602322, 0.04899871375328695, -0.0610061739570254, -0.0032405369807814092, -0.007083017455370423, 0.011202975713951737, -0.001618238178060035, -0.0011151817862136472, 0.00015019752090446922, 8.208799535719178e-06, -0.0004415942985463132, -0.00037045232778625106, 0.00021842677012229083, -0.00038454693774162013, 5.600332943568349e-05]]}, "dipole": {"__ndarray__": [[3], "float64", [-0.0007331546383059746, 0.008460234253639865, 0.005603898690056182]]}}