{"forces": {"__ndarray__": [[14, 3], "float64", [0.0014619033079331133, 0.008506793128880044, 0.006251734650661693, 0.0839268425834488, 0.20335769134612572, 0.07644300804656852, -0.0002629148810744168, -0.011649734793136786, -0.0011930376833544417, 0.00011155570256108784, 4.444680726103384e-05, 0.00012890542413932142, 6.317012443034513e-05, 0.00017178761773556798, 0.0004814685271899081, -0.0006109204634952259, 5.570133617757531e-05, 0.0007265370260145768, -0.0011505205614013704, 0.0017075225397857954, 0.0005157771189931615, 0.007122509781165293, 0.010415714951224923, 0.00393569504304551, -0.09022846397717516, -0.21198702908526906, -0.08697511214235973, -0.00010551406288838682, -0.00030957567599278364, -0.00018192798259950385, -0.0003280277003349908, -0.00031574359443094403, -0.00013804366976658656, 4.201450680695597e-06, 5.726294544151908e-07, 9.073507726829661e-06, -1.1306710627033398e-06, -1.3416680715898413e-06, 1.9285281284274927e-06, -2.6906327871471654e-06, 3.194460255604627e-06, -6.006394387514994e-06]]}, "dipole": {"__ndarray__": [[3], "float64", [-0.0007676669362754904, 0.008306628760754267, 0.00547482612699566]]}}