{"forces": {"__ndarray__": [[14, 3], "float64", [-0.06495054374604677, -0.1039625675540048, 0.19734520339164885, -0.004532838753796195, -0.002096036730837545, 0.006888768041289774, -8.98057396554184e-05, 0.00025412391150140786, -4.527492431861187e-05, 7.50497199424093e-06, 5.548980666477783e-06, 1.7523025385725498e-06, 0.002254665449187383, 0.0026213281940012014, -0.012176334987357727, 0.07108001187500952, 0.10836967496965617, -0.20154863101595116, -0.0027484580766107027, -0.005776837982911091, 0.00796271710208305, -0.0003907060425843725, -0.00013835910840486373, 0.0001183512887549099, -0.0006169396960294557, 0.0007124298045846385, 0.001507733255676586, -6.973595597064866e-06, 1.499441541901409e-05, -5.3488078243797726e-05, -7.392737926214222e-06, 1.44003621689597e-06, -3.31055553982928e-06, -3.579185884545826e-06, 1.8351939480133546e-06, 5.500327406129741e-06, 7.190249398953858e-06, -6.235796581215263e-06, -1.9140480964745542e-06, -2.1349714587399454e-06, -1.3383332549889121e-06, -1.0720998900788326e-06]]}, "dipole": {"__ndarray__": [[3], "float64", [-0.0003117270214339483, 0.00848845384363287, 0.005554153591510499]]}}