{"forces": {"__ndarray__": [[14, 3], "float64", [0.012555031391015428, -0.007502269282664618, 0.0034099324466249597, 0.12553794477024818, -0.019122360827164543, 0.04157158320356338, -0.4457947124917522, 0.015747353689831357, 0.05183352531128996, 0.10562762675586101, 0.03849171663708916, 0.02006515681198295, 1.755421149053982e-05, -0.00017602880091750157, -0.000277190020624364, 0.0006038236949072014, 2.0442498199743665e-05, -8.09799040297192e-05, 4.58219310151699e-05, -0.00024138564669192917, 0.00014698614544720847, -0.010197237179026318, -0.000472280496216034, 4.681151572255714e-06, 0.007383079139327132, -0.00021126239827808348, 0.0054607405744248865, 0.07819346283023919, 0.04682805029959359, -0.05693140160723549, 0.12943300081626244, -0.08436788401836047, -0.06996990272522242, 0.007174729389998306, 0.012552908065672153, 0.00453240548472353, -0.01374272777771546, -0.00660562810973579, 2.7645229531332777e-05, 0.0031626025181299595, 0.005058628389643119, 0.00020681789795133979]]}, "dipole": {"__ndarray__": [[3], "float64", [-0.000674791585171528, 0.008342888786954999, 0.005578123659027551]]}}