{"forces": {"__ndarray__": [[14, 3], "float64", [0.00015948084298325027, -0.0002820193676097117, 0.00014418547227816375, -0.010471512666785403, -0.009841647620377756, 0.013507296754577212, 0.07820376145481021, 0.0435169978830147, -0.055407109435589456, 0.00319153219076234, 0.0072522026779994475, -0.009309883053855866, 5.66041704323755e-06, -1.9623236778125947e-05, -3.8990891678228026e-07, 0.00036238837794652315, -0.00023130194453284124, -4.0433623773057225e-06, -2.2604075857520533e-06, 8.820339129574315e-06, 1.1267626217788258e-06, -2.9563029084496233e-05, -1.6820478803441815e-05, 7.688862013082558e-05, 0.00046119953387151327, -0.00010392993934993197, 0.0010645281026069053, -0.07648708069817041, -0.049404625444513024, 0.061310993184420175, 0.0031824718149055186, 0.0071417280187033375, -0.011567038183868691, 0.001658431478235567, 0.0011490510127558564, -0.00013610378095046802, -8.61385840238458e-06, 0.0004332905517675292, 0.0003852752223730845, -0.00022589545052925831, 0.00039787754859409256, -6.57263934490916e-05]]}, "dipole": {"__ndarray__": [[3], "float64", [-0.0005174470813893111, 0.008333589764166942, 0.005728165749541779]]}}