{"forces": {"__ndarray__": [[14, 3], "float64", [0.0002745835596677088, 1.9573267026035744e-05, -3.8062792058785146e-05, -0.00014311888805189913, -0.006324130540898784, 0.008233761328550105, -0.05608890523084124, -0.09611782221743254, 0.19396010173847308, 0.00028260862950044033, 0.0017344568226195485, -0.012032993373892197, -4.59329099182434e-07, -9.265759073733349e-06, -3.7267014121818223e-06, 1.5663253688966256e-05, -4.4261509280408235e-06, -5.370164553187505e-05, 3.226743984994282e-07, 6.574054178016519e-06, 4.180210061799132e-06, 7.143042195512157e-05, -0.00040468309470080934, 0.00014065388418162166, 0.0009723859378701597, -0.00017906502038824698, 0.0015819646266407531, 0.0600532190961357, 0.1068911450505703, -0.20111842386091602, -0.005594640165344633, -0.0058934688295524335, 0.009818862298434443, 0.00013790988576934163, 0.00011245107822903864, -0.00023998940363529752, 8.312280888325312e-05, 0.00031932822477774824, -0.0002776169820923527, -6.412265453183244e-05, -0.00015066688442539944, 2.4990673197361672e-05]]}, "dipole": {"__ndarray__": [[3], "float64", [-0.0006135063425250646, 0.00860909058702675, 0.005622892056165591]]}}