{"forces": {"__ndarray__": [[14, 3], "float64", [-0.02795409277837774, -0.5081710508972291, 0.01806391203057039, -0.03348155918021468, 0.09706269590727641, 0.029808368283873364, -0.0075465894964868, 0.002995388325780604, 8.916300808348383e-05, 0.00015398205650386635, -0.0002798853913300716, -0.00045565743771806036, 0.08378098315755085, 0.22818615064157058, 0.08082663126562108, 0.04244662181676817, 0.12065778197554233, -0.10429966785530809, -0.052610940932513055, 0.06295452846438028, -0.030519379871122188, 0.007640711388155867, -0.012080005654006205, -0.0029605472218259547, -0.011908994090618966, 0.00827606395776979, 0.009200195772883724, -0.00028149510592613195, 0.0005654018324956424, 2.943125264346809e-05, -0.0003354397962814482, -0.0001693530490817825, 0.00015690515648755657, 5.277051799998109e-06, 3.721845219743414e-06, 8.99143402919133e-06, 8.820665856781479e-05, -5.49361188634387e-06, 5.742466846586263e-05, 3.3292510726837292e-06, 4.055653497827312e-06, -5.770486683870659e-06]]}, "dipole": {"__ndarray__": [[3], "float64", [-0.0007142715703585998, 0.008432177973022573, 0.005618908327942941]]}}