{"forces": {"__ndarray__": [[14, 3], "float64", [0.03871488227914732, 0.12095687717672668, -0.10154169600431505, -0.0009392931882919141, -0.012938608162335025, 0.00931414816945891, 2.6079859368299e-05, 8.600025039683267e-05, 1.694308999556066e-05, 1.0675906159171343e-06, -1.3668816548722442e-06, -3.632225194693205e-07, 0.006391578770286327, 0.008699769441603984, -0.016222687991249294, -0.04422404166563333, -0.11866314983000162, 0.11178594612680312, 0.0006538017631149425, 0.0017870721564909602, -0.004171853855421099, -9.468004827084202e-05, -9.057281647158285e-05, -0.00014174901150127312, -0.0003110289960443869, 5.8946624023803775e-05, 0.0009592168154581161, -0.00023464284651183252, 9.383363237640068e-05, -2.562636271380693e-06, -4.639464395476961e-06, -4.501418579497318e-07, -6.081662361597943e-06, 3.881793054395978e-06, 1.183930277035805e-06, 8.39635956449642e-06, 1.924887078141437e-05, 7.645819734221483e-06, 7.505476614956031e-06, -2.2147172204715483e-06, 2.8188006912851533e-06, -5.161654255063868e-06]]}, "dipole": {"__ndarray__": [[3], "float64", [-0.0007633132817576078, 0.008497511345249478, 0.005803547276257355]]}}