{"forces": {"__ndarray__": [[14, 3], "float64", [-3.121172768759683e-05, 0.00033546282143051873, -6.324676064558426e-05, -0.009605359972463793, 0.010893172110986794, 0.007689396112362513, -0.1291824347629504, 0.08059165898781032, 0.07195843954589348, 0.01317009147430305, -0.006496854410446062, -0.007368529830158146, -1.6439001922091285e-06, -3.353794562199809e-06, -3.553371863926597e-06, 3.4903729618713014e-06, -2.8101109010023324e-06, 1.142427009213467e-06, -1.5269275886911165e-06, 6.77822897503818e-06, 5.923366294524942e-07, -0.0005478061562541978, 0.0007902637539056534, -0.0008096246846480055, -0.0028760557535858627, 0.00031771333309703716, -0.0006949869742749319, -0.003210541347591883, 0.004262329504802313, 0.005779807686278706, 0.13239457103636393, -0.08939590305606152, -0.07560880659905991, -0.00020428205593772827, -0.0007585733157906317, -0.0009226063507160498, 6.0514609464473135e-05, -3.6734916727191646e-05, 0.0001034590891215367, 3.219511115908275e-05, -0.0005031491365185726, -6.148262592760877e-05]]}, "dipole": {"__ndarray__": [[3], "float64", [-0.0006254248621969583, 0.008234052090510055, 0.0055897777949794145]]}}