{"forces": {"__ndarray__": [[14, 3], "float64", [0.06762956180806738, 0.10795664368432452, -0.20175845417326752, 0.004697956839798609, 0.0022990621349812516, -0.007092501279133889, 8.699610046305288e-05, -0.00026117138495512527, 4.710401016172613e-05, -1.9443184544925937e-06, -4.587542680896296e-06, -1.987572245838029e-06, -0.0023781835614522053, -0.002735949170582192, 0.012682212217688097, -0.07400049702843182, -0.11274916439387639, 0.20593256899930218, 0.0029269493274853356, 0.006092043211771909, -0.008207675402922587, 0.00040200307664626253, 0.0001441295485565329, -0.00011515000060487338, 0.0006413770932444383, -0.0007382984596236781, -0.0015408486295111089, 5.9464929991266926e-08, -5.305652166467176e-06, 5.303305456082089e-05, -4.2448066818602e-06, -2.244952390358518e-06, -7.646342625170939e-06, 6.122795721400951e-06, 4.29293679719103e-08, 8.864965184881016e-06, -4.731167416008575e-06, 1.6110942600984289e-06, 7.923550669560281e-06, -1.4256239201712306e-06, 3.188953013233773e-06, -7.443397256374765e-06]]}, "dipole": {"__ndarray__": [[3], "float64", [-0.0009423467020909505, 0.008301839427817894, 0.005779133000932795]]}}