{"forces": {"__ndarray__": [[14, 3], "float64", [-0.00552098506525426, -0.0030451528303131557, 0.008018086831934345, -0.06352357427013783, -0.10759754291459707, 0.19257038259677872, -5.632616385298249e-05, -0.006765140138797227, 0.00855106148464944, 0.00022492838446900798, 5.038808537886173e-05, 0.0005925936960429036, -0.0007027122495379227, 0.0008145768672100969, 0.00163775157881441, -0.0004056901191523887, -0.00014774810049727197, 0.00011720056164520628, -0.0008275939302596012, 0.0004343540427188677, 8.304970188472567e-05, 0.06729086922083201, 0.11318146308800954, -0.20067911826978274, 0.0023793824253315336, 0.00392534392418351, -0.011240176404909681, 7.310670711197134e-05, -0.00041162134690353973, 0.0001402917461573359, 0.000804200795088883, -0.0005422169097365097, 6.0650242208263114e-05, 2.3248408616376338e-06, 1.173512819221717e-06, 9.11427473989957e-06, 1.5547189939219872e-05, 9.731778347457933e-06, 4.432498547673238e-05, 0.00024652223456026373, 9.239094217793216e-05, 9.478697436192113e-05]]}, "dipole": {"__ndarray__": [[3], "float64", [-0.0006094739277204559, 0.0085025256890016, 0.005465509649739203]]}}