{"forces": {"__ndarray__": [[14, 3], "float64", [0.0041683658366849915, 0.009561384766677205, 0.004006452734312316, 0.046272167716445246, 0.08130139854621166, 0.08629913338300983, 0.005681884206812614, 0.008201804123119499, 0.0037837260964496944, 0.00013938317132064672, -6.81501751838496e-06, -0.00019584368142196114, -8.321789665038868e-05, 0.0003203987623652869, -0.00020647548158008895, -0.0004223426743304437, 0.0009721877910435268, 0.0015425450808963547, -0.000520810082203298, 0.00030273268645540836, -5.1750020675086816e-05, -0.008465004014034603, -0.014828763668134178, -0.011186591899565534, -0.04852648655796556, -0.08570601657597121, -0.08553190778501137, 0.0010823598991727466, 0.00010643046245364116, 0.0016187049221848767, 0.0006743354100793642, -0.00022384307761301136, -8.55321036232432e-05, 2.186746973308145e-06, -5.047086139725971e-07, 8.409567324092662e-06, -1.0496442610989445e-06, -2.260230025672509e-06, 3.638272117958138e-06, -1.7721180436181027e-06, 1.8661395502598016e-06, -4.509084417512888e-06]]}, "dipole": {"__ndarray__": [[3], "float64", [-0.0007424707979300926, 0.008224877839691539, 0.005660137997052562]]}}