{"forces": {"__ndarray__": [[14, 3], "float64", [-0.001301046174129212, -0.008278005109575538, -0.006026484687878958, -0.08087828467997733, -0.19906509081505971, -0.07344879242418588, 0.00021231570318033157, 0.011229043688588361, 0.001092044518571827, -0.00010535020842055673, -4.357865645034636e-05, -0.00012843987782655385, -6.761689710999912e-05, -0.00017130674482571974, -0.0004727398912931305, 0.000606838264705367, -6.691357051074344e-05, -0.0007240077862506301, 0.0011190150796265594, -0.0016577813196555968, -0.0004989702555573644, -0.006812124853875085, -0.01011708550870472, -0.0037308078234790042, 0.08682433935318018, 0.20753423698490195, 0.08363430222768765, 9.553255066527734e-05, 0.00032005367120289046, 0.0001731669844742669, 0.00030516835513244497, 0.00031971892085297507, 0.00012382592411878745, -1.660178975398573e-06, 1.318027600571529e-06, 5.278526615344493e-06, 3.7619489915423652e-06, -3.2334589470369475e-06, 4.072656933776254e-06, -8.882629933692179e-07, -1.3761094166774801e-06, -2.4480919303961375e-06]]}, "dipole": {"__ndarray__": [[3], "float64", [-0.0004842669921726085, 0.00848619175356266, 0.005857999903968366]]}}