{"forces": {"__ndarray__": [[14, 3], "float64", [-6.718156114147916e-07, 1.1148460761126136e-06, -2.760487505105206e-06, 2.0434227811743473e-05, 4.1702329294887665e-05, 0.00023043939260563556, 0.006953317056619586, 6.070248906449457e-05, 0.004417830365249805, 0.20416054789318042, -0.06713655346596692, 0.10006608252024575, -6.670367491204568e-06, -4.4828917782535105e-06, -4.9815250846756685e-06, 3.6127748589010953e-06, 9.767208020228908e-07, -5.2730666335505925e-06, 2.5475652253862927e-06, 5.98186664717798e-06, 4.440347439622302e-06, -2.499745271556043e-06, -8.558656131402514e-07, 3.5232869699465253e-06, 4.1201623997509096e-06, -1.1863816072127104e-06, 3.0148245154361673e-06, 0.0016166529128673393, 0.0010034817574767216, 0.0001384805707683499, 0.00020101592761359444, 0.0008155737436290765, 0.0006844652701144405, -0.20865325334962198, 0.06801827720887271, -0.10735146404146403, 0.00761903238983752, -0.0039991470873582975, 0.004134152585405625, -0.011918185632418227, 0.0011944147304615085, -0.002317950042627473]]}, "dipole": {"__ndarray__": [[3], "float64", [-0.0009312445325344475, 0.008426979718809543, 0.005421255166310027]]}}