{"forces": {"__ndarray__": [[14, 3], "float64", [0.0001495063922196302, 0.0001602205475044838, -5.4278222822302125e-05, 0.00457247673371621, -0.0024069844363100042, -0.0005959963309801362, 0.08228576541162741, -0.14006689903645492, -0.08589820482414637, 0.0071729714617789365, -0.010051446596309816, -0.008959194296444904, -5.825518436670199e-06, -2.8587596236799093e-06, -3.9768522365353985e-06, 3.614651012527571e-06, -1.5832484874166457e-06, -2.300337294356333e-06, 5.922348975458362e-07, 6.572566907862067e-06, 4.272444663189573e-06, 0.0009767275036204081, -0.0011142441243568281, 0.0005390516923847881, 0.00019257579150123283, 0.00031187140614876905, 0.00021797487775310434, -0.0069774619812663675, 0.011440398683533765, 0.005989152269181117, -0.08715626550670678, 0.14449238633514136, 0.09028034147915369, -0.0008121528519612293, -0.0006407191671767479, -0.0009402372024807868, -3.079885859695869e-06, -0.0001383207122435833, -0.0003182204078149551, -0.0003994444361430216, -0.001988393458273941, -0.00025838428891470294]]}, "dipole": {"__ndarray__": [[3], "float64", [-0.0008123868480844447, 0.008509189274149934, 0.0057962036352408085]]}}