{"forces": {"__ndarray__": [[14, 3], "float64", [-5.440607964132186e-05, 4.607103525968894e-07, -4.0795477452579255e-05, -0.00032892323146781877, -7.045670265680956e-05, 4.764875273312143e-05, 0.006683743164203463, -0.00849816878378501, -0.008851473026864613, 0.07817963774577857, -0.13931885825146767, -0.09673731585129343, 0.00027102731496916015, 0.00014299337341063312, 0.00010475378011228664, -2.4440503195068577e-05, -1.1616451401636109e-05, 3.4826664373915446e-06, -3.1192450497906447e-06, 7.293274914801067e-06, 1.5394582348394168e-06, -5.2172355312559395e-06, -1.1289037549186288e-06, -9.289743185619672e-06, 4.818703390057859e-06, -5.055692499074391e-06, 2.063558913646579e-06, -0.0004472557589840325, -0.002213018093326257, -0.0003314995008927144, -4.0122776090870165e-05, -0.00013926148528883118, -0.0005003794976579026, 0.0041300325415786505, -0.003130173824726577, -0.003258336557318359, -0.08115794621832086, 0.1391040441449944, 0.102626370835884, -0.007207828421639035, 0.014132946685235025, 0.006943230602350035]]}, "dipole": {"__ndarray__": [[3], "float64", [-0.0005660007020708408, 0.008444094042399548, 0.005901812375674608]]}}