{"forces": {"__ndarray__": [[14, 3], "float64", [-0.06495054374607796, -0.10396256755399505, 0.19734520339167488, -0.004532838753796324, -0.0020960367308134314, 0.006888768041274491, -8.98057396765442e-05, 0.00025412391149610747, -4.5274924349801935e-05, 7.504972020484402e-06, 5.548980659749921e-06, 1.7523025454282933e-06, 0.0022546654491927007, 0.0026213281940163226, -0.01217633498735402, 0.07108001187500923, 0.1083696749696495, -0.20154863101594633, -0.002748458076604597, -0.005776837982911916, 0.007962717102067932, -0.00039070604256575284, -0.00013835910840682416, 0.00011835128877135029, -0.0006169396960403869, 0.0007124298045614912, 0.0015077332556723722, -6.973595583369712e-06, 1.4994415415122354e-05, -5.348807824065475e-05, -7.392737909549278e-06, 1.4400362113011777e-06, -3.3105555270882247e-06, -3.5791859044806206e-06, 1.8351939596662022e-06, 5.500327403291882e-06, 7.190249409300658e-06, -6.235796586333186e-06, -1.9140481042155117e-06, -2.1349714722999875e-06, -1.338333255145818e-06, -1.0720998867108018e-06]]}, "dipole": {"__ndarray__": [[3], "float64", [-0.000311727021432553, 0.008488453843632627, 0.0055541535915101525]]}}