{"forces": {"__ndarray__": [[14, 3], "float64", [-0.009611444454828396, 0.002954382720855845, -0.005530188360885107, -0.026704934857223667, 0.08468581148658005, -0.015383094054274482, 0.013962636337192053, -0.4725532959524917, 0.0041321751538558465, 0.04318045476455901, 0.1325464035094824, 0.025200658780374578, -0.000270543697813933, 0.00040635923152180636, -0.00024652962534005973, 0.00015199208615720457, 8.200515220339619e-05, 0.00026245157341185893, -0.0002141397557576213, -0.00026069924619612965, 3.466668833011351e-05, -0.00988257260331866, 0.002341171956851407, -0.00671907785334303, 0.012598490738056335, -0.011539104555876192, 0.00804553933361154, 0.04336873378126623, 0.11805386077555294, -0.09666709968148152, -0.07843366936180396, 0.13972019249809006, 0.08018517928991072, 2.7641150846625462e-06, -0.012862999272792247, 0.0004903441320716363, 0.005287266543304059, 0.008475207836501972, 0.004330825999021855, 0.0065649663651265715, 0.007950703859717483, 0.0018641486247348343]]}, "dipole": {"__ndarray__": [[3], "float64", [-0.0007150449436567712, 0.008503561573773844, 0.005644635465615697]]}}