{"forces": {"__ndarray__": [[14, 3], "float64", [0.10581014978165681, -0.03090127356642969, 0.12774061533197062, -0.008461783013589122, 0.000299492361401423, -0.014127063958221267, 0.00015120354290265662, 3.424667531543608e-05, -2.66625403857521e-05, 7.898130400869447e-06, -5.7241154826312e-07, 2.617658183137412e-06, 0.006194407980386328, -0.0012396461649308438, 0.003277784418897224, 0.014853348395469429, -0.004288812860119415, 0.008224845055088944, -0.11714448451430187, 0.03542711403121547, -0.12513876568855553, -0.0010162301671599754, 0.00016204266427292577, 8.942244732201713e-05, -0.00038748660984495794, 0.0005042396055044987, -4.637522842120122e-05, -3.627633981768431e-06, 4.405119095492281e-06, 1.7072784291731438e-06, -4.205323820355045e-06, -2.4368259810593654e-06, -5.82322338900111e-06, 3.4708096734485596e-06, 3.2776832224736547e-07, 8.811520515964465e-06, -1.4721842351591286e-06, -1.5998485710321591e-06, 4.134654359578874e-06, -1.1891935567563472e-06, 2.4734524528070483e-06, -5.247725792522041e-06]]}, "dipole": {"__ndarray__": [[3], "float64", [-0.0008578335441044021, 0.008475337238590074, 0.005737286285745003]]}}