{"forces": {"__ndarray__": [[14, 3], "float64", [-0.0014442070610084518, -0.00015475353790034155, -0.00026521201796629953, -0.010560112368332937, -0.011628838250961076, -0.006993608814278934, -0.10560014692234866, -0.043175133338879186, -0.02101421093990427, 0.5035181795939295, -0.03543574738610155, -0.014082015268306911, -0.00038369712487219495, 0.00013140708190244852, -3.5757332126481594e-05, -3.039992112079459e-06, 8.979819541686107e-08, -5.172458563051543e-06, -1.1137996721334235e-06, 1.0280228615926147e-05, -2.851406176932745e-06, -0.00014943094688114143, 0.00020508752266466102, -0.00022466873417885188, 2.1300109417105374e-05, -0.00011880561462416292, -0.00013675230052488056, -0.0032143637294846255, -0.00599323978931529, -0.0003193557094836445, 0.013129300116505082, 0.007346312821007719, 0.00135753698736376, -0.20369953761102985, 0.0603686602730898, -0.09958218237231677, -0.11770955712922114, 0.07788229323013555, 0.08255581058085915, -0.07390357313488768, -0.049437613037829856, 0.058748439785603825]]}, "dipole": {"__ndarray__": [[3], "float64", [-0.0007640714528351647, 0.008432626795199417, 0.005634866774372066]]}}