{"forces": {"__ndarray__": [[14, 3], "float64", [4.008811746452878e-06, -5.619382195796337e-06, -1.978766410253182e-06, 3.7015975178538686e-05, 1.7748266819797448e-05, 4.7311276129912225e-05, -0.01241749229079563, 0.01257053396206727, -0.008020297831678506, 0.06183879719485563, -0.08118233794676727, 0.03909793891477905, -4.754830889912035e-06, -3.1046587944621775e-06, -3.945708773872869e-06, 4.304027139740133e-06, -1.86774404660559e-06, -1.3724001184496584e-06, -2.42582699713682e-07, 7.046458032075366e-06, 2.8558157998916534e-06, -2.0339115553685358e-06, -8.969381386389888e-07, 2.2699344530961793e-06, 5.767749287681772e-06, -3.7105438410263508e-06, 3.538169261201787e-06, -0.001142180734904804, -0.00047003985849952755, -0.00011516031778113955, -0.0007743390616684884, -0.0006440420152256601, -0.0011457975219644242, -0.06911949911530775, 0.07572368423996326, -0.04336508977864477, 0.010811383281505592, -0.0031353574911589252, 0.007829974237010932, 0.010759265488107824, -0.002872036348214261, 0.005669753977937673]]}, "dipole": {"__ndarray__": [[3], "float64", [-0.0007261737514326794, 0.008259833368639861, 0.005613505436111964]]}}