{"forces": {"__ndarray__": [[14, 3], "float64", [-0.0002797760570464212, -3.276971566440459e-05, 3.594710641043848e-05, 0.0002426451476080677, 0.006602920482373168, -0.008459680743031698, 0.0580917421042517, 0.09982972031207189, -0.19795214533421843, -0.00029988403920183686, -0.0018442589785458172, 0.012468452167673706, -5.200401580243179e-06, 4.746669121573863e-06, -3.1920387384841473e-06, -6.0226747404553e-06, 1.0763979066969652e-07, 5.2820132673028744e-05, -3.0088902118472712e-06, 8.719904336888802e-06, 2.484713376828195e-07, -7.814354041917469e-05, 0.00042059920444579343, -0.00013809970715703568, -0.0009890526871143396, 0.0001760934422648685, -0.0016166971142509497, -0.062340829673684955, -0.11105133628459554, 0.20522266108447537, 0.005832626062637218, 0.006180266567821944, -0.010109385569452956, -0.0001429373019097212, -0.00011574957876771398, 0.0002512347033382797, -8.253120651210796e-05, -0.0003326921864464276, 0.0002804539526322164, 6.0373157923338794e-05, 0.000153632521792694, -3.261711168971489e-05]]}, "dipole": {"__ndarray__": [[3], "float64", [-0.0006386074172563597, 0.008181439942352058, 0.005709544672053384]]}}