{"forces": {"__ndarray__": [[14, 3], "float64", [-0.006375030187793193, 0.00014613981091743478, -0.013553976437871696, 0.036411496641147865, -0.01021816311641062, 0.0996325378724266, 0.05115450456215174, 0.00805268339955292, -0.4921061847482052, 0.02123492367185964, 0.021819010797898126, 0.08246303761406906, -1.8429433168701984e-05, -8.887468365047151e-06, 5.858745750355024e-05, -0.00022282080875258312, 1.6653133964904875e-05, -4.678961976693827e-05, 4.0489740002831966e-05, 8.743782124514849e-05, -2.3127995558275332e-05, 0.013375873021604489, -0.005262315845558956, 0.008328409352834848, 0.007438549117598248, -0.0011214093264893534, 0.003769901492283065, -0.05678680362966469, -0.10520011886845483, 0.19827609490008946, -0.07053704465719342, 0.08554366441035868, 0.12162743358912897, 0.004616084750266816, 0.008080757359626406, 0.002344823877220776, 0.008462777568605372, 0.008752907883017367, 0.0025179627149080164, -0.008794570356664368, -0.010688359991301554, -0.013288710069062092]]}, "dipole": {"__ndarray__": [[3], "float64", [-0.0006892576864769831, 0.008360914835355055, 0.005666037433825524]]}}