{"forces": {"__ndarray__": [[14, 3], "float64", [-0.4941787695534907, -0.026382956188820736, -0.02903003418622912, 0.11727481233886762, -0.03690626085112848, -0.03530471285356392, 0.012791484075985444, -0.00966857414315945, -0.006509107262013308, 0.0014465203243115541, -0.00011443928319569225, 0.00010904123917006297, 0.09322470995163674, 0.08884955913541207, 0.03554093183034813, 0.07529331094527232, 0.03827249940562841, -0.06620522589713256, 0.20215355436466792, -0.0535745961196932, 0.10233193227682993, 0.0038501238092503182, -0.0015702336137107052, -0.005488712520338513, -0.012397596445756581, 0.0013687193421644153, 0.0041777504359837205, 0.0001588223877069405, -0.00016113886449694532, 0.00028742770854323476, 2.935271805969318e-05, -0.00016092944814213, -7.627842993547739e-05, 6.995380603219523e-07, -3.060003059437335e-06, 1.101801775707864e-05, 0.00034837051333240433, 5.406746098153634e-05, 0.00015597795459816908, 4.60503209634071e-06, -2.656828779381868e-06, -8.314017046041379e-09]]}, "dipole": {"__ndarray__": [[3], "float64", [-0.000474179887504029, 0.008389011037972908, 0.00572691468764757]]}}