{"forces": {"__ndarray__": [[14, 3], "float64", [6.803838105966526e-08, -2.884310809747457e-06, -2.6941362977459074e-06, 2.021224372991826e-06, -2.3513206972977247e-06, 4.187896332355974e-07, 6.060760601850109e-07, 8.721001582714449e-07, -6.990810521553628e-07, 2.855795358469132e-06, 5.278484949172605e-07, -1.2198462387101454e-07, -2.872793896870248e-06, -2.1471202629863654e-06, -3.473659054031717e-06, 3.8596206201384765e-06, -1.646393082458921e-06, -4.4598152946721524e-07, -1.3450111854365869e-06, 7.643690777506356e-06, 2.2203600999707537e-06, -1.7106080974540442e-06, 5.832801282892725e-07, 2.471628467356099e-06, 4.083256636773957e-06, -4.102417232741161e-06, 2.074766297958638e-06, -2.5482604739856485e-06, 4.307479739543006e-06, -2.470002384532597e-07, -5.83226497403684e-06, -3.928564811460079e-07, -5.466583675858909e-06, 1.2665231707805945e-06, 9.431553834148346e-07, 7.173708661740275e-06, 1.3191856918541399e-06, -2.2702319689249915e-06, 3.0315812209532606e-06, -1.7707816640725687e-06, 9.170958542220013e-07, -4.242407908979858e-06]]}, "dipole": {"__ndarray__": [[3], "float64", [-0.0006257166826989434, 0.00839567235432599, 0.005666966541566434]]}}