{"forces": {"__ndarray__": [[14, 3], "float64", [0.03501020619372731, -0.019253546444500995, 0.5056466631613686, 0.030457283484230616, -0.027613875179209546, -0.10449844790391724, -0.00348943389245109, 0.005522628498915526, 0.013745570213780782, -0.00025644382781462026, 9.903780851673222e-05, 3.795933265097793e-05, -0.03184638266433995, -0.07657187296638958, -0.07803671777380537, 0.06687902722873067, 0.09840829079571652, -0.19689934848226237, -0.11311415568021091, 0.0347366368736843, -0.12796944978860866, 0.011578589676439037, -0.009223071510490908, -0.008011830406060941, 0.005178457464797775, -0.006223154495682701, -0.004021043656680345, -0.00015096615474223957, 0.00021320284712933772, 3.6540493861806e-05, -6.626267223199587e-05, -5.3530944356962635e-05, 2.598852759805891e-05, 1.3076997026294433e-06, 1.6548334481269586e-06, 2.5184125072844617e-06, -0.00017736264750620547, -4.0310663573418875e-05, -5.6814530551174285e-05, -3.864208331636579e-06, -2.0894532074659073e-06, -1.5875998812934513e-06]]}, "dipole": {"__ndarray__": [[3], "float64", [-0.0005506679206949087, 0.008388925615692119, 0.0056553165327393904]]}}