{"forces": {"__ndarray__": [[14, 3], "float64", [-0.00015594283219549153, -0.00017465597160556671, 5.1242455415153866e-05, -0.004655603864147227, 0.002422581548368764, 0.0006976077490234585, -0.08452971790207367, 0.141394249537023, 0.08789132561216402, -0.007425827681723713, 0.010389252469910256, 0.009421345040091907, 6.828856609786523e-08, -1.4278153265718567e-06, -2.9666890287512758e-06, 4.123839974187553e-06, -1.6959440089465213e-06, 1.3843261133303827e-06, -3.2682972391036446e-06, 8.715163107134509e-06, 1.669736621809939e-07, -0.0010023153050698495, 0.001136953398310562, -0.000544798599004053, -0.00016660559181684494, -0.00032359201467705676, -0.00022028008063061064, 0.007249492379865087, -0.011849254936315565, -0.006079513573283763, 0.08943988071973713, -0.14582987973072178, -0.09277575565122953, 0.0008312649096032235, 0.0006447059419287811, 0.0009646653953407407, 7.4108379708861436e-06, 0.00013504139405079422, 0.00033704460622377663, 0.000407040498549571, 0.0020490069599566284, 0.00025853243514340087]]}, "dipole": {"__ndarray__": [[3], "float64", [-0.00043877437060464144, 0.00828407345820276, 0.005537295329823889]]}}