{"forces": {"__ndarray__": [[14, 3], "float64", [0.012105835912475658, 0.011992205120875971, 0.005138762329106682, -0.10399789734381347, -0.08236506166710635, -0.042419962033524536, -0.007351744037470209, -0.012407955976798642, -0.0073322826317603765, 2.208156839595923e-05, -6.643354239979917e-05, -0.00033272464355740366, 6.0565143011613904e-05, -3.7610867664203676e-05, 0.00010429441737153938, -0.00010280491013005937, 0.00031547820954543326, 0.0006294366701412583, -0.0005000102365219042, 0.0013401253035209679, 0.0003959810775119587, -0.0022793111135026617, -0.0070797762302470335, -0.0022732332270304382, 0.1053111678673829, 0.08775793737731065, 0.047818225701944314, -0.00045863449888630073, 0.0003753480555643322, -0.0009744945290102109, -0.002810310533716005, 0.0001744935271414885, -0.0007629768606909379, 1.2067069407618773e-06, 2.6141640270712625e-06, 7.594589504127212e-06, 2.0263310130853624e-06, -1.546573824061165e-06, 4.122728248692076e-06, -2.170855179242624e-06, 1.8310005466442953e-07, -2.7435882547647156e-06]]}, "dipole": {"__ndarray__": [[3], "float64", [-0.000667616608464733, 0.008507836693586486, 0.005768917519667331]]}}