{"forces": {"__ndarray__": [[14, 3], "float64", [0.07542147654740484, 0.04254527076666175, -0.06817339274984219, 0.003642805133961381, 0.007646036678170144, -0.0107576924997658, 0.0006259225528386414, 0.0001479130476342649, -0.00023185752429332612, 9.828515357976215e-06, -2.720438242383046e-06, -3.865505193943861e-06, 0.0019392561046216838, 0.0047100046050521935, -0.007302742178880738, -0.06966650157473274, -0.043731815942241334, 0.07269161043774587, -0.012341010866822556, -0.01038085001217107, 0.014576990369384512, -0.00015169761569767235, -9.428529795058407e-05, -0.0004053206511623233, 0.00011248373636389182, -0.000617111208133943, -0.00041758183554944976, 0.00036735142995531736, -0.00025035659659396246, 1.0643887810704483e-05, -5.476142361689261e-06, -1.286751715050992e-07, -4.683709614104541e-06, 9.731728888353602e-07, 5.270639769640842e-07, 7.980402966278147e-06, 4.814012699527131e-05, 2.635028041793899e-05, 1.4116895333582058e-05, -3.551120773656116e-06, 1.1657285917763957e-06, -4.205338937949427e-06]]}, "dipole": {"__ndarray__": [[3], "float64", [-0.0006631316783154949, 0.008356901276652085, 0.0058005799698347986]]}}