{"forces": {"__ndarray__": [[14, 3], "float64", [-0.2026029592157017, 0.051666252015082736, -0.10930412198233111, -0.008598812637953417, 0.0036254488708283308, -0.0036789174791012134, -5.3976251318827755e-05, 0.0002048817683507912, -4.182513132493237e-05, 3.2647254533870747e-06, 2.393223939918219e-06, 3.90921378618279e-06, -0.005427819492155178, 0.0004127768143249328, -0.004511299289975721, 0.011909980535814525, -0.0006015869303017799, 0.002760511502974418, 0.20708840319058533, -0.056776572400327595, 0.11344221457143948, -0.001815812257746637, 0.00034009577714832427, 0.0008156265363565633, -0.000495807315503395, 0.0011243537976422231, 0.0005125443848172649, -1.637450292231009e-06, 4.99324054218408e-06, -1.9020866775978837e-06, -6.035436414548945e-06, 1.530121237911814e-06, -3.0253979827862613e-06, -2.6254097068167042e-06, 2.009231283118261e-06, 4.51666683461832e-06, 5.322861145171548e-06, -4.067487825727736e-06, 1.6781733723833826e-06, -1.4858462051942958e-06, -2.5080419240168233e-06, 9.031781301290726e-08]]}, "dipole": {"__ndarray__": [[3], "float64", [-0.00030362669686468904, 0.008224320262337185, 0.005820830639524876]]}}