{"forces": {"__ndarray__": [[14, 3], "float64", [-0.03554233746023226, -0.07886756540508291, -0.07817267761445361, -0.004082600467639608, -0.008764994016742906, -0.00325758823412012, 0.0002848410410027725, 0.0002459610125966637, -6.419100557015252e-05, -2.9558995434796973e-05, 8.251477044651926e-06, 2.501915295258856e-05, 0.03686054103014952, 0.08392261529381087, 0.073586797907091, 0.007189971791866593, 0.015992375430112924, 0.012618221811733348, -0.004719883635492466, -0.011094888558973434, -0.003255010348878483, 0.0004927333682930016, -0.001071602420898372, -0.0016384051085992237, 0.00011414372219819587, -0.0004869780445647246, 0.00020192594983168782, -5.681994846387366e-06, 1.0043492115704693e-05, -1.9711646900590448e-08, -5.906261554112199e-06, -8.940327774215161e-07, -6.841116912124314e-06, 2.7411137570911854e-06, 4.830479758947512e-07, 6.843775627922006e-06, -0.0005763008514128754, 0.00010468490939572431, -3.4541308837526164e-05, 1.7297599346031037e-05, 2.5078159886580607e-06, -9.534148218799343e-06]]}, "dipole": {"__ndarray__": [[3], "float64", [-0.0006786821949233905, 0.00857473670231453, 0.00557283563868431]]}}