{"forces": {"__ndarray__": [[14, 3], "float64", [-3.7385986454355394e-06, -4.726237015593072e-06, -7.3604597451518705e-06, -0.00031523707200255247, -1.7703176443742974e-05, 0.00023855966098104857, -0.004473209099691553, -0.00043139535635092647, -0.0023761757329851287, -0.10263131009470272, 0.043531659346489726, -0.10756996673410621, -1.143882174688678e-06, -7.095056688516978e-07, -3.804422374208341e-06, 3.0473564123247106e-06, -2.869139773163242e-06, 1.218332990995568e-06, -3.9883966187098865e-06, 8.731511600108167e-06, 5.806458172003998e-07, -1.888742834221291e-07, 1.9154194236705568e-06, 5.279193824989263e-07, 4.5330384982085956e-06, -5.9886464538651e-06, 8.354265976974901e-07, 0.0001467825397825195, -0.0003356121604085559, 0.0002465937076297034, -0.0009475669967875181, -0.0009647091814584014, -0.0012975466810395528, 0.11060846368292462, -0.04392581181965637, 0.10495542337047756, 0.012217285312224905, -0.0031167101188126906, 0.012949950559972752, -0.014603728914935325, 0.005263929064527918, -0.007138835593599303]]}, "dipole": {"__ndarray__": [[3], "float64", [-0.00034184742898863384, 0.008376968188159467, 0.00566233184273374]]}}