{"forces": {"__ndarray__": [[14, 3], "float64", [-0.03472987887292155, 0.03032685412435029, 0.10442867357504153, 0.0045019939286064506, 0.004457820215826787, -0.47595985493693954, 0.04276491442063906, -0.015139890697350788, 0.10102574723223023, 0.006935606786013512, 0.0017551429208351435, 0.003549317802637681, -0.003311248359926058, 0.004347297356955083, 0.003272826994335382, -0.010742431197292311, 0.00933598128095287, 0.00708628839265795, 0.003793050860857267, -0.006272423711063566, -0.014089525231622272, -0.05795172754233069, -0.09835920113803467, 0.18826429184474902, 0.042409446903054045, 0.07456935392167117, 0.08594487458708709, 0.01372849057850381, -0.005781581242989426, 0.008455387060522434, -0.007650044546366477, 0.0005963743537442006, -0.012163055984719742, 0.00024133469806654148, -4.6171113145615756e-05, -0.00023048248660603477, 0.00021743036371691486, -4.4595966112064856e-05, 0.0004691211807907844, -0.0002069380206199971, 0.00025503969436104374, -5.361003016409484e-05]]}, "dipole": {"__ndarray__": [[3], "float64", [-0.0005805054924261751, 0.008431621852435574, 0.005783117929460643]]}}