{"forces": {"__ndarray__": [[14, 3], "float64", [-0.012398956132302038, -0.012101096374634319, -0.005050584247362983, 0.10399224988096327, 0.08334328395154064, 0.04272033129547377, 0.007581451051293004, 0.01278624853961617, 0.007748248974332822, -1.6665373875387332e-05, 6.906742707882911e-05, 0.00033973231761110656, -6.652994239019255e-05, 3.2686954270939915e-05, -0.00011267073738878083, 0.00011713919187572122, -0.000317813151724107, -0.0006286866794255653, 0.0004975090208456501, -0.0013088627257713602, -0.000385515397152034, 0.0022309514391934244, 0.007260884199606889, 0.0023589426431971246, -0.1052659063044495, -0.08920162364850595, -0.04875765906329381, 0.0004540349862951086, -0.00037584152984037207, 0.0009867453560616155, 0.0028741057949088107, -0.00018487739903234562, 0.0007781772975839116, 1.2803564882432731e-06, -7.343770708247062e-07, 6.714105831300632e-06, 6.383116365147565e-07, -3.015738093242346e-06, 1.9252057215680157e-06, -1.3022804821718525e-06, 1.6938725592956673e-06, -5.70107118953297e-06]]}, "dipole": {"__ndarray__": [[3], "float64", [-0.0005812802827668949, 0.008285127100410534, 0.005566302184216783]]}}