{"forces": {"__ndarray__": [[14, 3], "float64", [0.03439034191559743, -0.029203577031075803, -0.1030379956680887, -0.007106208675591554, -0.008892140073587887, 0.4787844950590884, -0.04156490834408133, 0.015433535650333754, -0.09966875013918389, -0.006815513415146706, -0.0017998634615514013, -0.0035653945521195367, 0.003163565552629518, -0.004240943966331653, -0.003258341408900659, 0.010336110580773945, -0.009139486972395366, -0.006893551931950233, -0.0038564885615048846, 0.006180181589203437, 0.013859004083516322, 0.06029663835958868, 0.1022493112511825, -0.19299407372481645, -0.042745493061868575, -0.07525495354467832, -0.08675957331667727, -0.013373153569214397, 0.005512852960932065, -0.008236615460402916, 0.007512436037754519, -0.0006951551670272996, 0.011935318661105811, -0.0002272021302025113, 4.710110275811125e-05, 0.00024251025709427158, -0.00020969740023731365, 4.586648337659624e-05, -0.00044682840030892026, 0.00019957271150336726, -0.0002427288211373193, 3.979654164392132e-05]]}, "dipole": {"__ndarray__": [[3], "float64", [-0.0006708492638850571, 0.00836069176646969, 0.00555049684526327]]}}