{"forces": {"__ndarray__": [[14, 3], "float64", [-0.004077250439177284, -0.009225330887426664, -0.004008046487222769, -0.046054519715759815, -0.08091384567226315, -0.08639162879601829, -0.005441274094151951, -0.007950115529125524, -0.003783036208811184, -0.000126931008966212, 7.771667388347535e-06, 0.0001876905880193895, 7.329649149701295e-05, -0.00031359578818931683, 0.00019256082341773486, 0.00041791915180387144, -0.0009481583439607243, -0.0015059783062118775, 0.0005123634568502222, -0.0002981531847203049, 5.251907220391919e-05, 0.008403790332525994, 0.014715437671181974, 0.010792946873062027, 0.04804174557737034, 0.08480672179404197, 0.08596843845429625, -0.0010567469387976667, -9.516226926569249e-05, -0.0015799057624916808, -0.0006946318026795688, 0.0002143718810148765, 7.002689046929274e-05, 3.022370253449541e-07, 2.391461965393844e-06, 5.918843511013746e-06, 3.7148349313204844e-06, -2.27320145242655e-06, 2.4452208691182243e-06, -1.7780824711881303e-06, -5.959918808638685e-08, -3.951205092759105e-06]]}, "dipole": {"__ndarray__": [[3], "float64", [-0.000507971223397432, 0.008567798541577128, 0.005677067633831903]]}}