{"forces": {"__ndarray__": [[14, 3], "float64", [-0.00016419480186109195, 0.00028451096697763216, -0.00015369577160662608, 0.010190051718811995, 0.009844730331637347, -0.013587848429942232, -0.07853278459978319, -0.04352785473507189, 0.05576019170586114, -0.0032068639406928686, -0.006949004545149021, 0.009094544722933931, -1.142484731678198e-05, 1.552159452351934e-05, -6.610490525851923e-06, -0.0003659354688341798, 0.00023673238761133614, 2.986559817373461e-06, -4.716959643304398e-07, 6.498340501033444e-06, 3.2942911982721936e-06, 2.6778985210091857e-05, 1.736176550855581e-05, -7.111016820503172e-05, -0.000451445836417638, 9.713061804957045e-05, -0.0010743026990172144, 0.07714843007603735, 0.04899871375328267, -0.06100617395702341, -0.0032405369807641596, -0.007083017455376054, 0.011202975713964124, -0.0016182381780799903, -0.001115181786202169, 0.00015019752090184471, 8.208799546066036e-06, -0.00044159429855143364, -0.0003704523277938152, 0.00021842677010883824, -0.0003845469377415884, 5.600332943887512e-05]]}, "dipole": {"__ndarray__": [[3], "float64", [-0.0007331546383080235, 0.00846023425363942, 0.005603898690056245]]}}