{"forces": {"__ndarray__": [[14, 3], "float64", [-6.665566430247261e-05, 0.00016155180305619222, -3.37274002442599e-05, 0.00446442519110999, -0.007924316702254927, -0.01218772975963885, -0.0692749363549331, 0.08206601009472238, 0.12209254984897537, -0.0014414181003056358, 0.006048326326860215, 0.002935032466395662, -1.585843409868677e-06, -2.7518386096927707e-06, -2.1103456732617488e-06, 4.659156343619421e-06, -2.249537123401495e-06, 1.700250659038469e-06, -3.7852554542486744e-06, 8.729375935969575e-06, 1.8659169081570678e-06, 0.0006071295267456874, -0.0008251110514533716, 7.457846849344187e-05, 0.000775941923035946, -0.00013530006839828019, -7.170292835640734e-05, -0.011651389404759306, 0.011482981724349832, 0.01012278246996558, 0.07559052893626778, -0.09257854812219996, -0.12377338328389637, 0.0006995984324423206, 0.001144599491661223, 0.0012993871679648865, -0.00013275843766024793, 0.0004917996633572876, -0.0001672593866963873, 0.0004302458948799392, 6.427884009651454e-05, -0.00029198348485665374]]}, "dipole": {"__ndarray__": [[3], "float64", [-0.0005247889136822083, 0.008247623728664239, 0.005727261362403167]]}}