{"forces": {"__ndarray__": [[14, 3], "float64", [-3.4991015716435654e-06, 2.5218495680369636e-07, 3.353476195814144e-07, 0.00011159919512661964, 9.271261554207616e-05, 0.0002450994200521946, 0.004826265792080172, 0.007721051412545883, -0.01051395952836958, 0.04912782669140549, 0.1264486577447323, -0.10639148254331439, -9.583923928896287e-06, -7.696445520533941e-06, -5.123719788057696e-06, 4.133094138859504e-06, 2.610598114857376e-07, -2.712166488101863e-06, 2.109228317332694e-06, 7.256578071758975e-06, 3.7947499044034033e-06, 0.0001206568716970104, -8.093339236734912e-06, 9.32430061458509e-05, 4.819748797771464e-06, -1.8326092988776865e-06, 3.0385852662541524e-06, 0.0003819786378669224, 7.469441678395362e-05, -0.00015028306017414447, 0.0004887403173528532, 0.0019887779233958365, 6.0986382535568463e-05, 0.0011740927035184922, 0.0028439783775908284, -0.004989771417911232, -0.0035913998636925106, -0.013686817286576928, 0.010628354515795543, -0.05263773939110826, -0.12547320263279735, 0.11101848042872628]]}, "dipole": {"__ndarray__": [[3], "float64", [-0.0008765018679292436, 0.008354330023863446, 0.00579298409228763]]}}