{"forces": {"__ndarray__": [[14, 3], "float64", [0.0014619033079023738, 0.008506793128888085, 0.00625173465068475, 0.08392684258344492, 0.20335769134614423, 0.07644300804654844, -0.00026291488109549403, -0.01164973479314143, -0.0011930376833855043, 0.0001115557025869731, 4.44468072541983e-05, 0.00012890542414679845, 6.317012443574864e-05, 0.0001717876177508341, 0.00048146852719381305, -0.0006109204634949552, 5.570133617210512e-05, 0.0007265370260217545, -0.001150520561395522, 0.0017075225397848693, 0.0005157771189781538, 0.007122509781183669, 0.010415714951222432, 0.003935695043061099, -0.09022846397718236, -0.21198702908528644, -0.08697511214235873, -0.00010551406287469158, -0.00030957567599703204, -0.0001819279825961836, -0.000328027700318507, -0.0003157435944363604, -0.0001380436697536634, 4.201450660760716e-06, 5.726294660682561e-07, 9.073507723991803e-06, -1.130671052178075e-06, -1.3416680768868831e-06, 1.9285281205084885e-06, -2.6906328006182223e-06, 3.1944602556262305e-06, -6.0063943841469684e-06]]}, "dipole": {"__ndarray__": [[3], "float64", [-0.0007676669362757621, 0.008306628760754348, 0.005474826126995988]]}}