{"forces": {"__ndarray__": [[14, 3], "float64", [-0.1172926149318646, 0.0344606289793793, 0.031024902767541454, 0.4360418360875021, 0.048554871033174504, -0.0071109147546887744, -0.12553971155661522, 0.026306582983204443, -0.03630869826695317, -0.010394858852066572, -0.0019965800235504805, -0.008080897275578524, 0.012927257198722324, -3.69442694023064e-05, -0.004101990030742897, -0.0036516131427645508, 0.0010665410931778852, 0.00467089054082208, -0.008907125268406526, 0.007913879079430313, 0.008552353679718898, -0.07922635435138127, -0.03778622335641031, 0.06220415969113808, -0.10424023336589645, -0.08334770263423054, -0.04633179307594044, 0.010171277592082431, 0.0007316902365212325, 0.00017747748299085708, -0.009327538168281, 0.004521962353719433, -0.004393416970294166, -1.0458011261397946e-05, 3.353031042936018e-05, -0.0002980647402096964, 4.2478978999782326e-05, -0.0003207619828924194, -1.008559258916497e-05, -0.000592342208770125, -0.00010147380255016543, 6.076544784145017e-06]]}, "dipole": {"__ndarray__": [[3], "float64", [-0.0005532384590032763, 0.00830256923065562, 0.005665205324983929]]}}