{"forces": {"__ndarray__": [[14, 3], "float64", [0.00011863649631302671, 0.0002815770915200654, 9.675823651915127e-05, -0.0019658162793834487, 0.012165846647304085, -0.0017861184130629564, -0.038526296698579286, -0.1326244821269926, -0.022165488354415498, -0.035192813596608676, 0.4840687724208381, -0.01957859169030501, 0.00016572644348962018, -5.163136103936981e-05, 3.830395572748585e-06, 7.190544057196574e-06, 2.800637199026544e-07, -5.490272459780604e-06, 5.867258756522058e-07, 3.2613241955525863e-06, 3.3648301208011652e-06, 1.5414848657044912e-05, 3.918173937217638e-05, -4.662164620175384e-05, -6.408861244829175e-05, -4.843415937129424e-05, 9.103320780060298e-06, -0.007244146517414118, -0.0087042150398825, -0.0018337314130809695, -0.0066250423550295225, -0.010366140095412833, -0.006103808614540934, 0.06866171620779199, -0.0810105299004142, 0.04364535886203342, 0.06986232781185833, -0.13769702474730972, -0.09237754267502807, -0.04921339501857939, -0.12605646185652725, 0.1001389774340687]]}, "dipole": {"__ndarray__": [[3], "float64", [-0.0007438747092073996, 0.008387749864694876, 0.0056356835067746976]]}}