{"forces": {"__ndarray__": [[14, 3], "float64", [0.006431592178485187, -9.249535594169459e-05, 0.013743536769855413, -0.037470963425379825, 0.00976254371978797, -0.10106335712582215, -0.04905969655521492, -0.0013894564024352813, 0.48836139489763125, -0.021012579986384138, -0.02189180925490344, -0.08095766402884028, 1.2688428029709393e-05, 4.106974712135848e-06, -6.72418887501498e-05, 0.00023082703657935328, -1.889071509586119e-05, 4.556470240433791e-05, -4.3395681891142544e-05, -7.332120404273464e-05, 2.845033686957948e-05, -0.01374050891185021, 0.005541903185413625, -0.008539217743762756, -0.0076379703732923085, 0.001165631043848389, -0.003797287556054994, 0.05446379522723771, 0.10086402865707446, -0.19362988221472124, 0.07181513978636883, -0.0882507744883449, -0.12229290551012574, -0.004447087451089353, -0.007905434462674785, -0.002379244771730298, -0.008333512853069212, -0.008478498432162352, -0.0025304127796765353, 0.0087916725814706, 0.010762466734764763, 0.013078266912723785]]}, "dipole": {"__ndarray__": [[3], "float64", [-0.0005636132208336412, 0.008429792822663047, 0.005668811286255222]]}}