{"forces": {"__ndarray__": [[14, 3], "float64", [3.7929400278170604e-06, -1.0495318424118678e-06, 1.931490928294687e-06, 0.00031025713849099296, 1.174231316320686e-05, -0.00023441045273194482, 0.004316675072160151, 0.0005108556637978233, 0.0023482999266859123, 0.10092452459242322, -0.0432868488005509, 0.10763654998739203, -4.615687015984727e-06, -3.6157287430143146e-06, -3.1649513337275506e-06, 4.7034915469437535e-06, -4.046425835703851e-07, -2.1452684957288225e-06, 1.341456980285479e-06, 6.543232887350989e-06, 3.877478600993271e-06, -3.2904657005381765e-06, -7.421422872373894e-07, 4.378388807803265e-06, 3.652621162581548e-06, -2.1951692831663025e-06, 3.326147900950467e-06, -0.0001395524060189614, 0.0003391661559824877, -0.00024464808442473845, 0.0009175807309000146, 0.0009404224159242647, 0.0012689125995683538, -0.10849998093209676, 0.04314217819258225, -0.10510450125447723, -0.011985104826661689, 0.0032427091716697672, -0.012598421086345825, 0.014150016273801387, -0.004898761130716557, 0.006920015077925612]]}, "dipole": {"__ndarray__": [[3], "float64", [-0.000911752661085292, 0.008414406122073028, 0.005668014300273387]]}}