{"forces": {"__ndarray__": [[14, 3], "float64", [0.009410350334095544, -0.003026692402661309, 0.005434865153136236, 0.02642659792328891, -0.08345850268675853, 0.01519810697477337, -0.017681420992361647, 0.47192685435983783, -0.005244837181605352, -0.04186124894107093, -0.12977857649549168, -0.024542038598536712, 0.0002566019857484618, -0.0003938017090988402, 0.00023945400205654181, -0.00014330352939766566, -8.634297237747473e-05, -0.00025281400486364055, 0.00020137983106605103, 0.00027372873118956326, -3.122147177739451e-05, 0.00972085020623679, -0.0023781468010294743, 0.006523554184308125, -0.012593757377092323, 0.0113358140324242, -0.008104947936415773, -0.04369304313301412, -0.11924147450186234, 0.09922997134501353, 0.08128421085177309, -0.14174410347828156, -0.08208980439322047, 1.712589585069823e-05, 0.012547679272167708, -0.00045282196497685494, -0.0050454225635399195, -0.008241925223720893, -0.004134304648890422, -0.006298920491582276, -0.007734510124337677, -0.0017731614590022224]]}, "dipole": {"__ndarray__": [[3], "float64", [-0.0005344147321146495, 0.00828873325685311, 0.005689416154278995]]}}