{"forces": {"__ndarray__": [[14, 3], "float64", [0.005332745823763035, 0.0028208682819208966, -0.007804701445369904, 0.06126086339968104, 0.1038027931207288, -0.18868144538373516, -3.102180424142409e-05, 0.0064815339204756725, -0.008318106041678314, -0.00021282269682386856, -4.832341177750522e-05, -0.0005747473081293771, 0.000679307892159025, -0.0007981512181078153, -0.0016075726185432288, 0.0003986820228501734, 0.0001398452663715238, -0.0001163008608480959, 0.0008216784211368464, -0.00040810110335278755, -8.643500709491042e-05, -0.064861216505203, -0.10909577063622583, 0.19679821426768318, -0.0022514971159518513, -0.003739557923490607, 0.01074347885053311, -7.494155402375283e-05, 0.00040558579357356756, -0.00013846012053627573, -0.000803976560067364, 0.0005414748011992515, -7.940061417937373e-05, 2.074716653436281e-07, 7.253613515124745e-07, 5.26326287246199e-06, -1.2291586654218254e-05, -1.3882825081934834e-05, -3.6928933651410697e-05, -0.00024571720828985754, -8.903942758442541e-05, -0.00010285804732335225]]}, "dipole": {"__ndarray__": [[3], "float64", [-0.000641686104975467, 0.008289701701260688, 0.005868631529623294]]}}