{"forces": {"__ndarray__": [[14, 3], "float64", [-0.02951663481263132, 0.024130513979436812, -0.509110914512358, -0.030200504329291104, 0.026381352246198937, 0.10296845377817113, 0.0035230247995557177, -0.005442429041064571, -0.013551853990048312, 0.0002617273158164947, -9.730880371465356e-05, -4.145990000967926e-05, 0.031806734492639606, 0.07713858771617102, 0.0786514725239711, -0.06985750535136383, -0.10267932587274382, 0.20220402252474723, 0.10977029220904033, -0.03441607893148167, 0.12708288848389698, -0.0111554750787042, 0.009045192033533957, 0.007809492584911371, -0.00501555681140473, 0.006051215691111614, 0.003993768276298988, 0.0001468700910026605, -0.00020411089093503625, -3.7447763523003607e-05, 5.337942091201957e-05, 5.197754328273175e-05, -3.588970006711179e-05, 1.147652359802872e-06, 2.5379485519085244e-07, 1.1810724230045667e-05, 0.0001822435828821408, 3.620546369213809e-05, 6.257084257196842e-05, 2.568191856978762e-07, 3.9550716564710004e-06, -6.9138727924448214e-06]]}, "dipole": {"__ndarray__": [[3], "float64", [-0.0007013454419224748, 0.008399363573906552, 0.005679736510064214]]}}