{"forces": {"__ndarray__": [[14, 3], "float64", [0.08615916629359349, 0.22166810144543878, 0.07516800225182564, -4.3400899836560015e-06, 0.006680817618348604, 0.004220699172276382, -0.00018059882033848754, 0.00039422583701716375, -7.013294849266443e-06, -0.00012694938154998026, 4.9881653354150755e-05, 9.247615315101266e-06, -0.08906232344795843, -0.22692756139447803, -0.0818180906810648, 0.004527142770878888, 0.008384104608695594, 0.00257824801214126, -0.0004395578190362745, -0.01044126079055678, -0.0011356077992883957, -0.0005803722469532534, 0.00013146280094403565, 0.0008070927889525114, 3.850545262803267e-05, 0.00016652538085262203, 0.0003125224142967989, -1.976882327514031e-05, 4.330796672031599e-05, -7.135945509266772e-06, -4.645215033947016e-06, 3.113048552960471e-07, -6.036983599737447e-06, -1.085910426583679e-06, 1.8775665553329733e-06, 5.718926032135448e-06, -0.0002874981978566963, -0.00014727083989846568, -0.0001303620192563148, -1.7674564688211444e-05, -4.523157847791198e-06, 2.715542727502204e-06]]}, "dipole": {"__ndarray__": [[3], "float64", [-0.0005045585822870804, 0.008197195709493248, 0.005545920912747341]]}}