{"forces": {"__ndarray__": [[14, 3], "float64", [-0.09300469782035445, -0.08209678132639198, -0.031739137715356254, 0.012918040314357842, 0.012447459596061328, 0.0031500828786988973, -1.5430447492332994e-05, 0.00026155500777694284, 1.4264615596685079e-05, -0.0003629552822821286, 0.00016638923092810365, -1.1064956836564753e-05, 0.08946887331160702, 0.09159760174346118, 0.03703866168617968, -0.0019517381982246495, -0.006281526386537531, -0.002359550721650425, -0.005578924295866881, -0.01668860472028071, -0.0062963588592395954, -0.00015413091868579767, 0.00037428465850067875, 0.0006918692284526918, 6.767801490100115e-05, -6.914491836826819e-05, 8.05474734849457e-05, -1.1084538091950239e-05, 2.1887215104557788e-05, -2.6084777764677447e-06, -4.578437532919353e-06, -3.346686483877124e-06, -6.760263766302536e-06, 5.064531740499683e-06, -9.305305865562772e-07, 8.903142183417098e-06, -0.0013241249943357397, 0.0002636341289081277, -0.0005766365497427962, -5.199123973977201e-05, 7.522987907625623e-06, 7.78851977225925e-06]]}, "dipole": {"__ndarray__": [[3], "float64", [-0.0007616131442289967, 0.008501800795671088, 0.005723451757473233]]}}