{"forces": {"__ndarray__": [[14, 3], "float64", [0.4982352297233987, 0.023992846996770883, 0.03565036381575143, -0.11510953918355438, 0.03631111594854353, 0.0338357616763706, -0.012551709659131214, 0.009354045436803552, 0.006299694742899175, -0.0013731514068278492, 0.00011875152531767002, -0.00010099821411137952, -0.09330214021197092, -0.08707124971062899, -0.035759764239311445, -0.07588058183611969, -0.03878910083829485, 0.06631268588982633, -0.20779204529170509, 0.05574234674355047, -0.1071711642498533, -0.003797674443996296, 0.0014785821435333753, 0.005361326517434461, 0.012108222697543329, -0.0013930798567182994, -0.004069406905653762, -0.00016463573033458285, 0.00015728249767345796, -0.00026742649035550113, -3.3431300984335754e-05, 0.0001448784570636327, 5.7153987917527217e-05, 2.0675992653002703e-06, 4.828486206374227e-06, 3.484726404087541e-06, -0.0003331340306143354, -5.578044734219442e-05, -0.00014320963066601365, -7.4769249692190256e-06, 4.532617523325967e-06, -8.501626652048913e-06]]}, "dipole": {"__ndarray__": [[3], "float64", [-0.0007762836795564173, 0.008402426123345994, 0.005602915169720211]]}}