{"forces": {"__ndarray__": [[14, 3], "float64", [3.6900197011281388e-06, -6.014123501543093e-06, -5.7086760209850814e-06, -0.00010651714209339883, -9.821672946853577e-05, -0.00025265301949182583, -0.005149038614678906, -0.0079652711477897, 0.010940658436997127, -0.04999713382584805, -0.1272170764472626, 0.10865661426248392, 3.990464006007462e-06, 3.285512258055449e-06, -1.915606012125031e-06, 3.599454537512439e-06, -3.5599302637293633e-06, 1.8143687393373965e-06, -4.7704720206107565e-06, 8.02661215454269e-06, 6.519916467105257e-07, -0.00012393805618693282, 1.0506908617117043e-05, -8.816979290378313e-05, 3.3094386430747194e-06, -6.40222343188427e-06, 1.1127834851408102e-06, -0.00040052696593576904, -6.717576259676681e-05, 0.00015405082464822083, -0.0005164856818895278, -0.002048618100151146, -7.275998257592634e-05, -0.0012761576171568501, -0.0028552531086340474, 0.005169236741170672, 0.003540933434248158, 0.014121390121065508, -0.010821267054325817, 0.0540190455646739, 0.1261243784190057, -0.11368166527783974]]}, "dipole": {"__ndarray__": [[3], "float64", [-0.000375149267025739, 0.008434140899153083, 0.0055408116042266154]]}}