{"forces": {"__ndarray__": [[14, 3], "float64", [-3.877109888974513e-06, -8.553459360834791e-08, -3.379395034304518e-06, -3.198446282474054e-05, -2.2053400114021132e-05, -4.593797760205121e-05, 0.012299945951002622, -0.012837218029595403, 0.007962992944897513, -0.06154608048632252, 0.08066347298775144, -0.03897033086911231, -1.0273408006231815e-06, -1.238800515646745e-06, -3.0234921343419277e-06, 3.4549040866591733e-06, -1.3915883847010665e-06, 4.192644619279899e-07, -2.3820679483800296e-06, 8.217367497506286e-06, 1.6177328677960038e-06, -1.3957221567233148e-06, 2.0403772793861338e-06, 2.7177495124533294e-06, 2.41926993976915e-06, -4.455700334599065e-06, 6.421253313726697e-07, 0.0011217949282196652, 0.00047948492343750476, 0.00011305513654508474, 0.0007509067437000284, 0.000641372641521129, 0.0011179332654484263, 0.06961379468709697, -0.07485572165560749, 0.04368794812481988, -0.011205601951436177, 0.003101123511089986, -0.007904348584804096, -0.010999967342667272, 0.002826452900569881, -0.005960306025196809]]}, "dipole": {"__ndarray__": [[3], "float64", [-0.0005304425012479355, 0.008532919864547673, 0.0057177521392244215]]}}