{"forces": {"__ndarray__": [[14, 3], "float64", [-0.05498407379578213, 0.06273975693049746, -0.03493814315606046, -0.007572942017531337, 0.0019670267330823775, -0.006168854416051022, -0.0002505478937378103, -0.0002652483382800156, 7.909414190557708e-05, 2.436792147964223e-07, 4.904362101875438e-06, 3.488509821702666e-07, 0.016496273888027425, -0.010516461296875678, 0.011001167812539736, -0.01026847034417927, 0.0018227545205684217, -0.005804584160190292, 0.05803903797196737, -0.05736851448482746, 0.035115519307793934, -0.00014797094501740125, -5.3175524192189965e-05, 0.0004207955514435758, -0.001304193024730862, 0.0016623084519606973, 0.000295259902487404, -1.3607733765033616e-06, 5.8460319996033375e-06, -1.3176705189823283e-06, -5.000776172789146e-06, 6.978716470494762e-07, -4.36394454367492e-06, -4.331866390702531e-07, 1.5361844960854246e-06, 6.060083585909675e-06, 1.90058193291391e-06, -1.9408420938304767e-06, 2.1202458221077795e-06, -2.463363974860757e-06, 5.09399916183615e-07, -3.1025491955050864e-06]]}, "dipole": {"__ndarray__": [[3], "float64", [-0.0004385333748374032, 0.008481179276748307, 0.005723070399686068]]}}