{"forces": {"__ndarray__": [[14, 3], "float64", [0.11509668196409227, -0.03397009362009717, -0.02964948029439488, -0.4367552666215175, -0.0473438840267218, 0.004441298874047663, 0.12855394115966534, -0.026828893167071037, 0.03758106979781974, 0.010562597043739432, 0.001947948786606257, 0.00829911630628208, -0.012662922781191533, 9.256264654356188e-05, 0.003987970874974137, 0.0036007033708369365, -0.0009740685505753412, -0.004556548009765578, 0.008611794857842187, -0.007540332637868138, -0.008288703503078186, 0.07958262930320217, 0.03825283178309035, -0.0625236609046018, 0.10374702080661591, 0.08138898241467568, 0.04600217563390142, -0.010492867538140063, -0.0007328331784710568, -0.0002092288252113346, 0.009566843164845679, -0.004706992648392502, 0.00458743261497829, 2.371950603305303e-05, -3.563759314362748e-05, 0.0003277253014800219, -4.85059342784007e-05, 0.0003333679146917426, 2.374513525289201e-05, 0.0006136316982548807, 0.00011704187673278474, -2.2913001684570898e-05]]}, "dipole": {"__ndarray__": [[3], "float64", [-0.0006968021245927239, 0.008489244578983618, 0.005672328901498499]]}}