{"forces": {"__ndarray__": [[14, 3], "float64", [0.022566544385797194, 0.5021749102032488, -0.025148624207495317, 0.03495793657475816, -0.09827318806488099, -0.029710553402162054, 0.007645467881068754, -0.0029859098712163635, -0.00015138935962527228, -0.00014926074810008063, 0.0002873553634411034, 0.00046438482164270394, -0.07990742121416886, -0.22121653146296522, -0.07701857040470414, -0.04280781221490293, -0.12111381918607644, 0.10755102580564017, 0.05277178133685378, -0.062247592535695936, 0.03094145121183111, -0.007788650300318321, 0.012292125726828453, 0.002902603898534418, 0.012188946569432632, -0.00850715312925895, -0.00958743157176332, 0.0002850241730775441, -0.0005719684795652892, -2.2702470950655996e-05, 0.0003333209590551656, 0.0001653975527654429, -0.0001714476352487732, -2.825160216503371e-06, -1.8114443445213817e-06, 5.3134805254104734e-06, -8.620986217712929e-05, 3.972407356091821e-07, -5.132120427208542e-05, -6.842380158702137e-06, -2.211913015773002e-06, -2.7389619513004626e-06]]}, "dipole": {"__ndarray__": [[3], "float64", [-0.000533835495753808, 0.008360332169670056, 0.005716818365056229]]}}