{"forces": {"__ndarray__": [[14, 3], "float64", [-0.00034710106728188107, -9.173815503068232e-05, -0.0001862092747686693, 4.6406228616168764e-05, -0.00010001028174101578, -0.00021463963310032987, 0.013477765136325747, -0.005209191067700219, -0.008324252793158555, -0.11741365556347454, 0.07069554391771377, 0.076364550778583, -0.0013734709884518936, 0.00028963191349106734, -0.0005938460746392713, -4.288514819419176e-05, -1.9875409888547934e-05, -6.550844231093465e-06, 2.6233719052773603e-06, 7.074386471342269e-06, 5.012737100529848e-06, -7.2283019406504135e-06, -3.7588689944960264e-06, -1.1466395574209222e-05, 4.763449580762987e-06, -1.6647148349477862e-06, 4.450690956517114e-06, 9.372187858510926e-06, -0.0005599030942225279, -8.2893286993863e-05, 5.256948165706918e-05, -5.233902532990847e-06, 0.0001277403772404612, -0.007593684094630498, 0.010741923234055846, 0.011966097078547264, 0.11583521331824377, -0.07923390232503089, -0.08365945414792551, -0.0026506880102139785, 0.0034911043682448284, 0.0046114607879644606]]}, "dipole": {"__ndarray__": [[3], "float64", [-0.0007569243702560932, 0.008270596515896336, 0.0055503399182393835]]}}