{"forces": {"__ndarray__": [[14, 3], "float64", [0.2073457410689519, -0.05375921154216014, 0.11365445233911496, 0.00892235025441669, -0.003808867489016583, 0.003974176003081865, 5.296214573731045e-05, -0.00021065354258379519, 4.2082681570046544e-05, 2.5611955328612322e-06, -1.351822799386047e-06, -4.259670013760933e-06, 0.0055527709837505795, -0.0005384417989032292, 0.004682495366745527, -0.012405844098688223, 0.0006180904619670732, -0.0029132589288324213, -0.21182272955528933, 0.059188591890292575, -0.11808021355316019, 0.0018590999098615057, -0.0003482737735858441, -0.0008339115201183593, 0.0005016977285115995, -0.0011449173541252496, -0.000520714281007084, -3.4258198371622324e-06, 3.605570013977082e-06, 1.4290710998317867e-06, -5.628401774001431e-06, -2.3308903617630234e-06, -7.935089541155418e-06, 5.165662634099846e-06, -1.3083898138316897e-07, 9.847465360007318e-06, -2.655702818150858e-06, -4.811501452470563e-07, 4.432808742636055e-06, -2.065370989373682e-06, 4.372280389625866e-06, -8.62269304074599e-06]]}, "dipole": {"__ndarray__": [[3], "float64", [-0.0009490689353032575, 0.008569161252539422, 0.005511578556219561]]}}