{"forces": {"__ndarray__": [[14, 3], "float64", [0.00010373110357442333, -0.00045849863254614296, -4.0421413647492627e-05, 0.008101359337757503, 0.008135872112799486, 0.0035791371145357117, 0.020008791023492685, 0.024893249040797354, 0.08092862220735009, 0.00944912984411448, 0.016220314182621508, -0.5171218284612835, 9.274349135798639e-06, 7.149770152132994e-06, -2.8504893542064884e-05, 2.5550031504739436e-07, -1.909299019582445e-06, 1.4305191853012392e-06, -5.4040274883148405e-06, 8.10243255538542e-06, 4.93687907956072e-06, 0.00025546057615452225, 0.0002784747143149523, 0.0005759968271528475, 0.00033625798927137366, 0.00012165691093214864, -0.00019119405850709348, -0.009202284801489475, -0.011446169677214619, -0.01214444692214832, 0.0072316556668842145, 0.00905786049202264, 0.0029395617734767738, 0.10335248580975662, -0.03899568842639819, 0.1078936952429459, -0.0780447037562289, 0.09740935909418397, 0.14094639393515726, -0.06159600861524962, -0.10522977271520044, 0.19265662125024535]]}, "dipole": {"__ndarray__": [[3], "float64", [-0.0005600409736529099, 0.008365262922831893, 0.005719952246280193]]}}