{"forces": {"__ndarray__": [[14, 3], "float64", [0.035753183177277, 0.07884231537581261, 0.07850716687051397, 0.004005468981384664, 0.008422591030238393, 0.0032731686170393427, -0.0002761552246828882, -0.00024003123441832322, 6.162381241146394e-05, 3.391734530099644e-05, -6.439172180517646e-06, -2.5297946402322923e-05, -0.0367370042070903, -0.08330249087413384, -0.07432525341927824, -0.007225008835462832, -0.015951600154457186, -0.012235555786087326, 0.004472861050903601, 0.010833762696484714, 0.0032946769927776945, -0.0004793089241855193, 0.0010451503349381626, 0.0016068322237382186, -0.00010282520070865836, 0.0004670942144993421, -0.00019704415477112626, 5.379738473419067e-07, -1.268836361161782e-06, -5.541721374543807e-07, -5.762088152660986e-06, 1.1534793669552276e-07, -4.0990353631267395e-06, -2.458796136692765e-07, 1.4052926692550466e-06, 7.483238855909074e-06, 0.0005812702322842628, -0.00010990418756559227, 3.566661687912409e-05, -2.0928401100255796e-05, -6.998334619398143e-07, 1.1861418233681903e-06]]}, "dipole": {"__ndarray__": [[3], "float64", [-0.0005711562210232881, 0.008214000314099822, 0.005758274665929265]]}}