{"forces": {"__ndarray__": [[14, 3], "float64", [-0.00010612638505025432, 0.00046154531271642264, 3.905758208385393e-05, -0.008278242747935413, -0.008298253337669611, -0.0035354443661479162, -0.020372659806739035, -0.024851938588787727, -0.08248911007231097, -0.012070242269544791, -0.02409511794024929, 0.5207388607230741, -1.3530134754176487e-05, -1.1868019289862302e-05, 2.1810868574214322e-05, 7.528976165385911e-06, -1.3981898731219823e-06, -2.310146201736243e-06, 2.7643221917407266e-06, 7.1732008663564964e-06, -4.825141194333859e-07, -0.0002693272515309861, -0.00027709992588452513, -0.0005913423032252603, -0.00033620461589960876, -0.00013575663572950762, 0.00019225360464492178, 0.009201923749032224, 0.011404269082264044, 0.012353313264233445, -0.0073411294962239726, -0.00931699121993456, -0.0029109801844733104, -0.10082690778829743, 0.039081645711099226, -0.10730990427605672, 0.0762794921325501, -0.09387344484732531, -0.13921326270791073, 0.06412266131603606, 0.10990723539779733, -0.19729245947216428]]}, "dipole": {"__ndarray__": [[3], "float64", [-0.0006908053787749129, 0.008428581214627686, 0.00561173482544788]]}}