{"forces": {"__ndarray__": [[14, 3], "float64", [0.0038104316139587176, 0.007660248063170685, -0.011149679491580475, 0.07955369901290199, 0.03841119228730939, -0.05919024348642555, -0.01020906892289259, -0.009803282341127609, 0.013594801201862556, 0.00015260737980230337, -1.5727371508284843e-05, 0.0002661873234657821, 0.0001477707619870942, -0.0005820681171309365, -0.0004904315744989201, -0.00014338036031431197, -9.23737944929255e-05, -0.0003911358239051669, 0.0018128143547746763, -0.0001312151329926681, -0.0010001968198505738, -0.0782525549513852, -0.04141604720462986, 0.06578278134184211, 0.0022983324677661784, 0.006850637803673268, -0.00835617343622005, -3.103855146930598e-05, -1.1791885167333194e-05, 7.409589771598579e-05, 0.0005397130583882994, -0.0009972711103229642, 0.0006102375429243019, 5.094567638844125e-07, 1.2605993306843109e-06, 5.640373036479205e-06, 6.843945533031219e-06, 1.2445309750797595e-06, 1.7297832770469273e-05, 0.0003133207341848223, 0.0001251936729139342, 0.0002268191188633713]]}, "dipole": {"__ndarray__": [[3], "float64", [-0.0005196789446202962, 0.008356328384495766, 0.005756428791251563]]}}