{"forces": {"__ndarray__": [[14, 3], "float64", [-6.38498745428469e-06, -8.084198767351932e-06, -4.663524685560577e-06, -0.0006113527814324124, -0.0002146999553944559, 0.00020371037865804287, -0.0031423933540432533, -0.006578769471036535, 0.008906782918425508, -0.0740384098487136, -0.049490208111732464, 0.06262852725111867, -5.503293323374036e-05, 1.3907760203757243e-05, 1.5934983831657462e-05, 5.641059289542952e-06, -1.2030724279558079e-06, -1.1660897100722386e-07, -1.0135868922101027e-06, 8.308941268754808e-06, 1.63895760291743e-06, -0.0003168915688819582, -0.00011746397707063264, -0.00024763486466078746, 3.6288812859351035e-06, -3.19540992823693e-06, 2.0809301842117575e-06, 0.00022140901018211215, -0.0003986747626774862, 6.269088252545854e-05, 3.321079097925449e-05, -0.0004027833147701177, -0.00043741524755420963, 0.012356729484158769, 0.010886860438131066, -0.014353359404880575, -0.002613424727172137, -0.0071635970542348664, 0.008815856474043293, 0.06816428456192755, 0.0534696021884366, -0.06559403312563662]]}, "dipole": {"__ndarray__": [[3], "float64", [-0.0006037911541876105, 0.008518956696176421, 0.005596696978570379]]}}