{"forces": {"__ndarray__": [[14, 3], "float64", [0.03597621086803555, -0.09704898982117315, -0.02706735334481544, 0.04997120635857736, 0.4968934073870609, -0.0036504892807095865, 0.01950061416948597, -0.08478695507492, 0.00998792603841274, -0.01141794556106098, 0.012084798620727547, -0.008202729022736275, 0.012275243912857262, -0.006679913590524284, -0.008409442980562721, -0.007518844430293123, 0.012703381551228148, 0.0022377226051392557, 0.0036730539155130494, -0.0019265460806819781, -0.0003317147639719188, -0.038160846373360355, -0.12260640886945418, 0.10413471761737388, -0.08464962328292142, -0.20368295651285107, -0.08291851038620861, 0.009921209353612053, -0.0023993357345131814, 0.006562558723426638, 0.010773986979527807, -0.0024072786895299146, 0.007854411961256837, -4.2952967016881885e-05, 2.0680375465239925e-05, -7.291190159269525e-06, -9.429457173120093e-05, -6.976367081497677e-05, -0.0001521984303870955, -0.00020701837122483776, -9.411989001836518e-05, -3.760754605747335e-05]]}, "dipole": {"__ndarray__": [[3], "float64", [-0.0007105328759483289, 0.0083821126168619, 0.005648239855405205]]}}