{"forces": {"__ndarray__": [[14, 3], "float64", [-0.10357628893841118, 0.03055780864940042, -0.1273210030732818, 0.008374534775636737, -0.0004424882992832094, 0.013821388474814334, -0.00014939329805639806, -3.169082947213732e-05, 2.49102109585394e-05, -2.059460025003968e-06, 1.6516191153013125e-06, -2.8024671196306682e-06, -0.0059874917611545475, 0.0011480239903245044, -0.0032725327594889182, -0.01434775084679458, 0.003954452432632935, -0.00794518032721903, 0.11428479565280544, -0.03451843469029482, 0.1247204868015862, 0.0010178615476908173, -0.0001628104876370212, -8.007243170323391e-05, 0.0003939566495988599, -0.0005103455959063924, 5.791190475810028e-05, -1.4599423235979814e-06, 4.2435190415331175e-06, -2.223849361300236e-06, -7.466768401580328e-06, 1.6684054993598485e-06, -5.09441557784298e-06, -9.817721885967853e-07, 1.5660046445471865e-06, 5.5146399790937225e-06, 4.135745296867557e-06, -2.9755998573495973e-06, 1.9024187739133552e-06, -2.3915836730710793e-06, -6.691182074462088e-07, -3.2051271185998915e-06]]}, "dipole": {"__ndarray__": [[3], "float64", [-0.00039097524477948656, 0.008315249198155105, 0.005599560874194582]]}}