{"forces": {"__ndarray__": [[14, 3], "float64", [5.5391539956915706e-05, -5.437139073662056e-06, 3.57169487385572e-05, 0.0003248962594649369, 6.543935192558645e-05, -4.296987642064067e-05, -0.00643996683999085, 0.008220394226130662, 0.008385080894863365, -0.07621116727877474, 0.13808676178019164, 0.0945073307006864, -0.0002716371437319353, -0.0001509413864255449, -0.00010982762151934687, 3.19373809632239e-05, 8.36973431283281e-06, -4.3625626820358535e-06, 4.669368154113721e-07, 7.983707572036412e-06, 2.9153543343077205e-06, 1.810727783862379e-06, 2.3612258070079105e-06, 1.4317154345231815e-05, 3.3494471011962687e-06, -3.165106877041165e-06, 2.076253677925926e-06, 0.00042781187435779374, 0.0021596379612254506, 0.00032066845565534627, 2.6955795615289273e-05, 0.00013415025590264153, 0.0004745699747919496, -0.004028123819491064, 0.0031070819595453046, 0.003106503134117381, 0.07908072601404484, -0.13795689648332235, -0.09979549027266948, 0.006997549105884975, -0.013675740086913595, -0.006896528537918302]]}, "dipole": {"__ndarray__": [[3], "float64", [-0.0006857785785369295, 0.008344710494089446, 0.005432675465481828]]}}