{"forces": {"__ndarray__": [[14, 3], "float64", [0.09352994759186843, 0.08145749565683486, 0.03190179349423772, -0.012670329411296597, -0.012413571563647984, -0.0033204569078049626, 1.975177556219445e-05, -0.000265574201782581, -1.6870283400688367e-05, 0.0003838557623071262, -0.00017238723873592375, 1.1755285302955441e-05, -0.0901720132142801, -0.09038655924978989, -0.03656448596994232, 0.00200396283767719, 0.006095560119454966, 0.002274028591405213, 0.005401272432917334, 0.01629150524099203, 0.005888171580902701, 0.0001442690031123382, -0.00037472199223192385, -0.0006899452249944542, -5.941688221031018e-05, 6.164674690349208e-05, -7.593469655554138e-05, 6.000753764999767e-06, -1.346163363055641e-05, 2.132331547204499e-06, -7.05518736416035e-06, 2.5475772635734313e-06, -4.179718738974205e-06, -2.4965876316288594e-06, 2.7967081776407806e-06, 5.431353469589513e-06, 0.0013719395012725612, -0.0002792189966259069, 0.0006053059747471338, 5.031162430041238e-05, -6.057173181710174e-06, -1.674581017588291e-05]]}, "dipole": {"__ndarray__": [[3], "float64", [-0.0004894888676351697, 0.008286616576202428, 0.0056097817913116355]]}}