{"forces": {"__ndarray__": [[14, 3], "float64", [5.702210711041945e-06, 2.087736972032937e-06, -5.463359240649708e-07, 0.0005944151253364646, 0.0001999319942409252, -0.00020271960091936057, 0.0031575511827713733, 0.006284635976476063, -0.008679981387488581, 0.0743858810680122, 0.04960606124426938, -0.0630066445704206, 4.7270627214341804e-05, -1.78084150664505e-05, -2.2300702649551407e-05, 2.0780724902750053e-06, -2.0621496431619043e-06, -8.240913433819698e-07, -1.5958090551939106e-06, 6.955460805002544e-06, 2.840618238226791e-06, 0.0003048076635646357, 0.0001145741309698289, 0.0002446685184190652, 4.4967114663064865e-06, -4.9989358540227e-06, 2.086647851997033e-06, -0.00022290832379387408, 0.00039569923087236957, -6.182409064988951e-05, -4.152600819707102e-05, 0.000403588476455843, 0.0004187376484772623, -0.011980401829079591, -0.010869960312547644, 0.01439438646748879, 0.0026772416881881973, 0.007041106006684703, -0.008505086565631806, -0.06893301237962961, -0.05315981044463477, 0.0654172074445527]]}, "dipole": {"__ndarray__": [[3], "float64", [-0.000652273054239631, 0.008270170562159637, 0.005738591800290595]]}}