{"forces": {"__ndarray__": [[14, 3], "float64", [6.951314359916736e-07, -6.985378868942995e-06, -2.5993029351232852e-06, -1.331876903456537e-05, -4.763903823342126e-05, -0.0002380846665986524, -0.0071821651805719176, 7.531809632634073e-05, -0.004649209356709234, -0.20898518998774634, 0.06972572657461526, -0.10418684337395297, 8.9059256522732e-07, 2.2457515190716205e-07, -1.994674565936574e-06, 4.117179472847232e-06, -4.298768778149902e-06, 4.427875435488035e-06, -5.243532995480632e-06, 9.317157543255016e-06, -1.2884881018009192e-08, -9.495034378434673e-07, 2.0311155084297712e-06, 1.405431086181097e-06, 4.045349209486297e-06, -7.047167306235332e-06, 1.1291096902245649e-06, -0.0016601014383751216, -0.0010213053724629747, -0.00014241508913835152, -0.00020532204408428356, -0.0008278110205453367, -0.0006947077732478831, 0.21346388825564802, -0.0708065040749362, 0.11186284346785597, -0.007845519071753763, 0.004162039419661054, -0.004391124871476696, 0.012424173019667435, -0.001253066117674104, 0.0024371861094396132]]}, "dipole": {"__ndarray__": [[3], "float64", [-0.0003192152451556885, 0.008364233873128563, 0.0059154807733972515]]}}