{"forces": {"__ndarray__": [[14, 3], "float64", [-0.0015824360669241214, -0.012053588160039524, 0.00903664047082, 0.037833105791839405, 0.1227974347678623, -0.09916919769008276, -0.0005046676314479203, 0.0023585252752205605, -0.005328270262923429, -0.00019109176501905844, -3.762699484350486e-05, 0.00027355108360341144, -0.00037941179398955023, 0.00012292690717574832, 0.0010577913010039479, -8.873871965274963e-05, -9.146100753634058e-05, -0.0001412550968768812, -0.00034336097336642914, -5.01113791560794e-05, 0.0001636042963353086, -0.04103148143377137, -0.12404753609572404, 0.10980682922935753, 0.006969314739828379, 0.010088519993410518, -0.014560027929167389, -1.859232437599778e-05, -0.00019438341608483538, -0.00040664501969795135, -0.000782118758801203, 0.001114530461810222, -0.0008238886149764996, -1.896778138583223e-07, 2.409229912272395e-06, 5.836022560808524e-06, 5.640499415016035e-06, -5.913364663337978e-07, 1.3503074415738199e-05, 0.00011402811408034295, -9.048245540755326e-06, 7.152913562844257e-05]]}, "dipole": {"__ndarray__": [[3], "float64", [-0.000644855800437331, 0.008475823767406531, 0.005823044479875725]]}}