{"forces": {"__ndarray__": [[14, 3], "float64", [-0.0898619217300174, -0.22773889856139867, -0.07862824606056366, -0.00013531401596083618, -0.006902393683438897, -0.004371023723666223, 0.00018424379364480786, -0.00040594425590924403, 5.981493285367512e-06, 0.0001337071589031941, -4.8664341265017784e-05, -9.771392189773145e-06, 0.09304531665338767, 0.23300265276902454, 0.08552690990417194, -0.004742714646595025, -0.008667308321887245, -0.0027819522216181117, 0.0005092035852715883, 0.010943152109868856, 0.0012508123521763697, 0.0005880883798606634, -0.0001221410976136741, -0.0008053914120595649, -3.180401223487763e-05, -0.00017651311359912096, -0.000321564367765635, 1.538627853132188e-05, -3.596559687165926e-05, 6.878955311507163e-06, -7.027450506913805e-06, -1.118920503636311e-06, -4.8786402977582725e-06, 3.622168157410775e-06, 1.1391410899868132e-08, 8.625915308191673e-06, 0.0002851737518988083, 0.00014667137696764603, 0.00013481321175546588, 1.4040085660026858e-05, 6.460245216105178e-06, -1.1194013847979578e-05]]}, "dipole": {"__ndarray__": [[3], "float64", [-0.0007478843148890427, 0.008594553605285469, 0.005789843135884535]]}}