{"forces": {"__ndarray__": [[14, 3], "float64", [-4.1203727746915525e-06, -1.3476337654325103e-06, -5.304766979811065e-08, 1.680947200024478e-05, -3.5443156359802045e-05, 4.782848615272815e-05, -0.00017929836961656656, -0.0017757652957111857, 0.012967182633555311, 0.05778017314168152, 0.09973801681211307, -0.19300572706365704, 9.430912196129553e-06, -9.126378015049398e-06, -8.890050774084962e-06, 3.860764949016236e-06, -7.182285978481531e-07, -3.625271362876843e-06, 3.0141839494076956e-06, 6.530434520224839e-06, 3.238164281826772e-06, -0.0002308152945451644, -7.591173870278263e-05, -9.649655071200278e-05, 5.558755932279238e-06, -2.330888901743389e-06, 2.345076356647316e-06, 5.839624145795273e-05, 0.00015787845028941862, -2.947531515441685e-05, -6.199954362387684e-05, -0.0002545829910111091, 0.00028137858090056353, 0.0022964333453233446, 0.005679877258849827, -0.006926626318863271, 0.004558068142190299, 0.006750546949473579, -0.009177307421854311, -0.0642555113791199, -0.11017762359418075, 0.19594622809880016]]}, "dipole": {"__ndarray__": [[3], "float64", [-0.0008504987629611338, 0.008201489518903043, 0.00565512316850368]]}}