{"forces": {"__ndarray__": [[14, 3], "float64", [0.001375470666201138, 0.000148417413132143, 0.000252967707904115, 0.010397152783529973, 0.011301112669849307, 0.006758010052340586, 0.10386683652208921, 0.04186791942090491, 0.0212197473323478, -0.5076217021218478, 0.0382291469887237, 0.007297901748299351, 0.0003631186372685321, -0.0001293504946348369, 2.7739342449910764e-05, 1.0083749323953575e-05, -3.4732180805651035e-06, 4.2793686884412635e-06, -1.8184548147077551e-06, 5.094384136303057e-06, 7.1072953055946865e-06, 0.00014676642962675997, -0.00019050861371816682, 0.00021340926729358865, -1.7250444410149837e-05, 9.849913342266634e-05, 0.00012975799492083326, 0.0031844476370465865, 0.005844897808132339, 0.000266580616606516, -0.012866686388565203, -0.007252342895191674, -0.0014199930513611005, 0.2094441747099916, -0.06311962084210276, 0.10409399697849012, 0.11719151698573163, -0.0764899351632537, -0.0799353924460699, 0.07452788928882845, 0.04969014340867965, -0.058916112207215765]]}, "dipole": {"__ndarray__": [[3], "float64", [-0.00048773428508002917, 0.008356209594598716, 0.005701585714814263]]}}