{"forces": {"__ndarray__": [[14, 3], "float64", [0.00014851812599255988, 5.110596063028499e-05, 5.704231215425344e-05, 1.8213244243740504e-05, 0.00015159348402667556, 0.0004509377089314338, 2.5323626143248346e-05, 0.004181636958382689, 0.0025013758188860208, -0.08034548244196482, 0.09224821049007076, 0.1395371715430822, 0.0005866566914511689, -0.00013444627680642618, 3.402333199920373e-05, 1.490441688865636e-05, 2.9016464007664425e-06, -5.358822186984576e-06, 3.586983599900573e-08, 6.740345773529189e-06, 3.3406019288170247e-06, 1.221692341365086e-05, 1.0906199782415805e-05, 4.242102109761163e-05, 2.989443043165798e-06, -5.1629998053509516e-06, 2.668031593743646e-06, 0.000370868086302894, 0.00012079182324317895, -0.00027672287731116834, -0.00010473995969023845, 0.0003210190727992194, -0.00017111636845679255, 0.0042659037206708005, -0.007728266462268781, -0.012572928156014719, 0.08343478080298064, -0.09978335683179365, -0.1387675549270088, -0.008430188549311924, 0.010556326589565257, 0.00916470078130535]]}, "dipole": {"__ndarray__": [[3], "float64", [-0.0006871551509111343, 0.008214614455714147, 0.005613854849598266]]}}