{"forces": {"__ndarray__": [[14, 3], "float64", [4.370888081750913e-06, -4.375595855299883e-06, -5.3796614560701295e-06, -1.1846619192018457e-05, 3.138458900374624e-05, -4.5495656620588425e-05, 0.0001763877822035199, 0.0018581685334758966, -0.013403040401424768, -0.05993198037710633, -0.103629024476783, 0.19695214705152675, -1.5095012356461295e-05, 4.782332417069266e-06, 1.8319122586690239e-06, 3.892546704317263e-06, -2.5770621699289306e-06, 2.7458726370994137e-06, -5.699634519839217e-06, 8.760738774925969e-06, 1.1948450526474221e-06, 0.00022339909862173423, 7.570994529460135e-05, 0.00010114727921558835, 2.599791775237283e-06, -5.889737748891664e-06, 1.7863713520381931e-06, -6.331475211224078e-05, -0.000150448044904117, 2.8132510506643016e-05, 5.220509312908787e-05, 0.00026220858933501866, -0.0002897477962738423, -0.002460808100997329, -0.005952684509840362, 0.007132710416607198, -0.004809851196498975, -0.00709531104959283, 0.009491585908559901, 0.06683574049226765, 0.11459929574859373, -0.1999696186519403]]}, "dipole": {"__ndarray__": [[3], "float64", [-0.0004002701646140687, 0.008591395908436546, 0.0056805612838306905]]}}