{"forces": {"__ndarray__": [[14, 3], "float64", [0.00015514953680042674, -0.0005644254172314861, 0.00020306769572548853, 0.0007577576164059165, -0.0024219360899139504, 0.005571673267208755, -0.04671788213123243, -0.118390694752485, 0.10198868359712122, -0.005743402129908435, -0.008467788205492313, 0.01121718214746569, 1.4433312436813469e-05, -4.115593249184441e-05, 2.055765326671914e-06, 0.00025204864283262914, -9.108677255244314e-05, -1.0597186411650822e-05, -6.397164264552661e-07, 6.099795107842582e-06, 2.147799862644308e-06, 1.3666499029263537e-05, 0.0001992113496023475, 0.0004048528239057428, 0.00037759853687507265, 0.00030876277286330436, -9.391538103478448e-05, 0.04864965900521611, 0.12071471733004357, -0.10778612682546436, 0.004193575060805453, 0.011448952473296284, -0.011215550399179078, -0.001004756588021275, -0.0004735725535186509, -0.00032505450146274516, -0.0005549245214348874, -0.002157642532770635, -0.0001062182601130974, -0.0003922831233783927, -6.94414644567876e-05, 0.00014779945704831345]]}, "dipole": {"__ndarray__": [[3], "float64", [-0.0006248719612910803, 0.008475414502812355, 0.00549257106367737]]}}