{"forces": {"__ndarray__": [[14, 3], "float64", [-0.038336788555909905, -0.12082720647997787, 0.09944287152030096, 0.001096372770845753, 0.012674666367493074, -0.009158478233811489, -2.3705631085111534e-05, -8.238675127256923e-05, -1.8604735028652754e-05, 4.630680530082859e-06, 2.4742977475579132e-06, 1.4744099107204475e-07, -0.005990457331887051, -0.008351474562551219, 0.01572735267557522, 0.04319993048797573, 0.11843122786498513, -0.10924317748504758, -0.0005691639747808235, -0.0017759185389688212, 0.004066688816808098, 8.984594371964421e-05, 9.04169635554595e-05, 0.00014581224068592848, 0.000322273294460828, -6.367866345886858e-05, -0.0009608715637047508, 0.00023329430088368086, -8.514950719700174e-05, 1.9710730820686724e-06, -7.018354950478354e-06, -3.373582912274731e-07, -4.854173353652679e-06, -1.393033009101397e-06, 7.079200416397893e-07, 5.931819266010618e-06, -1.6464540473157755e-05, -1.2339541500027494e-05, -1.4861123931237706e-06, -1.3560563200823085e-06, -1.0020106045704096e-06, -3.3032833694790923e-06]]}, "dipole": {"__ndarray__": [[3], "float64", [-0.0004857710531904033, 0.008295987315441782, 0.005529164666802466]]}}