{"forces": {"__ndarray__": [[14, 3], "float64", [0.054250785381796736, -0.06245707452165939, 0.03419631732676653, 0.007878783599698647, -0.0019124962232010306, 0.0062820736713953464, 0.0002588435074352225, 0.0002691484473521313, -8.164312723157566e-05, 5.4272601407867085e-06, -3.837780015241962e-06, -5.804351490090621e-07, -0.016479467367485085, 0.010862040967193445, -0.010924098096070292, 0.010457412732734747, -0.0017394379615263812, 0.006060452665739544, -0.05784605406068409, 0.056628101933399594, -0.03480622264616477, 0.00013709717949063203, 5.6112340043921434e-05, -0.00042153893231965296, 0.0013449865098437515, -0.0017028778644954585, -0.00030587159415084315, -3.6828209027467764e-06, 2.7516805724475414e-06, 8.272947536706455e-07, -6.700953700603048e-06, -1.4439971130211992e-06, -6.545552036007189e-06, 2.9012644057602858e-06, 3.652328912175863e-07, 8.248218488331214e-06, 7.774522366671944e-07, -2.6314271827382075e-06, 3.913510302659612e-06, -1.1096850106010488e-06, 1.279173741214093e-06, -5.33230432379753e-06]]}, "dipole": {"__ndarray__": [[3], "float64", [-0.0008078298965707245, 0.008306723134570735, 0.005612421299236745]]}}