{"forces": {"__ndarray__": [[14, 3], "float64", [-0.07574567007221497, -0.04269711156893115, 0.06845854750074742, -0.0036093581432966346, -0.007532241467801231, 0.010320326081011546, -0.0006014672294293448, -0.00014730600814932325, 0.00022189791865324926, -3.300364389095592e-06, 3.957703825422535e-06, 3.4109331174865247e-06, -0.002016216394123619, -0.004555996375037837, 0.007114980973427681, 0.0703774608802364, 0.043670552585908747, -0.07230063045768068, 0.011969722578905054, 0.01034369863809037, -0.014616999999571665, 0.00014566095455849915, 9.245267481296098e-05, 0.00039893915129554435, -0.00010746963005813029, 0.0006005545146124995, 0.00042249713384421103, -0.00036097351617394045, 0.00025010679389688226, -1.1038937767479023e-05, -6.1330485568020215e-06, -6.386105707240779e-07, -6.250415735030462e-06, 1.4803124598051267e-06, 1.3759836342098894e-06, 6.324942202825726e-06, -4.3748176913259055e-05, -3.003766718863513e-05, -7.766234556958466e-06, 1.184899549746031e-08, 6.328028983633609e-07, -4.238588987775139e-06]]}, "dipole": {"__ndarray__": [[3], "float64", [-0.0005837004527468047, 0.008435201742515263, 0.005531110616472264]]}}