{"forces": {"__ndarray__": [[14, 3], "float64", [0.00033439828276902246, 8.273351055103276e-05, 0.00017349890772668577, -4.430360496213251e-05, 9.272376453738541e-05, 0.00021249098741164777, -0.013763929139191366, 0.005116835954234642, 0.008470640051568593, 0.11749627636271744, -0.07166985655787325, -0.07793680866028187, 0.0013225934293203086, -0.00028322612394171624, 0.0005640730359820223, 4.9002235001586566e-05, 1.584908929029519e-05, 5.375024151599536e-06, -5.35551232381637e-06, 8.197816495185548e-06, -5.950953926540306e-07, 3.854950206852372e-06, 4.8985510615070104e-06, 1.6362534383063157e-05, 3.375030858870626e-06, -6.557695403397152e-06, -3.1423944836678273e-07, -7.454657110723316e-06, 0.0005706474079033687, 8.276292996422766e-05, -6.493093511883568e-05, 5.228870636573494e-06, -0.00013887856395206654, 0.007870470209704439, -0.011279001861257989, -0.012237448642466094, -0.11583456536175327, 0.08098725679307761, 0.08554090230692246, 0.002640568709881741, -0.0036457295193104383, -0.00475206057656945]]}, "dipole": {"__ndarray__": [[3], "float64", [-0.0004939936538281008, 0.008519709947144901, 0.005781842957444636]]}}