{"forces": {"__ndarray__": [[14, 3], "float64", [0.001461402003822152, 0.012318671945225018, -0.009229186066910132, -0.03820462167321875, -0.12307558095655872, 0.10134621205115064, 0.0004507965917926767, -0.002361262799230305, 0.0054746919946421675, 0.00020425869152704209, 3.892692627695483e-05, -0.0002820610625915789, 0.00036960504034951237, -0.0001306983732799623, -0.0010587332932074827, 9.799197558030498e-05, 8.952907249611092e-05, 0.00014120000326545693, 0.00034486357158521085, 5.916578360106511e-05, -0.000161234857303247, 0.041967161779908425, 0.12442879853538864, -0.11239197354989433, -0.007376299083303915, -0.01044382972660116, 0.014989435797511278, 1.563413491675939e-05, 0.00020798336065708025, 0.00041855196076931526, 0.0007874778986675538, -0.001136646774926129, 0.0008322448279291744, 2.697276327060893e-06, -5.281817627401604e-07, 8.493715431348265e-06, -3.0163902452922455e-06, -4.080710843207086e-06, -7.561998325681693e-06, -0.00011795181770922231, 9.551899558224904e-06, -8.007952246707427e-05]]}, "dipole": {"__ndarray__": [[3], "float64", [-0.0006061403481443322, 0.008313668189652935, 0.005513106094706319]]}}