{"forces": {"__ndarray__": [[14, 3], "float64", [-0.0038372130765748354, -0.007766726653771836, 0.011583535523796748, -0.07925539754750593, -0.03823923654213013, 0.0589687091456332, 0.010495996592851846, 0.009797419807709113, -0.013515047991470797, -0.00014375575807619288, 1.67827169438361e-05, -0.00025855152292660646, -0.0001506473379758192, 0.0005863083488746854, 0.000481360034503565, 0.00015398196829515123, 9.216176553244146e-05, 0.00040146072422330434, -0.0018620341932530252, 0.000153967248339596, 0.0010341988604784648, 0.0776463605829041, 0.04156068462510027, -0.06629288499459393, -0.0022116111999634543, -0.007079423340326734, 0.008514502324255397, 2.5303453617992915e-05, 2.1022079925315098e-05, -7.542832191202642e-05, -0.0005504263912351983, 0.0009816579156633012, -0.0006119645373584575, 2.0600521117815772e-06, 6.223663506894814e-07, 8.74232429423546e-06, -4.239371096050575e-06, -5.783207028359595e-06, -1.1163655615730862e-05, -0.0003083777741010597, -0.00011945713118082218, -0.00022746791330631382]]}, "dipole": {"__ndarray__": [[3], "float64", [-0.0007327348377694369, 0.008434219556902725, 0.005580320340236874]]}}