{"forces": {"__ndarray__": [[14, 3], "float64", [6.644094531273859e-05, -0.0001667715336360588, 2.8143675945160523e-05, -0.00451022277770317, 0.007715558514646706, 0.011910783665381942, 0.06823617916093698, -0.0801872965797083, -0.12183575074870243, 0.0013379965386198212, -0.00589791852840353, -0.0029158991549222005, -4.166140389589353e-06, -1.5943650439959363e-06, -4.85266757195474e-06, 3.092564709058945e-06, -1.022129057445828e-06, -2.6351377121683795e-06, 1.1240661377882354e-06, 6.5473970882930715e-06, 2.594808095971409e-06, -0.0006150186408801933, 0.0008308775155063048, -6.54797027598798e-05, -0.0007648238265669785, 0.0001265694606847866, 8.38951805131658e-05, 0.011123259083433952, -0.011210835439337576, -0.009805052359728275, -0.07390191305689182, 0.09045768351163512, 0.12342055729846302, -0.000679844107453854, -0.001119214900706861, -0.0012670879262550387, 0.00013383176485154552, -0.0004830805113664337, 0.00017164082720609123, -0.0004259355741167084, -6.950241230047196e-05, 0.0002791422420476604]]}, "dipole": {"__ndarray__": [[3], "float64", [-0.0007280626751780267, 0.008545471008483838, 0.005609150721494724]]}}