{"forces": {"__ndarray__": [[14, 3], "float64", [3.124873668499146e-05, -0.0003332967578995923, 5.639739438849041e-05, 0.009290638645017491, -0.010385761242767105, -0.007472009453374595, 0.12844727745726708, -0.07907727655262778, -0.07039947281524195, -0.012826276519786477, 0.006493628432712956, 0.007203220461788027, -4.120338978722548e-06, -9.716185974337026e-07, -3.409497520894221e-06, 4.148368697785544e-06, -4.321593999284932e-07, -2.0053726765697587e-06, -1.1208536493826224e-06, 8.478048895339093e-06, 3.853702211154789e-06, 0.0005423538931322184, -0.0007791787098293056, 0.0007985732222755161, 0.002808377492494112, -0.0003156530909572702, 0.0006743441034967898, 0.0032130026649186353, -0.004096436540346783, -0.005643484743913419, -0.13160807849792822, 0.08718812327791546, 0.07388574337628549, 0.00020207130572380547, 0.0007666141764996905, 0.0009424440811001469, -5.6986591655426745e-05, 3.0333823988827425e-05, -9.691658302043829e-05, -4.2535761938411316e-05, 0.0005018289124133586, 5.2722124203905733e-05]]}, "dipole": {"__ndarray__": [[3], "float64", [-0.0006285560948392694, 0.00855813776849652, 0.005744692051543215]]}}