{"forces": {"__ndarray__": [[14, 3], "float64", [-0.012788421638412296, 0.007690192875631995, -0.00360573345172119, -0.1285556989551651, 0.019696710561829957, -0.04277121706812154, 0.4462624693225923, -0.015863532662592328, -0.048345848123076074, -0.10384449655441988, -0.03730941826563585, -0.02030329732524292, -1.7351082892923005e-05, 0.00018934311498953, 0.0002840884258136106, -0.0006237964726367223, -2.9601053435493033e-05, 9.642216392654223e-05, -6.16455762244451e-05, 0.00026824370805144526, -0.0001539832780083808, 0.010510408203761305, 0.0004837507834063114, 3.1026778927832795e-05, -0.007549079988865871, 0.00026781930102504433, -0.005662033431190826, -0.07854274742586134, -0.04726340848292014, 0.05719506204159237, -0.12819239525632645, 0.08243499417898055, 0.0675707123581796, -0.0069590124940406145, -0.01217141456199523, -0.004258624513910405, 0.013499536839979445, 0.006518194093957313, 7.589724044112512e-05, -0.0031377689214871847, -0.004911873591291979, -0.0001524718176099228]]}, "dipole": {"__ndarray__": [[3], "float64", [-0.0005781965663706691, 0.008450963420854742, 0.0057543869299063535]]}}