{"forces": {"__ndarray__": [[14, 3], "float64", [-0.037250341684125596, 0.09828888459749492, 0.02691128345575857, -0.045999039087687474, -0.49264604428634395, 0.009557790845706467, -0.019321409447496097, 0.08336455477358976, -0.010003319616862296, 0.011509561158389232, -0.011959788726509756, 0.008230413183250422, -0.012591029056412522, 0.006901741074200889, 0.00877934231244601, 0.007661611236929542, -0.012910184711248232, -0.0021543781469592744, -0.0037565205854881416, 0.001953622481742189, 0.0004144724327705408, 0.0385039439042585, 0.12325669847408618, -0.10720700165478682, 0.08115861097706356, 0.19873309735765218, 0.07940492234359091, -0.009767884636608881, 0.0024520199004122154, -0.006360514906942982, -0.010499775457901093, 0.0024216149148012633, -0.0077858232363899145, 4.636127855975987e-05, -1.9123787336198513e-05, 2.2126156445607233e-05, 9.843826516604027e-05, 6.611722353941189e-05, 0.00016145594039029853, 0.0002074731353533232, 9.67907139200966e-05, 2.923089158155831e-05]]}, "dipole": {"__ndarray__": [[3], "float64", [-0.0005416220277593801, 0.00840857954464724, 0.005685232194604897]]}}