{"forces": {"__ndarray__": [[14, 3], "float64", [-0.00016304280947258663, 0.0005729066692920865, -0.00021428132187273534, -0.0007062485263882477, 0.002429880221806748, -0.005721634912431691, 0.047372043927316636, 0.11889947672655117, -0.10398134999090736, 0.0060995721011588054, 0.008729097905912682, -0.01163672794989528, -2.0925488408029003e-05, 3.8115835974141274e-05, -9.260368038364066e-06, -0.00024831967728505355, 8.789608242206128e-05, 9.699942018313281e-06, -2.025926802654196e-06, 9.194212023538333e-06, 2.3096071208477913e-06, -1.9191525647935633e-05, -0.00020315761745220176, -0.00041227008580513894, -0.0003735613502061049, -0.00032086551587603957, 0.00010766184277713371, -0.049775649972377455, -0.121166135168713, 0.1100728012768264, -0.0041605384208642585, -0.011839819062456357, 0.011477422248807193, 0.00101980671944833, 0.0004759735860190805, 0.0003497633163351715, 0.0005759083379502007, 0.0022150073632180136, 0.00011642733474037965, 0.00040217261157846225, 7.242876127778794e-05, -0.0001605609396750183]]}, "dipole": {"__ndarray__": [[3], "float64", [-0.0006266255900528726, 0.008318483622983427, 0.0058411401581140755]]}}