{"forces": {"__ndarray__": [[14, 3], "float64", [-0.00015057764088004388, -5.7638870816420464e-05, -6.234454303366065e-05, -1.5408221578613607e-05, -0.00016212905394446067, -0.00046498886920498094, 7.583652171228596e-05, -0.004282725930112181, -0.0025478497366171944, 0.08214243687586767, -0.09493406797469398, -0.14062838732961322, -0.0005949386160895148, 0.00013073006938088555, -3.61814218181103e-05, -6.975197963855972e-06, -6.0901414025979235e-06, 4.477418729855983e-06, -2.717734780326311e-06, 8.53371235801342e-06, 1.1083143661301194e-06, -1.6253976091166547e-05, -1.0166416257485157e-05, -3.883062131825316e-05, 5.187282258168551e-06, -3.017200702253623e-06, 1.4754665077751417e-06, -0.00038491377438090794, -0.00010180554795343568, 0.00028135446110902015, 9.563337704360002e-05, -0.0003342277244504367, 0.0001678688552398229, -0.004253638883965426, 0.008008531747185375, 0.012976534968364277, -0.08578957966700693, 0.10264035146258055, 0.13984968099690226, 0.00889590965585486, -0.0108962781311701, -0.009503917959612758]]}, "dipole": {"__ndarray__": [[3], "float64", [-0.0005647178419587531, 0.008576760009926108, 0.005717107106194319]]}}