{"forces": {"__ndarray__": [[14, 3], "float64", [-0.00011484939122570165, -0.0002856014215281357, -9.95909279321087e-05, 0.0019805176641588635, -0.011880405199498635, 0.0017703083181551274, 0.03727856322795473, 0.1297009668529731, 0.021547536243957215, 0.03842868831778469, -0.4843105824004213, 0.020704825046679837, -0.0001729400039619228, 4.6908748183592994e-05, -1.0860659836779729e-05, 5.076281665853228e-07, -3.562914060962886e-06, 4.644823166904711e-06, -3.1587149830399475e-06, 1.2003904237147656e-05, 1.1403374976555676e-06, -1.709860309930035e-05, -3.7341970980031005e-05, 5.206059389789728e-05, 7.139529543903052e-05, 3.957514639978813e-05, -5.5022730498981215e-06, 0.006957733290386865, 0.008491522665844516, 0.0017480930932058675, 0.006371928498736638, 0.010072893398821172, 0.005843784430953878, -0.06813325371809219, 0.08082957207071398, -0.04318004885053559, -0.07255679285332459, 0.13971123776300565, 0.0948090867391014, 0.049908759362060455, 0.12761281335631117, -0.10318547691526181]]}, "dipole": {"__ndarray__": [[3], "float64", [-0.0005111963339086758, 0.008401462186722147, 0.005696507056608358]]}}