{"forces": {"__ndarray__": [[17, 3], "float64", [0.10681432583685165, 0.026989923863862564, -0.03200334304286173, -0.4326038434812969, 0.04069492883434781, -0.005188534690048808, 0.14482615687710443, 0.027681744059453145, 0.030244915831974813, 0.011587065886666522, -0.0033742935981608147, 0.006058477051912039, 0.00044984197362965, -1.4632041028576214e-05, 0.0003353062014961764, 0.0006218444878786774, -0.001455607877609309, -0.003288470347655178, -0.011470643359356868, 0.00028201639933600383, 0.0061628820277443465, 0.0077269923425550375, 0.007961207273630325, -0.012305775300345939, 0.10928000877240447, -0.08747506488028099, 0.03905161980332047, 0.06029167814259169, -0.017132047860751627, -0.03298478938997003, -0.007100789016927193, 0.0022919926830987014, 0.002897515678957971, 0.00895330857961894, 0.004055819563204807, 0.0010192580207705674, 0.0005980148554988998, -0.00021543534754134533, -0.00012391204603959746, 3.8433289801229776e-05, -0.00028855601836070806, 0.0001288581623475989, -7.1057606412338095e-06, 6.662079114167516e-07, -1.2932777430058757e-06, 6.654751710327882e-07, -1.518681576754226e-06, -2.1184015587846687e-06, -5.954901549769809e-06, -1.1425795346442115e-06, -5.962823001682609e-07]]}, "dipole": {"__ndarray__": [[3], "float64", [0.0015515278359717003, -0.001720930348337698, 0.006617461689406847]]}}