{"forces": {"__ndarray__": [[17, 3], "float64", [-0.01156728782973392, 0.011248077393702182, -0.0027524803105990468, 0.10940730795264429, -0.09100998557346165, 0.0360001544460098, 0.009170916778842199, -0.014976021182275097, 0.007163334748623828, 3.871191684788392e-05, -5.742197236564721e-05, 0.0002838502892857678, -6.896679999810689e-06, 2.033176096309052e-06, -3.677869516971077e-06, 4.360940038657789e-06, 0.000133335084880374, -0.00039611913855467257, -0.00011226230963054746, -7.787741526439968e-05, -0.00015107385493644642, 0.0004520831287401408, 0.0013037426998853022, -0.0005233199548179281, -0.11146490203691187, 0.09701493135353935, -0.04114781347478637, 0.00017685589815610059, -0.003961744561167783, 0.00019962852652873728, 0.0008618424651333686, 0.0003229766475346804, 0.0011020033981641545, 0.0030420958682490684, 5.352577978460547e-05, 0.00022674977770267615, -2.208882688102185e-06, 2.7171944502140177e-07, -4.028289845565105e-06, 1.4203086980181153e-06, 1.0769917140252249e-06, 1.0935323102635487e-06, -1.898873761508414e-06, -1.7532400872655902e-07, 1.6294598587079142e-06, 1.5832626848051943e-06, 8.194622194563859e-07, 5.956384682687997e-07, -1.7219073080338214e-06, 2.435719741252465e-06, -5.269238947481185e-07]]}, "dipole": {"__ndarray__": [[3], "float64", [0.0016105450996703658, -0.0014961329667866428, 0.006474290048014083]]}}