{"forces": {"__ndarray__": [[17, 3], "float64", [-2.5260571836134483e-05, 9.81456868072549e-06, 1.3357759935129702e-05, -0.0004538057938279551, -9.838737352931135e-06, -0.0002981337580015604, -0.013503379220081048, 0.0031535649454768346, -0.006049152886091116, -0.15276190122499972, -0.02748361332138303, -0.032273961422063374, 0.4684712543831179, -0.022754922743663645, -0.01996899630597371, 5.542684181517685e-06, -2.2354713053736614e-06, -5.156516947709075e-06, 4.849211970348428e-06, 4.558882142357983e-06, -1.4959462850298548e-06, 5.5737822754917315e-06, 1.6217321605117653e-06, 4.97607048700356e-06, 9.69270131710595e-06, 1.4285265802857557e-06, 5.916013008347098e-06, 3.5477712699925274e-06, 8.505894065674957e-07, 3.991545463674811e-06, -0.000542066086282626, 0.0002278533902124785, 0.00014378216619179116, -0.00011018476026945525, 0.0003240648031893848, -0.000263425242107098, 0.006958577584442974, -0.0023042292886382505, -0.0036071548074354124, -0.008621562955699266, -0.004605667758402637, -0.0004314385342037523, -0.13226476494716952, 0.10448983964737608, -0.03634780948830637, -0.05617295780418501, 0.015749477467554632, 0.022948988530795206, -0.11100315475422468, -0.06680256723203348, 0.07612571282153419]]}, "dipole": {"__ndarray__": [[3], "float64", [0.0014044727271185556, -0.0015610269773481595, 0.0065358678543738615]]}}