{"forces": {"__ndarray__": [[17, 3], "float64", [-9.437895054443738e-07, -1.160408187819878e-06, 1.5942741411383963e-06, -3.457475629739002e-06, -2.8430417037378935e-07, -6.592447295574935e-07, 0.0001930468833060614, -2.3373651772783295e-05, -0.0003435931142137532, 0.0034324920268492647, -0.0049471026030363146, 0.001192203611071448, 0.036678560304255294, -0.04750998796481496, 0.059086000342864466, -1.918596749164602e-06, -6.64512056969088e-07, -2.48973127154612e-06, -3.3884908596360915e-07, 5.196901712533028e-07, -1.5532853375950871e-06, 1.319632427353811e-06, 7.342618449882067e-07, 3.968020234218817e-06, 4.363909717209671e-06, 2.14759573528494e-06, 2.7268085500024943e-06, 7.338782760083178e-07, -1.01996420382776e-06, 8.225896083995991e-07, -9.72470241352881e-07, -3.046345178291263e-08, -1.5628611783901392e-06, -1.1315693305435546e-06, 5.288467007021899e-07, 1.3727277478316519e-06, 0.001277728866526405, -0.00016792833530484546, 0.0011089848646421508, -0.00014209559590946531, 0.0003120500676895855, -0.00013364064425105954, -0.039508507158343385, 0.049058531415646235, -0.05279113409156522, -0.012436003982706029, 0.014845414507125449, -0.009886977972905744, 0.010507123986143696, -0.011568374177914334, 0.0017639377065917705]]}, "dipole": {"__ndarray__": [[3], "float64", [0.0014460106354194724, -0.0015419838826163832, 0.006679434712271149]]}}