{"forces": {"__ndarray__": [[17, 3], "float64", [0.25011535161233855, 0.05056622823271342, 0.0932272375672226, 0.008027101351171016, 0.0033257482403043015, 0.00025475808718717274, 0.0001053865807474007, 0.00017735267185837756, 9.123621095358936e-06, 3.255400829962306e-06, -4.030761893357906e-07, -2.589433609083629e-06, -6.989905592137481e-06, -1.4654920584250686e-06, -2.1743379219244474e-06, -0.009018599009891212, 0.000706619358700333, 0.000495985583382279, 0.0064005888640054345, -0.00010756487947723307, 0.0035189176478743474, -0.2575622971349063, -0.05596650462491737, -0.09575244875799822, 0.0004541374538892018, 0.00109362099983328, -0.0006421415162451815, 0.0014849771712274248, 0.0002020400232867247, -0.0011061205403050125, -1.1374848092978517e-06, -3.8101179243394784e-08, -6.642038306128403e-07, -9.096943992550039e-08, 2.621784641485015e-06, -1.8347738903017088e-06, -5.092259550051346e-06, -1.2987532543722117e-06, -5.929125038029164e-06, -1.435440405274171e-06, -2.797876521464739e-07, 2.8627091456393288e-06, 9.023043660787863e-07, -2.76578299803876e-06, 2.800606788635174e-06, 2.539093010999644e-06, 2.4086090508556508e-06, 3.7607341451728323e-06, 1.4023730088973535e-06, 3.6805773369278246e-06, -1.5438680018628382e-06]]}, "dipole": {"__ndarray__": [[3], "float64", [0.0011518994272079646, -0.0017899614511306028, 0.006487739239791006]]}}