{"forces": {"__ndarray__": [[17, 3], "float64", [3.1402063841819358e-06, -5.154232390528144e-07, -1.1032068093690193e-06, 3.944385905689178e-07, -3.908449670681351e-06, 2.1588224705749007e-06, -0.0001897676777244429, 6.692650185867982e-05, 0.0003337278037736024, -0.0022674083488246895, -0.0019662099609866084, -0.0035431279125192052, 0.015976871991048684, -0.12526802539519685, -0.11903071611410315, -3.5429879855277457e-06, 1.196754479522994e-06, 1.4688537401984966e-06, 2.680813831748668e-06, -3.420930250713285e-06, -1.8046130089961794e-07, -2.831340791145649e-06, -5.641474170267407e-07, 2.6736625041876058e-06, 2.9525714408129975e-06, 4.134420690410617e-06, 8.595308659646543e-07, 2.312737456449791e-06, -2.786374542452543e-06, -1.1854795145572335e-06, 0.00012331659714651718, 4.119793838380567e-06, 4.8273485742293444e-05, 9.074783028039582e-06, 1.8627553007890584e-07, 1.2909056034897372e-05, -0.00011744577077836814, 0.00020373555476682932, -0.00044132151578353676, -0.0009712415438934386, -0.0010998685708409634, -0.0005883031208974186, 0.0012270164271230533, -0.008486560116693383, -0.015038805942007762, -0.014458081418859502, 0.12371669819842285, 0.12766388655551686, 0.0006625585228069747, 0.012834861869251117, 0.010578785982287377]]}, "dipole": {"__ndarray__": [[3], "float64", [0.0017810807059402405, -0.0016536422791126402, 0.006823956998055623]]}}