{"forces": {"__ndarray__": [[17, 3], "float64", [-9.219931897605912e-05, -0.00021367717206335354, -2.0085102275932713e-05, 0.0009476041922640077, 0.005686954606979729, -0.011261862069711406, -0.07236220963382531, -0.09187680431311454, 0.15173733549419718, 0.000520128087327806, -0.005251516824918304, 0.0018510150904368285, 0.00025767391839519473, -0.0002500221604247824, 0.000572769435812841, -6.229606036892434e-07, 2.7667099665507894e-07, 6.204064043953937e-09, 2.0265513459665965e-06, 9.349231779297705e-07, -4.803949032667966e-07, -2.1578947205987714e-06, -3.054624987617456e-07, 3.511466895577581e-06, 0.00023111424503421488, 6.777061558161179e-05, -0.00023673449924248616, 0.0004894581564202273, 0.0006167599114388774, -0.0001783825315254701, -0.010505255176820166, -0.011173110446301374, 0.013062693679204852, 0.08007192923834033, 0.10297574550506534, -0.15508542666275968, 0.00037296918036106925, -6.779222562371293e-05, -0.0003908866446198903, -0.00015344191874145898, -0.0004427698886432584, -0.00011915690909241477, -2.4375890090651208e-06, 1.1329411921737626e-06, 2.5360763058095323e-06, 3.2609708364795395e-05, -1.3212033679172835e-05, 4.781118827930974e-05, 0.0001928112148426857, -6.03646471651124e-05, 1.5336178934296193e-05]]}, "dipole": {"__ndarray__": [[3], "float64", [0.0016656787764944914, -0.0014627315308085977, 0.006586391227611099]]}}