{"forces": {"__ndarray__": [[17, 3], "float64", [-3.6454195983470917e-06, -2.3418216785129338e-06, 3.066686204973918e-06, -3.2517554745122965e-06, 1.1538196739065421e-07, -2.9446553170931253e-06, 0.0002495626560512991, -5.021391212086625e-05, 0.0004348813728890054, 0.0038344172305033153, 0.002858830927886256, 0.0031882870425534097, -0.02281012821516761, 0.11448647297934701, 0.2124793313530267, -6.936983673086191e-07, -2.1450747882563033e-06, -4.835434210273829e-06, -1.3601594284422729e-06, 2.5803135105427734e-06, -1.8810050289223222e-06, 3.2490178040790925e-06, 1.434846870441387e-06, 4.670368334963993e-06, 4.36056887573899e-06, 9.107738419701397e-07, 3.4665651065732285e-06, 3.0843257736538407e-07, -9.818508905669202e-07, 1.4836375565505188e-06, 0.00016246877660689815, -6.197549744603584e-05, 1.2117636420821668e-05, 2.6727445401725034e-05, -1.5376171196674902e-05, 4.638070748408051e-05, 0.00010153131206004966, 0.00036786359335497964, 5.7874377426883585e-05, 0.0006058523926040586, 0.00023316746755231934, -0.00021541296077500383, -0.0016765924180144301, -0.0018838751469353247, -0.00981876849191202, 0.021229555631081694, -0.12350790824668971, -0.21734534335841288, -0.0017223617975155514, 0.0075734414374161235, 0.01115762615865145]]}, "dipole": {"__ndarray__": [[3], "float64", [0.0013587083147639362, -0.0018055290164912996, 0.006380027297785851]]}}