{"forces": {"__ndarray__": [[17, 3], "float64", [-1.7275735130085967e-06, -1.082599012184976e-06, 1.737198198768656e-06, -2.9707357714142665e-06, 1.0733463046464738e-06, -2.0225003654760038e-06, -9.723930110958741e-05, -5.8979738947181655e-05, 0.0003669017078540712, 0.003965764698080308, 0.0019143809489139102, -0.0010965579436336532, 0.06645483717033288, 0.11970851801772601, -0.09450436957566871, -1.6900650474452842e-06, -1.0194085426734596e-06, -3.6736314565123038e-06, -1.10931347626947e-06, 1.5036786070483812e-06, -2.1984987186019575e-06, 2.4931086650078133e-06, 1.1569343490438008e-06, 4.265865038115549e-06, 5.4849736014689075e-06, 1.606251386373728e-06, 3.2444988822187797e-06, 1.5476631964328937e-06, 1.3842324441864718e-07, 2.072188239505375e-06, -1.1965128281329505e-05, 1.140019113353401e-06, -3.961984164352587e-08, -0.000163362383136922, 2.207377509824882e-06, -6.100995915839581e-05, 0.0010913226951199822, 0.0010728322990165014, 0.00019571663887291463, 0.00037803444208610825, -0.00021256193402670415, -0.00023487889578283666, 0.009334688969169554, 0.007874987458783464, -0.011502456664649626, -0.007734242489289529, -0.01248033943143526, 0.007754437019006753, -0.0732198667306259, -0.11782556164299003, 0.09907883217318265]]}, "dipole": {"__ndarray__": [[3], "float64", [0.001313979229179333, -0.001592005709779389, 0.006677497908347537]]}}