{"forces": {"__ndarray__": [[17, 3], "float64", [6.159733331039266e-06, 9.444553181541532e-07, 2.0408117372639767e-06, 1.259113799537803e-06, -2.586989384856086e-06, 3.897862976876837e-06, -0.00023035471293984838, -2.2161690583018667e-06, -0.00027136050293114254, 0.007299180346955793, -0.011258135385467067, -0.016623726752524916, -0.055909930560643264, 0.012578378963654787, 0.018106400976891198, -4.5010123581145795e-07, 8.092536521680183e-07, -3.4284229177916747e-07, 2.6953370548897274e-06, -8.037729649125103e-08, -6.557840510656365e-07, 1.2319476613320063e-07, 3.8831663447534376e-07, 3.6222902249007003e-06, 5.282631644261206e-06, 2.9728030397923335e-06, 3.1158474500454012e-06, 2.939847881679154e-06, -1.4978729093814676e-06, 1.2608660456941238e-06, -0.00036193892140645885, 0.00013902388617762087, -0.00015482215369924305, -1.5630140967815947e-05, 1.0766104020525702e-05, -2.934345772368214e-05, -2.310093057738573e-05, -9.005093453458681e-05, -0.00012107105749657921, -0.0009300282603554151, -0.0011175147458278361, -0.00044802256444596974, 0.0006253298428225578, 0.0064259084547477995, 0.012458457978547381, 0.04905973247937135, -0.014570729504662861, -0.02207298372713103, 0.00046873110049945827, 0.00788361974189627, 0.009143532208421722]]}, "dipole": {"__ndarray__": [[3], "float64", [0.00150200118361088, -0.0016296081881373872, 0.006606175109809137]]}}