{"forces": {"__ndarray__": [[17, 3], "float64", [0.08432584213525629, 0.0168034372183192, 0.09094440026428213, -0.012488401775116292, -0.0005735641888706339, -0.012639222947404358, 0.0001220767178169709, -7.048793700087289e-05, -5.3276174395196095e-05, 5.732191097410126e-06, -1.2142258183836996e-06, 2.219461700762763e-06, -2.624767348447293e-06, -1.6077805802126244e-07, -3.8783538832390747e-07, 0.017950930940284916, 0.003454177777819954, 0.005309082649615496, 0.005940294844686042, 0.0010732143328718972, 0.0015990195409880637, -0.09407111131536762, -0.019841548318104748, -0.08579142245692548, -0.0005258178975768114, -0.0007096280997661435, 0.00015860277589577982, -0.0012567697623067757, -0.00013876600605297016, 0.00046807929717263724, -1.223869192377494e-06, -4.880166365860331e-07, -7.310722787476535e-07, 1.667516125801488e-06, 2.4925960471656735e-06, 1.4671607220414995e-07, -2.040902020985738e-06, 3.336153197006967e-07, -3.027042442324784e-06, 5.101012200637605e-07, 9.005759377536471e-08, 2.952352476660764e-06, -1.5757288183831227e-06, -1.8403682355871915e-07, 1.7378902814707959e-06, 2.7418316163793925e-06, 5.822690455590676e-07, 1.421750189113504e-06, -2.302603553799302e-07, 1.7137401145334178e-06, 4.0483016052667503e-07]]}, "dipole": {"__ndarray__": [[3], "float64", [0.00144465518838364, -0.0016657749967075226, 0.006699809972889072]]}}