{"forces": {"__ndarray__": [[17, 3], "float64", [0.029565742814975288, -0.06855743275422738, 0.0699927407184839, 0.006210628800855806, -0.010864864955492907, 0.0029504524357452004, -0.00025792308204852506, 0.000197436225853383, 0.00010728718300604262, -4.097041192711949e-05, -2.1361905720869277e-05, -1.765000234175884e-05, -9.198615687540868e-07, 3.743892609182411e-07, 2.267228468719648e-06, -0.0085120019615532, 0.016895083382931084, -0.011272544960466905, -0.030257269219688476, 0.07151449258833718, -0.06495030193517337, 0.0033909911156142568, -0.007715190247014805, 0.001667558159132012, -0.00014323936792693886, -0.0004532215925790568, -0.00014110117061138621, -0.0002564030420441047, -0.0010452693171001057, 0.0018073048842880723, 2.1483759558115782e-07, 1.6805232149741226e-06, -3.116701774225182e-06, 7.199066868045656e-07, 1.5326462696269318e-06, 9.138860529922242e-07, -2.905245955029996e-05, 2.096388227985079e-06, 9.325127198650241e-06, 0.0003332591467708561, 4.38420125523896e-05, -0.00015603213777285095, -4.344635385905734e-06, 2.112942125816067e-06, 1.0044444934606796e-06, 2.2396017042520325e-06, -1.3320291374229482e-06, -3.711199377084169e-07, -1.672182508528429e-06, 2.1702498925680934e-08, 2.263961209671298e-06]]}, "dipole": {"__ndarray__": [[3], "float64", [0.0016896039197874164, -0.0014647971285014823, 0.006670489420345029]]}}