{"forces": {"__ndarray__": [[17, 3], "float64", [0.012102835124727703, 0.006899353632754093, -0.0010158150774177313, 0.1410215643887616, 0.01843448944871556, 0.03469956881359072, -0.43810509610228915, -0.021032592966467187, 0.03842029409628835, 0.10745961768471417, -0.03790798836499254, 0.015595477614354987, 0.013528645246972323, -0.014460954725117823, 0.006380210667445662, 0.0005193884204467654, -5.1656106342006295e-05, -0.00019666855116219785, -6.8586244911961795e-06, 0.00018275251841054084, -0.000255875056301281, 9.830937509164614e-05, 0.00021954636902116778, 0.0001217278449418925, 0.00885691446866811, -0.0004906281557210401, 0.0041845384243627244, -0.006666214372609729, 0.0019374730016236943, 0.0030170755964663977, 0.05994814462908469, -0.025190876527320886, -0.027525622564923313, 0.11128521010143894, 0.06833873039837358, -0.07263325754006651, 0.00030717129858316353, -0.0030941108048725256, -0.002199378134278742, -0.011256624834448859, 0.006283791523416628, 0.0010619224153890577, 7.48703853101819e-05, -0.00016777990194411006, 0.00020324518271578888, 0.00023222029289968999, 0.00019372017947311615, 0.00026429308918283047, 0.0005999025171407363, -9.326951900949442e-05, -0.00012173682058797126]]}, "dipole": {"__ndarray__": [[3], "float64", [0.0015775361314658727, -0.0015441281436078568, 0.006510691338674746]]}}