{"forces": {"__ndarray__": [[17, 3], "float64", [-0.00010951035381436203, 4.442263452665111e-05, -7.960574406927283e-06, -0.00012371062922766796, 0.00016502651923835175, -0.0004504010112863096, -0.0009900236586824307, 0.004552780739684557, -0.001582359971443132, 0.07291235006194058, 0.09436666858049823, -0.16227139866828186, -0.0003834367898187766, -0.005225553152197159, 0.011187832715431476, -1.2885799710900617e-06, -7.658255358668142e-07, 2.5149412782026915e-06, -0.00034237107162831955, -6.001976283039752e-05, 0.00015702368905787709, -7.525856156046782e-07, 3.096839266310909e-08, 2.839087134329855e-06, 5.21296123782738e-06, 1.4729042657303034e-06, 1.6285243082633475e-06, -2.119881145322815e-05, 1.0528795911454453e-05, -3.9699570834540255e-05, -0.00034568947801580987, 6.432688932786654e-05, 0.00036795317740418115, 0.00013598330524567065, 0.0003672269636769076, 0.00012291318211784903, 0.009823934036678948, 0.010640281404236921, -0.01372597917744254, -0.08018904648024892, -0.10456687753547446, 0.16581625375414108, 3.078708992563176e-05, -1.5596642761046076e-05, 0.00013465321924117945, -0.0004433008905875673, -0.0005864538337723559, 0.00022130019300495486, 4.2061874035546476e-05, 0.00024250035281262475, 6.288649057597782e-05]]}, "dipole": {"__ndarray__": [[3], "float64", [0.0016115182530804368, -0.001761337215543587, 0.006559449063132597]]}}