{"forces": {"__ndarray__": [[17, 3], "float64", [-0.09398166738458294, 0.08729128166413566, -0.025505985495043886, 0.011644224497943084, -0.011712253354074388, 0.0007894374138692117, 1.2632758342011376e-05, -0.00031769026048719006, 3.75865657501498e-06, -0.0003387953214595691, -0.00013357361743879045, 5.562321179542489e-05, 3.293435683910463e-06, 2.2082690091578156e-06, -3.50566175855142e-07, -0.00022814143260949175, 0.0028129256742088922, 6.058877348933213e-05, 0.09103837553396507, -0.09691042763662172, 0.030409894252524033, -0.006472775338538003, 0.019250771495574283, -0.006055482883016649, 0.00011632608628715136, 0.0001405141864638672, 0.00010927333684360769, -2.456840941656472e-05, -0.0001809035208869502, 0.00045096394444528893, -1.1763770885489751e-05, -1.9836354231269908e-05, -2.8478326485116625e-06, 1.1623505943524146e-06, 3.827327006450948e-06, -1.4721126602121672e-06, -5.0503781513631066e-05, -2.9021268656228204e-06, 1.899505929491485e-05, -0.001715317758889168, -0.00022849303330991, -0.0003366859160768435, 1.1538154027656725e-06, 6.869453034096191e-08, 2.0368730130277024e-06, 5.110350294577133e-06, 1.9886936909931096e-06, 2.051713759498679e-06, 1.2543693830620615e-06, 2.493899296201912e-06, 2.0157001367148645e-07]]}, "dipole": {"__ndarray__": [[3], "float64", [0.0014538171993719407, -0.0017487177629966044, 0.006632103165729595]]}}