{"forces": {"__ndarray__": [[17, 3], "float64", [-0.00022078314921849236, -0.0005552714442866125, -0.000156627479759317, -0.002271154379310696, -0.0019498242319456426, -0.004544001970054475, 0.02517348840058316, -0.1257879571436279, -0.11514208481825478, 0.0036798608189766995, -0.009678953391906555, -0.012754613812578608, 0.0002177578541264373, -0.00011618728707080734, 0.0002435154298538989, -0.00023185378808332938, -6.338337236884404e-05, 5.066615653657625e-05, -1.9966250357541286e-05, -3.783759117936491e-05, -3.0764286913924934e-06, -1.5662871170650743e-07, -9.969794338403458e-07, 3.9833510694471115e-06, -0.0003158314886872433, 0.0003392579659757258, 0.00020189213896504895, -8.327067421928843e-05, 0.00019412676322374888, -0.0004106230456111414, -0.025648190014778617, 0.12833091266402477, 0.12147763043927216, -0.001275584477349571, 0.011732540690462642, 0.011153240027809144, 0.00036886250715469754, -0.00013391908994271645, -0.0002529544573898778, 0.00047672722787197593, -0.0022768403582548134, 7.24569527674586e-05, -2.153335358402278e-06, -4.993503649849419e-07, 1.3025023681338047e-06, 0.0001394660762721343, 5.03556048146239e-06, 6.244804254035737e-05, 1.2781301090800846e-05, -2.0340378692023145e-07, -3.153028841944808e-06]]}, "dipole": {"__ndarray__": [[3], "float64", [0.0015915969511200835, -0.0015609045925282586, 0.006720033250128246]]}}