{"forces": {"__ndarray__": [[17, 3], "float64", [0.03464987859323869, 0.019807055908014695, 0.4921417653522554, 0.033124010786641, 0.03166935516128214, -0.11795245098435705, 0.0009879468185666862, -0.0034726540098227268, 0.012522067216114005, -1.7817393208053868e-05, -7.713201708497056e-05, 6.489552909073742e-05, 1.1728460773629311e-05, 1.3830312666667967e-06, -2.4023205747689646e-06, 0.03540179224719387, -0.10734329867841397, -0.21115932497168616, -0.025451966560867137, 0.06507162789644318, -0.06953492033862085, -0.09189672231924809, -0.01976407923608916, -0.09112167810234617, 0.002887336776734374, 0.005863957775148593, -0.0041250401760884806, 0.010583243112540646, 0.008279044173091313, -0.010946558888027423, -0.00010468331661842202, -0.00015619194616401383, 0.00010147695703353216, -3.8155785340728114e-05, 7.896691045323166e-05, 2.0865334733764067e-05, 1.3132495449042817e-07, 3.061684991825146e-06, -1.09680272580813e-06, -0.00013437380968792548, 3.814854950929762e-05, -6.778683996357208e-06, -4.280122799802235e-06, 2.8768933775529083e-06, -1.1557369567543889e-07, 4.673588921599869e-06, -1.5288582853235758e-06, -2.6374558307866554e-06, -2.7424017933747403e-06, -5.932377185673371e-07, 1.9339087208146777e-06]]}, "dipole": {"__ndarray__": [[3], "float64", [0.0017490937202629395, -0.001620534779790914, 0.0065721376809479625]]}}