{"forces": {"__ndarray__": [[17, 3], "float64", [0.00021331171200793708, -9.357267610858373e-05, -0.00010132658298969553, 0.002891849879524182, 0.0041954532526744266, 0.004952024705998658, -0.02690506012587647, 0.10623815296541202, 0.20597146261362756, -0.0019228928952799854, -0.0007430716669605895, -0.009803077463746219, -0.00013866691847802496, 2.3636940777018383e-05, -7.530609604570284e-07, -7.108168879822869e-05, -3.769675625374567e-05, -4.099626814852593e-05, 1.019133403524462e-06, 1.922217985535667e-06, -2.0434897770074366e-06, 1.4338385879512216e-06, 1.2896409089437252e-06, 5.101812558673847e-06, 0.0010861115176499633, 0.00013230890881693795, 0.0011720984140082239, 0.00011500319723382225, 0.0003869403764443074, 8.900866805931945e-05, 0.028049732832895573, -0.11770609274368761, -0.2145130865273656, -0.003459930863614505, 0.0077007549830646884, 0.012585862178239425, -5.091146753268185e-06, 0.0002135179737904809, 3.0482762214044543e-05, 1.0654034120147707e-05, -0.0002677701917796406, -0.00036547560472921303, -4.250421276923331e-06, 1.9898625682382225e-06, 2.0639072136149053e-06, 0.00015271078170789752, -5.1041649098494966e-05, 1.3634884332438275e-05, -1.4852867053521536e-05, 3.2785614452267817e-06, 5.019051464109157e-06]]}, "dipole": {"__ndarray__": [[3], "float64", [0.0016281948996034815, -0.0018347592357144055, 0.006556926411486403]]}}