{"forces": {"__ndarray__": [[17, 3], "float64", [1.154257083603869e-06, -1.9432407852597734e-07, -1.278413368079858e-06, 1.7341364398149617e-06, -2.352076116571171e-06, -2.685618656235354e-07, -0.00020063822873872514, 2.225653808300432e-05, 0.00034475940045022526, -0.0035571163421889524, 0.0050988702890608145, -0.0011278435911791051, -0.036326766754973025, 0.04628709535112545, -0.058649035232310465, -2.2744466375827835e-06, 2.68528460138991e-07, -7.394774232746841e-07, 1.10386452817584e-06, -1.3374047872020572e-06, -9.246658676942781e-07, -1.615585485370068e-06, -8.597007964848298e-08, 3.122666816845184e-06, 3.73969103039633e-06, 3.7495477745298336e-06, 1.6106095773890107e-06, 2.9124008009837193e-06, -2.499834603351783e-06, -7.301733197483776e-07, -4.5253309714639223e-07, -5.859920217674794e-08, -3.0412760325974397e-06, 1.268628243282938e-06, 1.8369273240737918e-06, -1.0505080334651456e-06, -0.0013107302623661728, 0.0001668855233007957, -0.0011311218681916253, 0.00015465217935985926, -0.00032089924289968304, 0.00013608721264134113, 0.03924802263887043, -0.048572940920291234, 0.05199363936117445, 0.012554320269496868, -0.014672293419147824, 0.010168708069765027, -0.010569313912366643, 0.011991699086078353, -0.0017318935528336465]]}, "dipole": {"__ndarray__": [[3], "float64", [0.0017691060734115831, -0.0017076616973807181, 0.006473487606215537]]}}