{"forces": {"__ndarray__": [[17, 3], "float64", [-0.01118675997256608, -0.0012950846496896226, -0.012349267026305464, 0.029276617257861036, 0.005576100666460323, 0.08694857304341909, 0.036015447956759074, -0.011248699787898098, -0.50978459616608, 0.01708213534986521, -0.01535818230559216, 0.07425262215570899, 0.006002220703979689, -0.005585924430052059, 0.0007359815930333188, -0.0003335350002561914, 1.0884745292022408e-06, 3.61544071930815e-05, -6.098408532903657e-06, -3.3393044386088985e-05, 0.00010761655380702893, 9.232060362113375e-06, -0.000119199986534078, -4.8291982157091376e-05, 0.006888968184024804, 0.0010424838923782781, 0.0017483284281707826, 0.016202342618244703, 0.0043365949921949825, 0.005206027466477851, -0.02575112735037167, 0.11659310487464696, 0.2110011019068696, -0.07344712369317931, -0.09493395872781078, 0.1502442080819318, -0.010926647969770569, 0.012280809556517615, -0.009843959397368365, 0.009831495572746504, -0.01123340710390209, 0.0015655742322754566, 0.00019704876649171107, -6.972980521295508e-05, -0.0003438835918005278, 0.00027324727571466714, -0.00033117144196202867, 0.00044828304317263827, -0.00012746335137185443, 0.00037856882631163785, 7.552725165248247e-05]]}, "dipole": {"__ndarray__": [[3], "float64", [0.0015721786090322819, -0.0015925487262258052, 0.006606256443464619]]}}