{"forces": {"__ndarray__": [[17, 3], "float64", [5.106311708697609e-06, 1.1534587715599585e-06, -1.6473798774503433e-06, 4.127529142580272e-06, -3.002362032252206e-06, 1.6188922436693549e-06, -0.0005957631603401148, 3.892655023811368e-05, 0.00012875190026754145, -0.007966845335426272, -0.010047565667134958, 0.01270292364429144, -0.11124835525620429, -0.06997734016186825, 0.08405277650535307, -1.539562618622715e-06, 9.257607656547815e-07, 3.2779382500340677e-07, 2.6135648102647214e-06, -1.6221464925584893e-06, -5.063345185345491e-07, -2.4944482851527665e-06, -4.422288451545447e-07, 2.817349126366911e-06, 4.821336761945618e-06, 4.606517355863287e-06, 1.5845709708780544e-06, 3.920891638465009e-06, -2.734267336425245e-06, -1.259994322984288e-06, -4.677272209747918e-05, 1.398278711224473e-05, 1.1819266919660797e-05, -0.00042741841949103294, 0.00018578715919977123, -0.00019675268295656973, -0.0009385041453681851, -0.0009801277210964349, -0.000606412818113673, -0.00015717404631521083, -0.00032012714741680236, 4.536298336999857e-05, 0.012247586652648872, 0.005714415258222778, -0.010679987330053856, 0.0005442986551489419, 0.0005583415051184654, 0.0017706646811221697, 0.10857239215428645, 0.0748148227054386, -0.08723208104764657]]}, "dipole": {"__ndarray__": [[3], "float64", [0.0017971522623952943, -0.0015108606755183422, 0.00649032975257785]]}}