{"forces": {"__ndarray__": [[17, 3], "float64", [-1.1644916319931035e-05, 4.4766697861744085e-06, 2.7333181704299063e-06, -0.0006005745796734839, 0.0002892424984726629, 0.000294379638668483, -0.00027824796528397295, 0.008107691607674904, 0.01093811673999361, -0.058835021780276574, 0.01796761338725693, 0.019355654789209954, 0.006962730926568632, -0.011856654296529658, -0.01635200755664915, -3.008928092687437e-07, -1.4815677793367842e-06, -3.2454628367478996e-06, -4.957137427043599e-05, -1.0155959155876771e-05, 2.6160247474802326e-05, 2.65638451940012e-06, 1.2274146822782076e-07, 3.311874538379472e-06, 3.992653152280344e-06, 1.2958284916219005e-06, 2.660124860959073e-06, -0.00043404882481222143, 0.00017057561978066398, -0.00022326870438309733, 0.0002557326294368121, 0.00036893136678390064, 1.8960040149628396e-07, 2.817068583091343e-05, 0.000341326890948814, -0.0003737669363715382, 0.054564539993348336, -0.020701752986371422, -0.021538440913360334, 0.0004352057469443119, 0.006697093394108043, 0.009687297957653197, -0.0010995425247458063, -0.000172732810974472, -0.0012786017304652147, -1.875141985408807e-05, -0.00011254841990468232, -0.00010514101192202282, -0.0009253247417543932, -0.0010930439640555528, -0.000436031974983974]]}, "dipole": {"__ndarray__": [[3], "float64", [0.001517201763441205, -0.0016365388117535406, 0.006577705406577383]]}}