{"forces": {"__ndarray__": [[17, 3], "float64", [-0.00058176370070306, 0.00800880624952278, 0.010532825286072672, -0.05995460480904319, 0.016136603398147535, 0.029698136066372484, 0.00693130696833998, -0.011609762787107299, -0.016278857938115492, -0.00023735901000235404, 1.4868638686219442e-06, -0.00029069911634954534, 6.291846852548447e-07, -6.820218178003081e-07, 3.708482293758557e-06, 0.00026614749361901746, -0.00011934796871897069, 0.00031950159794775677, -2.1814140480354344e-05, -0.00043263906104932533, 0.00025991426330735924, -0.0014833635225617273, 4.654158988104482e-05, 0.001286932010920037, -0.00012886061183744, 0.007365178161622764, 0.0095896266802611, 0.056516811193721934, -0.018429620685137864, -0.03430275588884522, -1.3149685959345489e-05, -8.292123688589348e-05, -0.00011743101593988391, -0.0008633319598592613, -0.0010680003075258474, -0.00048257341093040757, -0.0004245572325669574, 0.0001755500019303231, -0.00020478232913581924, -1.0076641257255338e-05, 6.703572895105262e-06, -2.01539210012448e-05, -1.0843898965630867e-06, 6.323029050397621e-07, 2.3985524210941323e-06, 3.935512765903868e-06, 2.098259710100098e-07, 1.8146131152289248e-06, 1.1353510348248752e-06, 1.2621014983815321e-06, 2.3960676067315784e-06]]}, "dipole": {"__ndarray__": [[3], "float64", [0.0014945426845665182, -0.0016454154979025117, 0.006552093976366357]]}}