{"forces": {"__ndarray__": [[17, 3], "float64", [-0.0009565383451349028, -0.012012534668623337, -0.008268224615710508, -0.01725670635870346, 0.13032894277822776, 0.11029847424716539, 0.0019387852523232573, 0.001943924407478469, 0.0045304996478409635, 0.00012461567920836271, -4.832283327498339e-05, -0.0003116530453646863, -3.8643594923031936e-06, 2.026252728116502e-06, -2.021682070443929e-06, 0.00011767919849368066, -9.761353537757395e-05, 0.00014436208208368966, 0.0001774754115479228, 5.378625238796532e-05, -0.0010573587535552386, 0.00020396611213482527, -7.841488319316899e-05, -0.00013683838310415522, -0.0040943947269054875, 0.01138812040370281, 0.01608888953372297, 0.018899201024676446, -0.13234155395693634, -0.12222719570572668, 8.159568091253799e-05, -0.00019615455148388366, 0.0003991099200110355, 0.0009431114343577576, 0.0010467284001343803, 0.0006248117349986761, -0.00017125726766794403, 5.107946700432703e-06, -7.612296444563773e-05, -4.886990859076087e-06, 2.240781412796412e-06, -9.86599159343288e-06, -1.3577893138502837e-06, 7.419865983580788e-08, 2.0575598902786734e-06, 2.5560087622219205e-06, 7.465326230326504e-07, 1.078445834996718e-06, 2.0035661133958207e-08, 2.896474833687532e-06, -2.0299761737276987e-09]]}, "dipole": {"__ndarray__": [[3], "float64", [0.0015788369161007561, -0.0015542744778248969, 0.006407432435518718]]}}