{"forces": {"__ndarray__": [[17, 3], "float64", [2.6044290148518428e-05, -7.235921292602078e-07, 2.1689227551372475e-06, 0.00032576480790715543, -4.663010490165018e-06, -0.00017684172705397257, 0.006227453949460134, -0.0012463453688083804, 0.0007975537047308468, 0.03129304598906979, 0.011154371115286419, 0.08158330514460638, 0.021286485775476954, 0.004364635675907158, -0.5165410775826514, -1.7633647421533084e-06, 3.8395193227052984e-07, 9.027246668447301e-07, 4.6903948492896407e-07, -1.6653208458345884e-06, 1.3267981897884897e-06, -2.034736658260403e-06, -1.7331664444487597e-07, 3.4347987439707895e-06, 7.019420482640158e-07, 3.819925902151138e-06, 2.0970380954494266e-06, -2.129392208456767e-06, -3.4764231348071544e-06, -8.831131258555673e-07, -0.0003245973400567889, -0.00023587918458900829, -3.910646926932018e-07, 0.0004085256192040787, -6.574355471388982e-05, 0.0005625307352770117, 0.016290607782568, 0.003954324262673359, 0.003910218812082881, -0.012819138766137281, -0.0017987598559435838, -0.01097017777831783, 0.03684032438663498, -0.04352747228089075, 0.05903803801877827, -0.017630677176229792, 0.12066432042064426, 0.21812035230297735, -0.08191908280596992, -0.09325695344415562, 0.16366744226493826]]}, "dipole": {"__ndarray__": [[3], "float64", [0.0016754553201356265, -0.0016501675117371203, 0.006630594846002907]]}}