{"forces": {"__ndarray__": [[17, 3], "float64", [0.00012474236476620341, -0.00019149617930832766, -7.504711899166867e-05, 0.003958105984107482, 0.0016722272649513888, -0.0009605636970827677, 0.06692592429403083, 0.12984465150952293, -0.09579864490881934, 0.0065226636203797065, 0.010021141576042511, -0.010924004802846754, -0.00031039967650364097, 0.00014452194939816663, -7.384717163795992e-05, -2.9513971465087698e-06, 1.8214141525906038e-07, -2.4403263515989346e-06, -2.252341967295256e-06, -2.3598192561524616e-07, -8.681867143770412e-07, 1.2605266658122086e-06, 1.06886502410214e-06, 4.864019297040832e-06, 6.277873993024807e-05, -0.0003231879475625915, 0.00017614724647792345, 0.0010702659268039115, 0.0010250208931803005, 0.0002873839918101138, -0.006711370880793625, -0.011348625661665883, 0.007821756834832222, -0.0710522539931184, -0.1330438442549292, 0.10019685234151453, -0.0003390374313459996, 0.0020560005054262413, -0.00022525359045245705, -5.5276980824886625e-05, 0.0001358321778015208, -0.00035136657682129243, -3.47644088084865e-06, 2.611824261943701e-06, 6.831006783110307e-07, -6.7200626026288965e-06, 6.886615714420339e-07, -1.6542734814120618e-05, -0.00018200225150082837, 3.442656796801226e-06, -5.910842007766919e-05]]}, "dipole": {"__ndarray__": [[3], "float64", [0.0015224909579973785, -0.001698692269677083, 0.006749454538546828]]}}