{"forces": {"__ndarray__": [[17, 3], "float64", [-0.10825975407215035, -0.027147460248826007, 0.0336109858488848, 0.4298028697052983, -0.043809474320358914, 0.001611334814088678, -0.14102466943665654, -0.0268775845894384, -0.029080400158844187, -0.01136626310483113, 0.003397749561168843, -0.005889226629203821, -0.00043412211802029823, 1.7404379326956606e-05, -0.000324077150315092, -0.0006333536028011089, 0.0014341452920683033, 0.0033302055276420374, 0.011657282469454928, -0.0003690267449279684, -0.006314227358594423, -0.008038939018289523, -0.008321925470863129, 0.012664208057508793, -0.10953105799575803, 0.08998213080658926, -0.03923322026054373, -0.05970686145281586, 0.017395184791501848, 0.03340368170449866, 0.00684031443823278, -0.0022634655809883938, -0.00286585420950296, -0.008694733403531238, -0.003915271027093806, -0.0009140373326641707, -0.0005812188349136292, 0.00020018252853382665, 0.00010472028667957605, -4.0441894908742916e-05, 0.0002723097805134506, -0.00011347188695611616, 1.7839824045630661e-06, 1.032899066179078e-06, 3.898188043739834e-06, 5.039004431255825e-06, 9.656180613846335e-07, 2.7571231790060137e-06, 4.125334855465437e-06, 3.1023256661566215e-06, 2.7234361003553885e-06]]}, "dipole": {"__ndarray__": [[3], "float64", [0.0016729016774332266, -0.0015310696637300337, 0.006542791521080538]]}}