{"forces": {"__ndarray__": [[17, 3], "float64", [0.5096862789706536, -0.018049890461556792, 0.037802605562539664, -0.10685729982044481, -0.029818216729260168, 0.0363930006868413, -0.01208276257345147, -0.009398698571685979, 0.011039420091840094, -0.0012694706841878541, -1.7590048734633163e-05, 0.00015371827186693945, -2.5568079563215767e-05, -2.024655474730331e-05, -2.5955652627417834e-05, -0.05420312642218125, 0.01694323604678611, 0.03334488213265155, -0.09465733534551382, 0.09149725310340547, -0.029649046486269624, -0.2505836809511767, -0.05309525924535277, -0.08640286311567996, 0.011342948961107359, 0.0013017668220940645, -0.006346415663913145, -0.000618742807547086, 0.0008847240789158766, 0.003914987315307103, -0.0002519402157422206, -0.00020870891206192254, -0.00020775082824349216, -4.715490555539792e-05, -0.00011968333296529982, 8.678771823632581e-05, -1.318718619391984e-05, -1.2119717380555634e-06, -4.881087514319454e-06, -0.00043407963229416476, 9.768421938286598e-05, -0.0001048813732999524, 2.29810999725024e-06, -7.427982347148446e-07, 2.36941596811462e-06, 8.825227074133184e-06, 2.7373624508280223e-06, 4.082527982340178e-06, 3.997355020095466e-06, 2.8469933026313064e-06, -5.951568504827302e-08]]}, "dipole": {"__ndarray__": [[3], "float64", [0.0014325141878320734, -0.0016289623878074505, 0.006526123442020315]]}}