{"forces": {"__ndarray__": [[17, 3], "float64", [-0.004027791761356602, 0.00514368036519706, 0.010957944534019793, -0.033801012622906385, 0.11684179982443127, 0.20521641740955518, 0.003028829810471571, 0.004793005073688695, 0.005322584116372942, 0.00024964881774094364, -5.309723937048168e-05, 0.0004806989954069234, -5.288441771799446e-06, 6.564394653717278e-07, -1.2215609148975402e-06, -0.00033814777377889763, 0.0001541825707043843, 0.00024197141852693094, -0.00045557978447644714, -0.0008481253857207212, 0.0018517176235959552, -0.001100253497123275, -0.0003758818892401202, 0.0004716167993667681, 0.0001799796557139369, -0.0031641352547289027, -0.010065029896929163, 0.03523675050199383, -0.12309489965829754, -0.21445208614081537, 0.00011923404602960984, 0.0004116545837275413, 8.720551964723929e-05, 0.0006706476158426979, 0.00028803345389560224, -0.00018514486211462918, 0.0002179747351160579, -8.667041556273126e-05, 2.7923279640889892e-05, 2.450125945002447e-05, -1.287881381566263e-05, 4.199274194358141e-05, -1.4416834364677908e-06, -1.317228846808448e-06, 2.0982309853869464e-06, 1.593810923835006e-06, 9.535039662577538e-07, 1.7611119227053625e-06, 3.5531156840001093e-07, 3.040070506203821e-06, -4.4932021033106174e-07]]}, "dipole": {"__ndarray__": [[3], "float64", [0.0015240836645916348, -0.0017430739697969393, 0.006365906223939114]]}}