{"forces": {"__ndarray__": [[17, 3], "float64", [0.0002503122169176667, 0.00028673007658903705, 0.00010221362958770556, -0.00710353953815874, 0.011422899259282877, 0.016239235736297035, 0.06017005014304602, -0.021727965318902198, -0.024702647526378914, 0.0005570058469875058, -0.007623504128067846, -0.010941732406576286, 0.0005392374087026718, -0.00026683015614891684, -0.0003280091508229909, 0.00036964415020850067, 0.00020972051121924754, -8.45391668672112e-05, 1.1438001154589729e-05, 1.9493951617775924e-05, -2.721038596215494e-07, -6.626057130943504e-07, -4.779802599580369e-07, 3.0143006039138163e-06, 0.0008569343644444981, 9.495938709464796e-05, 0.0011593696390990455, 1.4261186407013255e-05, 7.840113184640106e-05, 0.00011755628934683218, -0.05589680689048961, 0.025168408126991525, 0.02828802741145142, 9.833994414191013e-05, -0.006841176811295494, -0.010367516481996816, -0.00025986848869066927, -0.0003040421470701903, 1.2602819569782685e-05, -1.2380675012909453e-05, -0.0003818429063795848, 0.0003463404538152153, -3.142429291133074e-06, 2.5646031124771733e-06, 1.0614723627158917e-06, 0.0003640717648418636, -0.000126785435051867, 0.0001669926684657639, 4.510560050502042e-05, -1.0552164578547693e-05, -1.1697584097989543e-05]]}, "dipole": {"__ndarray__": [[3], "float64", [0.0016918982137805502, -0.0016135844772895151, 0.0065898481585271165]]}}