{"forces": {"__ndarray__": [[17, 3], "float64", [-9.991882470718243e-05, 2.5520088367131045e-06, -3.8093521216495856e-05, -0.00028451904901549046, 9.252666706277152e-05, 4.4070148219311136e-05, 0.00629643261458024, 0.009524468135943234, -0.011348293751647653, 0.06355653981122043, 0.12636433112827727, -0.09943812644303861, 0.004563212344947317, 0.0021370452203769022, -0.0017828231052028451, -3.3270479785395534e-05, 1.258521901454355e-05, 6.149267171346236e-06, 0.00023760237542319674, -0.0001933133532463198, 4.36305591496051e-05, -3.2066822660352315e-07, 1.2499065845598422e-06, 3.748565541376646e-06, 5.240946222949648e-06, 3.0277926213459035e-06, 2.623872723040833e-06, -5.050741924259356e-06, 4.885349519060257e-07, -1.2485844437088161e-05, -0.0003900684858962951, 0.002276680528247655, -0.00027973069800523803, -8.684169749190247e-05, 0.00013991037263863326, -0.00044293359003448265, -0.006846243485085939, -0.011727454855852557, 0.00877676773273377, -0.0684215936997507, -0.12923831136411826, 0.10411823031839972, 6.859009144609446e-05, -0.0002784774572385597, 0.0003236528300398978, 0.0011206988879262183, 0.0010994639111762741, 0.00023203000411052888, 0.00031951006011768964, -0.00021677239527460288, -0.00020841634450586722]]}, "dipole": {"__ndarray__": [[3], "float64", [0.0016079575224061998, -0.0016586770439401834, 0.006732059269060571]]}}