{"forces": {"__ndarray__": [[17, 3], "float64", [-0.052311554756860924, -0.057654482002899125, -0.02043556386852086, -0.008003211188327088, -0.0014303685779882775, -0.004401542844030399, -0.0002212360414979842, 0.00029011842274075437, 0.00011756061941143532, -3.866209293627453e-06, -4.860852402484762e-06, -4.526553530972393e-07, 1.1144500675911058e-07, 4.711582310518366e-07, 2.040358108168626e-07, -0.01212495052960362, -0.001337208166316027, -0.003937720639684403, 0.019029256713483888, 0.009648347194610931, 0.007867948809160205, 0.05488298081188002, 0.05193116009131646, 0.019888803801856546, -0.0012916787877210179, -0.0015220063469919864, 0.0005329271325440717, 4.561152174138489e-05, 7.928948471791224e-05, 0.00036904319819294263, 8.589223179226418e-08, -1.3333677967623691e-06, -3.2649087672355573e-06, 1.1145124140415449e-06, 4.085640589514945e-07, 8.026049054603857e-07, -2.4637664973114853e-06, 6.63743567829733e-07, -2.6834502422209413e-06, 2.322949752187438e-06, -1.0485050963681324e-06, 1.9639713230737626e-06, -3.6885728429353693e-06, 1.8702175815968883e-06, 9.038459730413704e-07, 2.8809947579909108e-06, -1.1675177445522937e-06, -8.414400512926918e-07, -1.7149886219991014e-06, 1.4646041012835088e-07, 1.911787472212801e-06]]}, "dipole": {"__ndarray__": [[3], "float64", [0.0018000530312453251, -0.0017288681543939325, 0.0066012078375367]]}}