{"forces": {"__ndarray__": [[17, 3], "float64", [-9.965967368155036e-07, -1.5898917227832408e-06, 1.0089658605091077e-06, 8.222376038234154e-07, -1.0641786380627007e-06, -3.657815088763373e-06, 0.00011540821632961459, -4.1578297295075264e-05, -7.45484456132331e-05, -0.00033351022459712434, -0.005108618869136536, 0.011840813622827408, 0.07632684918234803, 0.09051829206891374, -0.16385881816845507, -1.785132975772546e-06, -1.181891245676565e-06, -3.90682522909965e-06, -4.781502637904913e-07, 1.3715465812332557e-06, -2.411268853309577e-06, 2.4228804812405323e-06, 1.1438283594768436e-06, 4.215533395141024e-06, 5.645833850455834e-06, 1.4070582196492645e-06, 3.1062445152335395e-06, 3.1533089008309207e-06, -6.839443669791917e-07, 1.546228481474981e-06, 1.186183021791363e-05, -4.297564875296927e-06, -6.239721774987613e-06, -0.0001791341005614437, 6.152994015270204e-05, -1.4054079916973143e-05, -0.0004432457626711356, -0.000553105691192036, 0.00021970437760592196, 3.233913305679877e-05, 0.00020480991268276768, 6.192239002054694e-05, 0.00045962008320870804, 0.0031788735366049814, -0.00174014566863154, 0.009020712062043417, 0.010293795375110921, -0.011134842404610639, -0.08501968480023456, -0.09854910293815396, 0.16470630703546624]]}, "dipole": {"__ndarray__": [[3], "float64", [0.001319003998055896, -0.001757421907541149, 0.006526478966629307]]}}