{"forces": {"__ndarray__": [[17, 3], "float64", [0.00043623408377270576, -0.00012967458575016339, 0.00013370685512777944, 3.6480560697963566e-05, -0.00014504498223766714, 0.0003202341351443525, -0.011259950702915942, -0.005743613332709055, 0.009892315928186023, 0.10640482296177615, 0.06055902762232186, -0.07441078829878565, 0.008683834182063225, 0.01158776679505113, -0.013023404000377293, 4.557539673936425e-05, -2.210142621406367e-05, -4.5398144649326435e-06, 0.0017178747121935083, 0.0002448219950495993, 0.0003260391109632507, -3.843303010446049e-06, 1.7330225166995662e-07, 1.8589885987983068e-06, 3.270571185866e-06, 5.234186260801016e-06, 2.650286722085508e-07, 1.4069192868590422e-05, -8.741294366014696e-06, 2.1781279882135948e-05, -1.0467945206287244e-05, -0.000468842460100277, 6.863545296434146e-06, -0.00010483484254274783, -5.814682697476128e-05, -0.00015424106025522226, -0.00038828317465006325, 0.0008852279882067452, -0.0030980008390148147, -0.10909859421683579, -0.06828375254394085, 0.07955228703949138, 0.002429403244354208, 0.0002171870201206954, -0.00014902100374362137, 0.0009356583846672277, 0.0009719399782455588, 0.0006135618426131823, 0.0001587508948434453, 0.0003885385647845714, -2.8918737333554035e-05]]}, "dipole": {"__ndarray__": [[3], "float64", [0.0016806842577803843, -0.0017514905767772088, 0.006669080662281213]]}}