{"forces": {"__ndarray__": [[17, 3], "float64", [0.009470453010949542, 0.0022172511945081574, 0.0033949546119740135, 0.027116852557760706, 0.08103848568471686, 0.009051427583302926, -0.02399570586234472, -0.4708141208771091, -0.007248929840880575, -0.03771571650039359, 0.13154075306293755, -0.015991180040733882, -0.003180537844593783, -0.011396502980059542, -0.001230307325456175, -0.0002198755501303121, 9.101853026221749e-05, -0.00021188719698611355, 0.0003152024226588139, 0.00036254641997963266, 0.0002001318972757436, 0.00017092544660525852, -0.0002906736951347258, -6.47626027239869e-05, -0.0147497948259651, -0.010717771738665081, -0.005717751493588608, 0.011584497482037905, 0.0019627974212380528, 0.00462501188688624, -0.02198586460272765, 0.12609947576979327, 0.10994341368215857, 0.06675265509062767, 0.13103102429404645, -0.09143006351876226, -0.007808229091403462, 0.009706551721066214, -0.0008559409919692324, -0.0056709389273179815, 0.009242119432776755, -0.004434923503971557, -4.554360561497693e-05, 5.065013635620467e-05, -2.1184964915706987e-05, 2.8720862941815798e-06, -6.726118702766601e-05, -4.8574959844036134e-05, -4.1251286441644027e-05, -5.634318968681177e-05, 4.056677823519235e-05]]}, "dipole": {"__ndarray__": [[3], "float64", [0.001653291826885816, -0.0015353826332181928, 0.0065687774652971685]]}}