{"forces": {"__ndarray__": [[17, 3], "float64", [-0.03057841230678806, -0.09353867137463928, 0.030833872231079678, -0.03989587089174499, 0.49703704570657353, 0.017728779889168867, -0.018769449892207787, -0.08095757646557884, -0.00527115342480235, 0.013240144335857115, 0.011293233516500866, 0.005849709377299985, -7.97486628710615e-06, 5.941040474922807e-05, 3.244821520369414e-06, 0.00808830127145605, 0.012538326258604357, -0.004161865305102678, -0.011783508729624016, -0.0059272041815783515, 0.011293445972016345, -0.003295094482950314, -0.0013909168271337286, 0.0007150411604753517, 0.0884200395922969, -0.20474005255322048, 0.06889782248248416, 0.01645779699867079, -0.1304917321415671, -0.11630631715581526, -0.011402396936968012, -0.0019673914328339833, -0.004184316079563615, -0.010901338482457888, -0.001695914772793734, -0.005559030039655146, 0.00028457562336771093, -0.00012079523512424653, -7.674489244368264e-06, 0.0001495231186799612, -9.427627814663313e-05, 0.00016799988213048414, -5.287143079855549e-06, 7.510491939491642e-07, 2.840729034792973e-07, 1.5483739134343483e-06, -2.8464699993500824e-06, -1.1638129950004036e-06, -2.5955821333349097e-06, -1.3892030049597128e-06, 1.320418099353273e-06]]}, "dipole": {"__ndarray__": [[3], "float64", [0.0017000616919100597, -0.0016465997595238116, 0.006583642020509573]]}}