{"forces": {"__ndarray__": [[17, 3], "float64", [0.011335426290545438, -0.011076834203499477, 0.002891878145662703, -0.10941475694487986, 0.08962037067405332, -0.035770145951294276, -0.008794486055382446, 0.014511361526755877, -0.006759740889531002, -3.920277091692127e-05, 5.367601954184725e-05, -0.00027881110945626806, 4.388391362051196e-06, -1.2548616647509029e-06, 3.0313302468073028e-06, -2.076736460289945e-06, -0.0001325480073615179, 0.000389755174278406, 0.00011179107643897337, 7.657653189957025e-05, 0.00014669377997209794, -0.0004521469944179089, -0.00131622209413032, 0.0005388040769254334, 0.11127321292698146, -0.0952917512499946, 0.04028530171049071, -0.00021365144351542467, 0.0039180676611805885, -0.0001487156272376185, -0.0008529385054364679, -0.0003146963008008819, -0.0010851285078022571, -0.0029566708319892034, -4.6906087824690914e-05, -0.00021758818862527963, -2.2395617592373615e-06, 1.3899531472522045e-06, -2.4080887699601573e-06, 2.9189258761062213e-06, -1.3224141259818443e-06, 3.4286607737740397e-06, -3.3988556667596497e-06, 1.901331357833595e-06, 1.0051036086280987e-06, 4.034037080178101e-06, -1.3675072136767171e-06, -2.925646057243066e-08, -2.0294785891943818e-07, -4.409713200803258e-07, 2.6696372177615864e-06]]}, "dipole": {"__ndarray__": [[3], "float64", [0.0016134701958171007, -0.0017575255242571052, 0.006683005567079247]]}}