{"forces": {"__ndarray__": [[17, 3], "float64", [0.03445446684021329, -0.11829424121345371, -0.21696729355837982, 0.0033800896647006216, -0.004348428297340779, -0.009821466629449134, 0.0002044852718237956, 0.00021710158925298222, -3.728603747715193e-05, -9.441735517628649e-08, 2.5160194225721857e-06, -1.4762979451612556e-06, -4.786319635227176e-06, -1.1589899594187315e-06, -2.793836873562812e-06, -0.03845269493443477, 0.12356177869943097, 0.22232444155442438, 9.5589484114164e-05, 0.002331123860273036, 0.01170130253143249, -0.0004951898928530319, -0.004142405413258876, -0.00527725350338809, 0.0004021599760077196, 0.0007740731415776885, -0.0017163907889590764, 0.0003250546135786227, -0.00014976773182344516, -0.0002434566858603169, 8.301880453135737e-05, 5.1654772663287e-05, 3.713689398936825e-05, 1.1809159276640428e-06, 2.0199747353082028e-06, -1.459721002996106e-06, -3.925245790174725e-06, -1.8399412495894008e-07, -4.964026762142974e-06, 5.052961412566033e-06, -7.79853532804534e-06, 6.440662947240622e-06, 5.087146998115057e-07, -2.180312696979595e-06, 2.203998086362738e-06, 4.086320901063255e-06, 2.808038025084653e-06, 3.5733007020775573e-06, 9.97242158660712e-07, 3.088392604073007e-06, -1.2578554837452544e-06]]}, "dipole": {"__ndarray__": [[3], "float64", [0.0012772378172127585, -0.0015091728931682766, 0.006741578662443484]]}}