{"forces": {"__ndarray__": [[17, 3], "float64", [5.111125523716428e-05, 0.00028709171744136885, 3.730874751822656e-05, 0.008636798077030017, 0.010767749261909884, -0.011318401905991333, 0.11106015943838965, 0.06510551722239487, -0.07384655702134142, -0.011033756757251654, -0.006506552035972113, 0.009234742570425588, 0.00011611733956562529, -0.0002294728692370599, 0.00041483882851487124, -2.031316238388434e-06, -1.1748439479919108e-06, -2.635033232641065e-06, -6.701918759090162e-07, -1.6236540219427066e-06, -6.003367937853058e-07, -3.4622402729842044e-07, -7.095201089258834e-07, 5.115398390650055e-06, 0.0029607935290198234, 0.00016806176533497582, 0.00013744118714098674, 0.0008646070543665852, 0.0009227852396819587, 0.0006600006688328125, 0.0001794218787089171, 0.0013051688265495287, -0.0035488860650481143, -0.11313999024632952, -0.07115927727259536, 0.07816581500450949, -3.202610117802812e-05, -0.00040075305296081076, -1.793941717628806e-05, -0.00010183435352110447, -8.470389666204555e-05, -0.00013143075775612419, -3.298361453419305e-06, 2.7239160648748996e-06, 1.3690154085631327e-07, 1.8514439219177002e-05, -9.333518587776722e-06, 2.7654107486045926e-05, 0.0004264305403391812, -0.0001654972852836711, 0.000183397122980946]]}, "dipole": {"__ndarray__": [[3], "float64", [0.0016429085392878696, -0.0017557107887717339, 0.006668047857859701]]}}