{"forces": {"__ndarray__": [[17, 3], "float64", [0.00010994515271047372, -4.5625849860304754e-05, 9.11441686077947e-06, 0.00011831615711099722, -0.00016271194698071344, 0.0004375546453413801, 0.0010285087312664524, -0.004498223666475973, 0.001567689590822477, -0.07089937867449536, -0.09120511477117116, 0.16041881181544088, 0.0004023776330407353, 0.00499015683599821, -0.010891758190249151, -2.658500490929398e-06, 2.5756621138877374e-07, -5.793682609587241e-06, 0.0003493642450829356, 5.9963993155053695e-05, -0.00015521329584695776, 4.160286615142126e-07, 6.1151677440908e-07, 4.239825698672537e-06, 2.877711506075957e-06, 4.436886226999721e-06, 2.6804116113976202e-06, 2.4010508650908623e-05, -1.3633210383471854e-05, 3.861548165126535e-05, 0.0003369803502563518, -7.440457009359354e-05, -0.0003667736457642385, -0.00013221447747552496, -0.00035273937291949235, -0.00011703314717624217, -0.009364464167485624, -0.010321468092264039, 0.013184782295613299, 0.07766617808007684, 0.10125741773452483, -0.1637090015900121, -4.4114384068613174e-05, 1.6181050308852265e-05, -0.00013503186242907358, 0.0004477807237486207, 0.0005819330177613764, -0.00022410780465290006, -4.3925118096027156e-05, -0.00023703712081163137, -5.8775264299888255e-05]]}, "dipole": {"__ndarray__": [[3], "float64", [0.0016088995305258871, -0.0014905192197368193, 0.006594574951408042]]}}