{"forces": {"__ndarray__": [[17, 3], "float64", [0.029315134436687023, 0.09252859971837384, -0.030920905428665452, 0.04468114027897483, -0.5016287046030001, -0.011565209953023141, 0.01894174703507841, 0.08230405046090317, 0.005055978067184513, -0.01313050071451809, -0.011408691254581722, -0.005816427186384052, 5.477056117117799e-06, -5.774223922570566e-05, -3.908991595447279e-06, -0.007941019901723662, -0.012364744787186528, 0.004229117083049479, 0.011542546562359321, 0.005721203205885882, -0.010867302076819548, 0.003244181182034176, 0.0013891453291995106, -0.0006288408832112858, -0.09231666941632119, 0.2100564100241358, -0.07211546497990748, -0.016672641079393324, 0.12966541361064, 0.11284755424498458, 0.01159067137367459, 0.00191521801860479, 0.004355590187018977, 0.011161341944246374, 0.00165977273720963, 0.005584021048647238, -0.0002835087758323451, 0.00012072883552846422, 5.742126820565401e-07, -0.0001426571018360988, 9.26471348932245e-05, -0.00015969668834850333, -8.508940568615235e-09, 9.6405610770379e-07, 2.3524262677653013e-06, 4.06699695305846e-06, 2.3239415507739967e-06, 1.7627386592982067e-06, 6.986324409741297e-07, 3.405810961533108e-06, 8.06179461572444e-07]]}, "dipole": {"__ndarray__": [[3], "float64", [0.0015203399753612689, -0.001604963801901536, 0.006571917748390563]]}}