{"forces": {"__ndarray__": [[17, 3], "float64", [-4.818059572541178e-06, -2.47823655034572e-06, 1.9389995959160304e-06, -5.951722798157079e-06, 2.9138349864579686e-07, -2.5142762889988464e-06, 0.0005720776474839812, -4.094876943780355e-05, -0.00012618627075126147, 0.007607949619324188, 0.009534101219721095, -0.012322713198244439, 0.11119438172807282, 0.06912696292050126, -0.08255802128770573, -2.644209527508868e-06, -1.2992033552924495e-06, -3.527646364061757e-06, -1.8061581440228294e-06, 7.790637782034059e-07, -1.958144043680833e-06, 2.164191446100864e-06, 1.0810953564566977e-06, 4.261070664157485e-06, 3.3021888539575576e-06, 1.307634052785317e-06, 2.7507312011983355e-06, -2.6152693112348875e-07, -7.907645428088294e-07, 1.3384432778336375e-06, 4.3678898262900386e-05, -1.3533293166026681e-05, -1.591570527749779e-05, 0.00041370831182164825, -0.0001768912722297987, 0.0001899814535967709, 0.0009215185496685491, 0.0009629718568066247, 0.000585584219444912, 0.00015859120824058566, 0.00030951362027658604, -4.060942807789676e-05, -0.01196624990283946, -0.005790773264004098, 0.010398910210508639, -0.0005297075926002649, -0.0005842212865058918, -0.00178918816289339, -0.10840593317076201, -0.07332607270420026, 0.08567586899135786]]}, "dipole": {"__ndarray__": [[3], "float64", [0.0014202411608560312, -0.001741934262091285, 0.006666461807012133]]}}