{"forces": {"__ndarray__": [[17, 3], "float64", [-0.0001303632220339189, 0.00019920327649900635, 7.865697434021097e-05, -0.004011981464499967, -0.0016841088519224127, 0.001057296649167087, -0.0686795846365742, -0.13071418283386402, 0.09778404237560162, -0.006695596306378215, -0.010361115008000557, 0.011445449718089399, 0.00031429946057844526, -0.00014453146814766605, 6.955598970796231e-05, -1.243502656829089e-06, -5.629523862920117e-07, -7.663324555368184e-07, 3.0294739812574234e-06, -6.429651559090527e-07, -1.5788641929143396e-06, -1.6034707702479535e-06, -4.38213668230953e-07, 2.2067809130188476e-06, -3.7585086874387926e-05, 0.00033041521521809056, -0.00018161858853552563, -0.0010897774008286438, -0.0010473777568085873, -0.0002923691988965552, 0.006989791395540018, 0.01173455734891501, -0.007938272185628684, 0.07274320707615076, 0.13394502518770685, -0.1026988771658424, 0.00034334730431224536, -0.002115979465330738, 0.00022715960833697823, 6.292542061318255e-05, -0.00013813572389366493, 0.0003686132367283315, -1.781416480317044e-06, -9.291647311338529e-07, 1.991567476961684e-06, 1.2335166534787416e-05, -1.1319887893643745e-06, 1.707068361135779e-05, 0.00018058120938687475, -6.463564057225165e-08, 6.14387515784536e-05]]}, "dipole": {"__ndarray__": [[3], "float64", [0.001698630119583979, -0.001556000337105486, 0.006406823652623843]]}}