{"forces": {"__ndarray__": [[17, 3], "float64", [0.0002122260615419415, 0.0005411481317972365, 0.00015338967214417756, 0.002284029827977698, 0.0019333671535959366, 0.004421141518928319, -0.02491963065711383, 0.1251055785207408, 0.11269759972772807, -0.0034155502543120955, 0.009363032069593309, 0.012268381141355577, -0.0002182349931720297, 0.0001162829380380673, -0.00023610256088786114, 0.0002246850491909779, 6.349642356894701e-05, -5.3301512839390715e-05, 1.9958509296706975e-05, 3.584041999758474e-05, 5.396527564692162e-07, -1.7505813470058626e-07, 1.622582212317977e-06, 3.1014259977092163e-06, 0.00032181173487875743, -0.00032950883639503743, -0.00018767262482288893, 8.281483604103302e-05, -0.00019282431745231313, 0.0003989100794930666, 0.024989598295807134, -0.12763142746353043, -0.11870639704724593, 0.0013888152078436041, -0.011350431162864374, -0.01087733443342389, -0.0003613295218336061, 0.0001323434708624435, 0.00023917214004047393, -0.0004574998303918119, 0.0022114762745614604, -6.62698236537598e-05, -3.1003490231683426e-06, 2.1885067023888748e-06, 1.3305934024722285e-06, -0.00013369201809078674, -4.451720214544186e-06, -6.182179480185683e-05, -1.4726840504777896e-05, 2.267008786375425e-06, 5.333845830105522e-06]]}, "dipole": {"__ndarray__": [[3], "float64", [0.0016297009053851908, -0.0016939224093641641, 0.006436232567674269]]}}