{"forces": {"__ndarray__": [[17, 3], "float64", [-0.03319863090517797, -0.027560166253156094, -0.4971614200077871, -0.03247742140280754, -0.030106336772822397, 0.11605652191965496, -0.0009612795968334429, 0.0033655674945849427, -0.012297498765989803, 1.3715836803667862e-05, 7.345306269072195e-05, -6.783392883586064e-05, -1.4321217655502925e-05, -7.944385225111741e-07, 1.75108205143523e-06, -0.03675288180024822, 0.11258681122091575, 0.21740786964991737, 0.02581544373413812, -0.06495271978882844, 0.07013627173995578, 0.09022306436504046, 0.020353839843969327, 0.0913752500677147, -0.002761997177848177, -0.0057188358246617055, 0.004069145634983487, -0.01016018031195733, -0.008082629099767957, 0.01059330108232719, 0.00010267799168189445, 0.00015383936943882577, -0.00010523642263438057, 3.7274689431698874e-05, -7.471173622968389e-05, -1.9278215097899328e-05, -4.671411416522045e-06, -1.3652556130303872e-06, -5.337675176373977e-06, 0.0001384533408603688, -3.8351893997972696e-05, 1.0296161902568208e-05, -1.0223716948455214e-06, -1.1585704501992679e-06, 2.757590317517771e-06, 9.315019411403828e-07, 9.727461057689173e-07, 3.2328666891035665e-06, 8.44735742551909e-07, 2.5858963447896375e-06, 2.0722000748064013e-07]]}, "dipole": {"__ndarray__": [[3], "float64", [0.0014737630416213154, -0.0016272494786779429, 0.006585118485360305]]}}