{"forces": {"__ndarray__": [[17, 3], "float64", [2.1798832000399526e-06, 1.923573092740084e-06, -2.068093608142705e-06, -0.0002092217802526535, 0.00011988762400177182, -0.00016337471529925205, -0.003199664374869029, 0.010005262845977232, 0.012588358433000144, -0.021310340197299764, 0.1304572608237465, 0.11716126326561756, 0.0022744933248112936, 0.0021387932063650977, 0.004148416879957412, -1.4667038995439725e-06, 1.165175310363704e-06, -5.514962076948301e-07, 4.360418442879721e-06, -6.247067450226773e-06, -7.685494984757283e-08, -2.3125833272778305e-06, 5.310022517718424e-07, 2.993013725528538e-06, 3.4596928726109963e-06, 4.569996817443862e-06, 1.8715574520192633e-06, -0.00017618773717362025, 9.675112670889465e-07, -8.72343853399599e-05, -0.0003071569514943874, 0.000134105347664929, 0.00021534471279521596, -0.00040997922706971263, 0.0021180256737221913, -7.191514555865178e-05, 0.021166810368190788, -0.13385420729203312, -0.12394590176899886, 0.000806972720320526, -0.011730860879361106, -0.01061652138080573, 0.0002813611814872962, -0.00027875475126157, -0.0001736496237411119, 9.571157865934298e-05, -0.00020441678175613668, 0.000379950758290754, 0.0009809803874013087, 0.0010919939916459777, 0.0005630948436702531]]}, "dipole": {"__ndarray__": [[3], "float64", [0.0017136675494522913, -0.0016761316574621784, 0.006405859495317907]]}}