{"forces": {"__ndarray__": [[17, 3], "float64", [-0.03306859042117893, 0.11351280882476938, 0.21160333090057004, -0.003243291193067705, 0.0040464845448766355, 0.009472012831728953, -0.00020563746681859506, -0.00021266248852931264, 3.719605151760274e-05, -5.52267679031168e-07, -5.0363120000595175e-06, 1.1005722894831745e-07, 2.304237082493944e-06, 1.8790973711507355e-06, 2.186801042753473e-06, 0.03680820985514898, -0.11848579419062125, -0.2169375123930568, -8.886578125304759e-05, -0.00218013180971652, -0.0112061218735431, 0.000584477828511871, 0.00397230583779611, 0.0051560431125195864, -0.0003838622313714302, -0.0007479184974270135, 0.0016765550375517735, -0.0003089368586958758, 0.00014103898868134538, 0.00023764535635956583, -8.563321496543045e-05, -5.231062581520802e-05, -4.071249314696428e-05, -9.60144676995772e-07, 3.4575104614960446e-07, 1.763112092666822e-06, -6.411110178722424e-07, 1.8983745404246514e-06, -1.5167453738772328e-06, -9.454706170843485e-07, 7.626811483298053e-06, -1.8681408265618637e-06, -5.757962047726681e-06, 3.856955783350312e-06, 4.531206183350892e-07, 1.541703635072318e-06, -3.3250727782106985e-06, -2.9388066744358175e-06, -2.8595009884718495e-06, -1.0661894602675296e-06, 3.3740713921721912e-06]]}, "dipole": {"__ndarray__": [[3], "float64", [0.0019405353734818945, -0.0017416896164078968, 0.006414978309117241]]}}