{"forces": {"__ndarray__": [[17, 3], "float64", [0.017086859022729814, -0.5053619472185789, -0.027218586011661862, 0.02780414278905247, 0.09350788237716888, -0.03295374917218463, 0.007011063485416283, 0.00216892660107141, -0.0012841949277897157, -0.00014407543235340443, -0.00026818436589322715, 0.00048365412093527316, -1.1681645330207195e-05, 7.542696804166934e-06, -3.613356277901001e-07, -0.020117503983325836, 0.1283180787511227, 0.1176903512282783, -0.08482737988525066, 0.2284112980330992, -0.066584721307656, 0.049553419960203765, 0.057175894465744975, 0.01729813033739671, 0.011267385337690429, 0.007640581294160691, -0.01203974089030674, -0.008071820807997251, -0.011972249689247037, 0.004962959321974339, 0.0002966711900097774, 0.0005546526448546476, -9.724521823116125e-05, 0.00029516321885337404, -0.00019285019443678888, -0.00021403994822739516, -7.250740505109073e-06, 3.455789337765023e-06, -1.246283169252846e-06, -0.00012966348443459617, 4.010953117528254e-06, -4.265819316842824e-05, -3.7600665305430677e-06, 2.746086834031191e-06, 8.36169541663093e-07, 1.1971814917017973e-06, -4.226467219752297e-07, -1.3849077543290198e-06, -2.7661397205401107e-06, 5.844215604314651e-07, 1.9970176522307697e-06]]}, "dipole": {"__ndarray__": [[3], "float64", [0.0017237445149892521, -0.001594819576553305, 0.006615891185084266]]}}