{"forces": {"__ndarray__": [[17, 3], "float64", [-1.8537459291012806e-06, -3.2708322226885525e-06, 2.358404075947864e-06, 0.0002059334505723717, -0.00012164525527695062, 0.00015545639926181957, 0.0029586441825252517, -0.009682048857214968, -0.01210038217439972, 0.021122541109976557, -0.12958624244534303, -0.11454687153074983, -0.002300902082263867, -0.002119964826305105, -0.004022856627023411, -2.727519435222464e-06, -1.5263455630935367e-06, -2.63349105433444e-06, -3.394544820604007e-06, 5.4569648886424475e-06, -2.5037616726957625e-06, 1.9848277350872664e-06, 1.0408005838934343e-07, 4.080144325394698e-06, 4.577555476160925e-06, 1.3950695014039324e-06, 2.451639403968403e-06, 0.00017941137507120777, -5.9693073871183555e-06, 8.712485402965162e-05, 0.0002943384771412751, -0.0001321376751655832, -0.00021325405347331685, 0.0003978883510430032, -0.002053954350055869, 7.22013115034e-05, -0.020607193870140206, 0.13295557709022285, 0.12097628632744849, -0.0009154942695915173, 0.01134079998073037, 0.010343631553753965, -0.00028589298002521906, 0.00027691525617550467, 0.00016130589197880117, -8.565839706564845e-05, 0.00019743300175689628, -0.00036743583557975724, -0.0009622019202689744, -0.0010709215487995037, -0.000548959051828132]]}, "dipole": {"__ndarray__": [[3], "float64", [0.0015070758213669717, -0.0015738538421621875, 0.006750330445889815]]}}