{"forces": {"__ndarray__": [[17, 3], "float64", [0.017083975289484424, -0.12819649721786233, -0.11115308024805573, 0.0015378256195780831, 0.012576326787136823, 0.008320207292561145, 5.562390470685519e-05, -9.342736344414121e-05, -3.278627824971475e-06, 3.135685003862553e-07, -4.079419580398303e-07, -8.501878837106122e-08, -3.2424045239737784e-06, -1.7150745836276683e-06, -8.617113630679258e-07, -0.020483442413154192, 0.1264557452222595, 0.12248262837724778, 0.002933892885619048, -0.009487481899565938, -0.017159892029052982, -0.0006919175756845137, -0.001289291719457749, -0.003319592649841005, -0.00012795892238739678, 1.5320837686803152e-05, 0.0009488203142099791, -0.00011686665292422538, 9.561850623629014e-05, -0.0001522888486315097, -0.00021329188612644308, -6.378698563356108e-05, 3.524393390954205e-05, 1.067367485410652e-06, 8.075373732797391e-07, -3.106320496719348e-07, -3.564763510911442e-06, -4.79691438611605e-07, -3.352717171316252e-06, 2.4661852388036805e-05, -1.2853256058398952e-05, 1.7221952090553541e-06, -1.0617483839127644e-06, -8.08326965602419e-07, 1.7863928118498074e-06, 3.819370572028396e-06, 1.104747174526741e-06, 2.252795632576644e-06, 1.6650836207936337e-07, 1.825839100576636e-06, 8.118119714788615e-08]]}, "dipole": {"__ndarray__": [[3], "float64", [0.0014634269239000598, -0.001716557277750133, 0.0067396041733091445]]}}