{"forces": {"__ndarray__": [[17, 3], "float64", [-0.012325022613969047, -0.007053822932587093, 0.0009306241095469393, -0.14482839182076826, -0.01927888108909558, -0.035852945114306756, 0.44060513545569396, 0.023100535258914503, -0.03430856809997517, -0.1058402163372485, 0.03641244877648281, -0.015903318373745416, -0.013247485294103002, 0.014062138050779991, -0.006154145611565385, -0.0005445834131321823, 5.9644166252466675e-05, 0.00021412742688688166, 1.4962970829454972e-05, -0.00020174204134977875, 0.00026601007821545913, -0.00011461231922813308, -0.00022917076285050152, -0.00012330416869944073, -0.009106234558595822, 0.0004488181143763001, -0.004348367654280359, 0.006929511773735325, -0.001964284998477935, -0.0030520957212566463, -0.060502245682739625, 0.024908393931749342, 0.027150859051834616, -0.11091081809335418, -0.06724402462257675, 0.0702693787913454, -0.00032287020061399254, 0.0030587689149596474, 0.002190924371112709, 0.01104999663041593, -0.006152915197277092, -0.0009580312952042843, -6.79710099068775e-05, 0.00015187563675087904, -0.00019067151434656247, -0.0002208379733983132, -0.0001790317229298809, -0.0002402897679973964, -0.0005683175136163516, 0.00010125051687754716, 0.00010981349243624311]]}, "dipole": {"__ndarray__": [[3], "float64", [0.0016426447744829075, -0.0017111259825635168, 0.0066444325529881835]]}}