{"forces": {"__ndarray__": [[17, 3], "float64", [2.106393759566941e-05, 6.4693180038704486e-06, -9.54925910570894e-07, -1.7185188123278012e-05, -6.029395432928439e-05, -7.133614984228088e-06, -0.014302813179249257, -0.011485444656469803, -0.0055595369321344845, 0.02254933755815611, 0.08403644693310076, 0.00878730727292593, 0.021387793824841957, -0.5241075696373457, 0.008459070647031386, -2.4368626785541584e-06, 1.9084727087728127e-06, -6.327928635325517e-08, -1.4200948041997428e-06, 8.435457692406392e-08, -1.2252431128207106e-06, -1.9982135336420095e-06, 2.2232515934064697e-07, 2.99786551932238e-06, 5.690836372729302e-06, 4.2429338209863935e-06, 2.5996981664710755e-06, 2.9014502493135186e-06, -1.3152724976408194e-07, 2.8123745106560123e-07, -0.0002642632465915897, 0.00011697433537581163, 2.0906467318367515e-05, -0.0002282693758339457, 0.00014671447527562668, -0.0002494953436088987, 0.011839815661290413, 0.002148334542670755, 0.003700538835439915, 0.011181727590674376, 0.0021491487577647507, 0.005100631438707336, -0.11127788264857173, 0.2012056410757441, -0.04588512305432382, -0.011749044978676853, 0.12555961071730345, 0.11862378484863514, 0.07085698292888226, 0.12027764153389067, -0.09299458591783391]]}, "dipole": {"__ndarray__": [[3], "float64", [0.0016647655696966977, -0.0015894117698662604, 0.006587635961471304]]}}