{"forces": {"__ndarray__": [[17, 3], "float64", [0.03688156903170189, 0.03223431699558193, -0.11610495452070493, 0.0032215244338081287, 0.018078250655358848, 0.47913968901536713, -0.034832888978898184, -0.009390234120301835, -0.08696763157383236, -0.00504373246526613, 0.00146531146975881, -0.001267380201581547, -0.0002890049873331952, 6.674577287076558e-06, 0.00017498079008670286, 0.00958782007954446, 0.008140096082084991, -0.009480498013981488, 0.0008519933450660651, 0.004182352562479759, -0.002928878952422135, -0.00020182355075750653, -0.0043620077514405255, 0.012411919238415968, -0.03616097136071008, 0.06424379820248208, -0.07500927382689192, 0.030738496045745616, -0.11144086328034797, -0.20561647753834153, -0.01616554955075993, -0.00435425056298638, -0.004940739083505501, 0.011430605139138648, 0.0010811324006781125, 0.011054948290759207, 0.00028933024574055293, 0.00015655828868565375, -3.148136130042692e-05, -0.0003172477319279324, -4.544086987267796e-05, -0.00043642780289333003, 1.583163687026396e-06, -6.242813891906732e-07, 1.5273999442046101e-06, 7.170003317345224e-06, 2.336099002704475e-06, 2.834977200021381e-06, 1.1271379036109313e-06, 2.5935329393078384e-06, -2.156836316864469e-06]]}, "dipole": {"__ndarray__": [[3], "float64", [0.0014992636682240243, -0.001608261620502476, 0.006465585445064127]]}}