{"forces": {"__ndarray__": [[17, 3], "float64", [0.011194444491619064, 0.0012005745414473505, 0.012469512633949027, -0.0300349835677241, -0.004742125242106899, -0.08778629269807313, -0.03674412072870392, 0.0018634584939371955, 0.5059406639273185, -0.01644990267973043, 0.01582640828786221, -0.07304054959313623, -0.005931922795865634, 0.0054932722013451615, -0.0008194422578210899, 0.0003260630711763626, -2.804535943798732e-06, -3.8346109869406916e-05, 6.3381287643099955e-06, 3.177806966285029e-05, -0.00011123462199093227, -1.0158224939313996e-05, 0.00012045908245211277, 5.582749736450704e-05, -0.007029125058192251, -0.0010739334166341985, -0.0017199529839595257, -0.016550614498176127, -0.004605730623236651, -0.005330578003084046, 0.02486268984565541, -0.11136166788463242, -0.20567041672272748, 0.07558414785956535, 0.09869181495874317, -0.1518904759739971, 0.01085756455658491, -0.012402967791096483, 0.009690984148474543, -0.00975533801237797, 0.010931534670107766, -0.0015837328941444748, -0.0001948123527601952, 6.834913094773678e-05, 0.00034452562884252014, -0.00025766328743134467, 0.00033000426618385535, -0.00043620460099085933, 0.00012739325253548862, -0.0003684242090395171, -7.428737615579532e-05]]}, "dipole": {"__ndarray__": [[3], "float64", [0.0016487192330955135, -0.0016577744909505097, 0.006551574141945433]]}}