{"forces": {"__ndarray__": [[17, 3], "float64", [3.941700857374297e-06, 1.0213305665841124e-06, -2.8036924264926274e-06, 1.62191501538765e-06, -2.8096914018805314e-06, 2.095690477979581e-06, -0.00025435542575306524, 4.790049379191748e-05, -0.0004496976644441265, -0.003836061545379102, -0.002950446069640614, -0.0032614616626518078, 0.023532574927746294, -0.1195391334788674, -0.21774744984904706, -3.5049189073321104e-06, 1.7852622987984496e-06, 1.676380277603321e-06, 2.177169619802262e-06, -3.4633216210363393e-06, -5.62783034715344e-07, -3.625952374785871e-06, -8.114727206162786e-07, 2.395431092262313e-06, 3.734765184230257e-06, 5.0310691275620296e-06, 8.4293536892277e-07, 3.3686059568265456e-06, -2.5571474008224813e-06, -1.4341212901665062e-06, -0.00016491503879570196, 6.229931973198593e-05, -1.5641045386899424e-05, -2.7537058281374004e-05, 1.8245430606952733e-05, -4.736364753140512e-05, -0.00010990523777349199, -0.00037958663109162157, -6.338910383582241e-05, -0.0006062385593401618, -0.00022538039016025717, 0.00023000993110965863, 0.0017518116452489268, 0.002063848542027396, 0.010241946414507281, -0.022135578592889584, 0.1288781004042393, 0.22271767851347538, 0.0018424915998653364, -0.007974043649486133, -0.011606841726660946]]}, "dipole": {"__ndarray__": [[3], "float64", [0.001864482659250428, -0.0014445450133625793, 0.006776354411101506]]}}