{"forces": {"__ndarray__": [[17, 3], "float64", [0.053725944752700955, -0.019768065999399332, -0.03536934561449575, 0.0005890489889384037, -0.008037274861067123, -0.009960902893318557, 0.0005412775720710913, -0.00021989813662010385, -0.00033676499482797535, 8.134787800235859e-06, -8.195960506883047e-07, -4.699671324831343e-06, -8.808504493551358e-06, 4.3316037424012786e-08, 4.9481621191242815e-08, -0.04623639285507123, 0.01988134015881684, 0.037230479690827, 0.00017233083821348755, -0.00484482313021176, -0.008591780761289495, -0.008959146844759878, 0.012191249561946664, 0.017632589558062475, 5.9292529403637745e-06, 0.00047467615486250817, -0.00019751443506981064, -0.00026616454898195115, 0.00011826085080225502, -0.0003338231826521415, 0.00038311176499487, 0.00023238290617261088, -7.343999257316598e-05, 2.253057701489211e-07, 3.1649591288823374e-07, 1.63262959629117e-06, -4.0647957968348865e-06, 1.505088928875536e-06, -1.9484068385657713e-06, 5.1571245734360165e-05, -3.162221910001183e-05, 1.5183495375503537e-06, -2.6573632641331785e-06, 1.8032488771509937e-07, 1.493224448944783e-06, 1.173759224340826e-06, 1.1552661279748155e-06, 1.6815804140751517e-06, -1.513356020514358e-06, 1.3938179533333474e-06, 7.754378823297761e-07]]}, "dipole": {"__ndarray__": [[3], "float64", [0.0016421623162076095, -0.0016016956316882902, 0.006666765211407171]]}}