{"forces": {"__ndarray__": [[17, 3], "float64", [1.471106051098338e-05, -0.0002663983435400009, 7.640434907042808e-05, -0.003392966719969913, -0.011496060322992397, -0.0014498463053472111, -0.037769251752823634, 0.13444521796629755, -0.015848275801280707, -0.0204769934208873, -0.47322761535368363, -0.007218105225920698, 0.027045037160310193, 0.08535856822738971, 0.010691151620827871, -1.5116558481852959e-06, -1.0882763458711866e-06, -5.323741206867808e-06, 0.00013511964666560773, 2.9725161373778717e-05, -2.098520366005673e-05, 7.542075782470801e-07, 3.868274199092108e-06, 3.6529818464338456e-06, -5.193328631549092e-05, 4.94482908648868e-05, 1.3337203720461242e-05, -2.757524315015308e-07, -4.910004812904187e-05, -5.1165207614282884e-05, -0.007624971975762744, 0.009649232993178389, -0.000836517488989147, -0.0066035615295991935, 0.010332852547403158, -0.005313055493985058, -0.018567319514086893, 0.12926869480779798, 0.1085387933356501, 0.05918378533705221, 0.12531135820583675, -0.09179587316205141, -0.013070418217040332, -0.013239170498073641, -0.005000903185141611, 0.011265481705293496, 0.0019287896103090878, 0.002981298395181997, 0.00991431470735449, 0.001901676758115079, 0.00523541292889919]]}, "dipole": {"__ndarray__": [[3], "float64", [0.001577579754452894, -0.001563591550525697, 0.0065923355060867285]]}}