{"forces": {"__ndarray__": [[17, 3], "float64", [-0.0002162898367942644, 0.00010131445580422024, 0.00010542860643459478, -0.002872477580668055, -0.004346385091942458, -0.005055157996669668, 0.027793529287864948, -0.11074230533461471, -0.2107108346652091, 0.0019812834773112317, 0.0008838325138902008, 0.010185360647598165, 0.00013483282769596985, -2.161899673475999e-05, -2.310966251197992e-06, 6.828268227474791e-05, 3.796285347930155e-05, 3.685419846590533e-05, -1.0341847177575928e-07, -2.5303084516244217e-06, -4.2440720736664584e-07, -1.7955598354305203e-06, -6.608659701806455e-07, 1.959088209982407e-06, -0.001101077420826185, -0.00012997667446515765, -0.0011916797245010216, -0.00011568678917623547, -0.00040418543185951987, -8.93510277696397e-05, -0.029184053775094476, 0.12257813019210674, 0.2194449194599927, 0.003656267615772707, -0.008065056765693884, -0.013042016857717179, -9.237133896914468e-07, -0.00021503944087629008, -3.566853009588328e-05, -7.33892404585699e-06, 0.0002778956725719553, 0.0003692526905370591, -1.0231258608442314e-06, -2.820831586625465e-07, 5.861100674578914e-07, -0.00014630208848591438, 5.0177163245479645e-05, -1.4122143374167832e-05, 1.2876341729554315e-05, -1.2718573306976225e-06, -2.794482510622615e-06]]}, "dipole": {"__ndarray__": [[3], "float64", [0.001592834853982355, -0.001416441706577257, 0.00659842612137551]]}}