{"forces": {"__ndarray__": [[17, 3], "float64", [-4.810717791548452e-06, -1.7821507983795962e-06, 1.7753215794874594e-06, -5.2649078249735794e-06, 1.2970369672539123e-06, -4.636061585123542e-06, 7.164892537116765e-05, -4.481023073051799e-05, 0.0001919211847386606, 0.008395445818177019, -0.012843156285555723, 0.003531865439483764, 0.1324755456239887, -0.11239950841365275, 0.03629349987506003, -2.0855150296468964e-06, -1.7692106025000604e-06, -4.7208667609235095e-06, -3.406985004857086e-06, 2.4312611736676974e-06, -2.917404964171322e-06, 3.3423411762286434e-06, 1.3454486930422424e-06, 4.6163050255674105e-06, 4.797233795313335e-06, 1.163714718358276e-06, 3.3216398919592213e-06, 2.6256580292393376e-07, -4.773130626338749e-07, 1.2421656208871425e-06, -1.272581596107209e-06, -4.821833540800633e-07, -3.904397123846866e-06, -6.151401264575226e-07, 3.38334062993179e-07, 3.6501601638544565e-07, 0.0010944369201654062, 0.00028010848392630105, 0.0011687781286174005, 0.002363921916192307, 7.46540389678392e-05, -3.466216993366301e-05, -0.1317679015399827, 0.11675259110791328, -0.03885014803747659, -0.0006754516742095539, -0.0011336726806379404, -0.001721038454467417, -0.011948592283103696, 0.00931172904197148, -0.0005753576837231836]]}, "dipole": {"__ndarray__": [[3], "float64", [0.0013672602424083704, -0.001425650395069209, 0.006443727571408861]]}}