{"forces": {"__ndarray__": [[17, 3], "float64", [-0.001195296827436763, 0.007438420066847348, -0.0057051873470405304, -0.08705873904228256, 0.2050659621348542, -0.0629594308796975, -0.0004976280675229513, -0.010608350592912662, 0.0010032153054059935, -0.00010957573105769984, 4.47715397316902e-05, -0.00012125016347518855, 3.002995593937261e-07, 1.6669176544405645e-06, 5.414993786192548e-07, 0.00046234763680310986, -9.914605748465924e-06, -0.0007607538821402537, -0.0001352733413088945, 0.00016413804724877258, -0.0004552959166240687, 0.0010721455217579628, 0.0015240687726588845, -0.0007026758008113289, 0.09429867491501365, -0.21396670272820187, 0.07248233515835169, -0.007087740030237611, 0.011004540592779543, -0.0029727099562973074, 8.914994543212215e-05, -0.00033483526411141505, 0.00012511101369194966, 0.00016206789653819772, -0.00032722825889641927, 6.356839801046386e-05, -5.854192093621111e-07, 2.45568125859098e-06, -2.561408719262043e-06, 4.404130222361524e-06, -5.154157082852461e-08, 3.7165361151297376e-06, -4.442033761372944e-06, 2.855001456661385e-06, 5.191466959661821e-07, 2.7859422513351306e-06, -1.4438266943497567e-06, -1.7607550170143633e-06, -2.5957947606386423e-06, -3.5193635433246474e-07, 2.619052172690886e-06]]}, "dipole": {"__ndarray__": [[3], "float64", [0.0018098868312847204, -0.0017220290168583844, 0.006760067456562939]]}}