{"forces": {"__ndarray__": [[17, 3], "float64", [-0.09464832531938107, 0.23543258277572388, -0.06659594651560798, 0.00026286486737049717, 0.005912204381173872, -0.004281706018715952, 0.00019285890946487997, 0.00037501260730834086, -3.384826049893514e-05, 0.0001031382417359959, 2.8444597929700775e-05, -2.5919706010387868e-05, -6.219173726591511e-06, 9.041507947896221e-07, -1.5370491399194313e-06, -0.004896211154138906, 0.009445103585102388, -0.0023471213637513855, 0.09848480630371813, -0.24120283777622928, 0.07326796348352364, -0.0001319591941120515, -0.010049330577635124, 0.001105200783638165, -7.495075095522672e-05, 0.00017050520808949715, -0.00030741362616769124, 0.00043644548566440153, 4.5910731225799874e-05, -0.0008373147840315403, 1.9768672976092416e-05, 3.7375388901883936e-05, -3.2508379387441526e-08, -1.105226463165454e-06, 1.3872690739482432e-06, 1.5186782389160812e-06, 7.2759831677564215e-06, -5.02999844711839e-06, -1.040602985788305e-05, 0.0002486165817952207, -0.00019635289810181197, 6.170823520082229e-05, 2.3486492300012196e-07, -1.5631849655206872e-06, 2.254383287304793e-06, 2.4952610475849193e-06, 2.742102400300182e-06, 3.3420538040889155e-06, 2.6564691427743736e-07, 2.9416376539193776e-06, -7.417555314227201e-07]]}, "dipole": {"__ndarray__": [[3], "float64", [0.0014466173243646622, -0.0018214191354655868, 0.006713114160821537]]}}