{"forces": {"__ndarray__": [[17, 3], "float64", [-0.0002579462627390255, -0.00029815670982292683, -0.00010519254367383123, 0.006833677704290481, -0.01156765739424893, -0.01644143225932301, -0.06028729234093329, 0.022478277714967663, 0.025868975098282964, -0.0006286660297350501, 0.007322930126409229, 0.010818459107932225, -0.0005211556636626605, 0.00025536677629143487, 0.0003234293691300343, -0.0003858820805736412, -0.00021824513666284713, 8.415571979305346e-05, -1.0748972646004704e-05, -2.0688406492503156e-05, -2.205770629905997e-06, 2.4060679086316e-07, 1.0668109683357413e-06, 4.039572854526254e-06, -0.0008578255756220914, -9.101729541553549e-05, -0.0011784355980872475, -9.788951621357619e-06, -8.216298957396999e-05, -0.00011785478199886363, 0.05647690325536254, -0.025451228529114498, -0.028897440664877483, -0.00022257025464299902, 0.006856837310739668, 0.010144084799203909, 0.0002513801263915548, 0.00029734135719777484, -1.881974702491274e-05, 1.382493250605437e-05, 0.00038488424125560403, -0.0003362503147691689, -2.083929603846715e-06, -8.776627465732088e-07, 1.5813759609055964e-06, -0.00034672174900648734, 0.00012128947454991432, -0.00016047133524606575, -4.53448145541692e-05, 1.204031169672552e-05, 1.3377972473918632e-05]]}, "dipole": {"__ndarray__": [[3], "float64", [0.001529698504012542, -0.0016414045292400643, 0.006564524626144348]]}}