{"forces": {"__ndarray__": [[17, 3], "float64", [-0.006388979946848285, 0.0116029880334079, -0.004083264091120371, -0.039112719390163544, 0.07057813836546334, -0.07481630866530427, -0.00420073202593312, 0.005589826755749511, -0.0017611531003395293, -7.713000596333028e-05, -1.3113899035025484e-05, 0.0002558822571108743, 2.524511961746372e-06, -6.251953082015638e-08, -2.3359291059911893e-07, 0.0001960359030214502, 0.0009343223002058411, -0.0016755143769543177, 0.00010513700448993987, 0.0002978453270026413, 0.00013949265711434662, 0.0006341883578955686, 0.0005433306422041003, -0.000151192197023134, 0.04065241988106232, -0.07373283100421904, 0.073370756146154, 0.009489897846586444, -0.015821430581701997, 0.0096525898863119, -0.0011550301347270843, 0.00019271128743618727, -0.0011721669093064317, -0.00014630841967159207, -0.00017281397765892708, 0.00024145411511557446, -1.7634378688863508e-06, 1.1637756861181396e-06, -3.854017367927575e-06, 4.050032841250528e-06, -6.072901404496183e-07, 1.7471921891687494e-06, -3.8095546506730815e-06, 2.201291019001084e-06, 7.596786449005176e-07, 3.7527441810943804e-06, -1.5772942153185104e-06, -1.0213833858164653e-06, -1.533366212883037e-06, -9.121167398357928e-08, 2.026401072732279e-06]]}, "dipole": {"__ndarray__": [[3], "float64", [0.0017516136856545314, -0.0017836442774260583, 0.006563733759160583]]}}