{"forces": {"__ndarray__": [[17, 3], "float64", [0.0008007454768288438, 0.011745600488470995, 0.008090408343283737, 0.01726542681696121, -0.12984032884255436, -0.10773995587740089, -0.001962745255548898, -0.0019428737358421215, -0.0044111778052247815, -0.00011939367291737677, 4.5159855125289256e-05, 0.0003009246409126075, 1.379693198113894e-06, -1.2676571251658401e-06, 1.4034496455492377e-06, -0.00011999486493449766, 9.548639974683222e-05, -0.0001463948874282325, -0.0001795605883198294, -5.079915032257009e-05, 0.0010590335175120638, -0.00019941250221843266, 8.450294313145347e-05, 0.00014032303056969717, 0.00379103197572987, -0.010974681167077742, -0.015573031776948116, -0.018448061696520975, 0.1316787936181974, 0.11919442181900644, -7.902846195819682e-05, 0.00019080317222217413, -0.0003919432308315969, -0.0009237042230482118, -0.0010256658373640737, -0.0006104197090015949, 0.00016693081517968244, -1.8289702497443814e-06, 6.988476854033766e-05, 9.174242963233593e-06, -2.3483574834491035e-06, 1.4288905159450552e-05, -3.938473659087531e-06, 1.6528711086871319e-06, 5.774249989337721e-07, 3.0747438689020586e-06, -1.2953793813797414e-06, -4.968179537898189e-07, -1.924025602645235e-06, -9.102506021102927e-07, 2.1542051598440876e-06]]}, "dipole": {"__ndarray__": [[3], "float64", [0.0016435258029279896, -0.0016961581157950768, 0.006750851913760741]]}}