{"forces": {"__ndarray__": [[17, 3], "float64", [-0.00045405648183300496, 0.00013381090407315978, -0.00013922079980847337, -4.2686133268873975e-05, 0.0001471519212884899, -0.0003255845327016201, 0.01104587894554688, 0.0058378050010592, -0.00969396253832939, -0.10652006465202796, -0.060016491792463114, 0.07326906974296264, -0.008315257253526826, -0.01104896136955119, 0.012684055703289773, -5.146466254112238e-05, 2.2649864674079837e-05, 1.4599121576784837e-06, -0.0017814409700076146, -0.00025573752687282116, -0.0003427382066504099, 3.3872136031905704e-06, 4.7158974425162435e-07, 5.180844233996829e-06, 4.769658009744258e-06, 7.31626109356844e-07, 4.024566754869969e-06, -1.049495072961213e-05, 5.321490481556246e-06, -2.2072009308704755e-05, 1.572667652654113e-05, 0.0004651378928562463, -1.1139920662728639e-05, 0.00010423186659421488, 6.0004293036534196e-05, 0.00015414255074482826, 0.00034508610369532813, -0.0008413876870253445, 0.0030905608933004284, 0.10909560927912886, 0.06702690106499894, -0.07825368683818007, -0.0023644068527074887, -0.00020829853742172438, 0.0001478427987934679, -0.000917794304322122, -0.0009538873756347892, -0.0005985786659317496, -0.0001570234821402112, -0.00037522135935284275, 3.0646499336497156e-05]]}, "dipole": {"__ndarray__": [[3], "float64", [0.0015412624485002851, -0.0015002578679938093, 0.006486386278508923]]}}