{"forces": {"__ndarray__": [[17, 3], "float64", [5.110763500156029e-06, 4.475129888308238e-07, -1.4816286936052067e-06, 3.6247804844064834e-06, -3.980177843926927e-06, 3.8056526255847266e-06, -7.071198960982872e-05, 4.22089583739657e-05, -0.00019998526318897703, -0.008796533195031212, 0.013386384163852356, -0.003817687804750572, -0.13329041510484083, 0.11509008513704602, -0.03689613050121856, -2.1036203497290807e-06, 1.4010759177265779e-06, 1.5445253043825555e-06, 4.2410719854239386e-06, -3.291967136734639e-06, 4.6638366093520083e-07, -3.6940441263668685e-06, -7.136127368504516e-07, 2.456284380513151e-06, 3.297146511262186e-06, 4.761180181368026e-06, 9.988540681235702e-07, 3.406171665081782e-06, -3.0576603945810914e-06, -1.1609683017038974e-06, -2.1461113764484746e-07, 4.654074150893795e-07, -6.788359703018993e-07, 7.59152512554914e-07, 2.033339834466213e-06, -4.900993512671057e-08, -0.0011158135235915312, -0.0002871614926505136, -0.0012005520193046702, -0.002429894896698472, -7.786194471282752e-05, 4.021414063845186e-05, 0.1327293529143943, -0.11967856935745168, 0.03993450621548957, 0.0006936205459517813, 0.0011021454215549079, 0.0017031500315587457, 0.012265968438380112, -0.009575295984238803, 0.0004305839436373228]]}, "dipole": {"__ndarray__": [[3], "float64", [0.0018512969961347937, -0.0018269158222959075, 0.006712976132679822]]}}