{"forces": {"__ndarray__": [[17, 3], "float64", [-1.4532801870180273e-06, -2.551196045050613e-06, 2.1584127927403146e-06, -6.692351755564722e-07, -1.439784173622202e-06, -1.9043304982291207e-06, 0.00015898630746601246, -5.189588085433995e-05, 6.766435970426648e-05, -0.00025308105409618375, 0.012933111864278275, -0.00025295901799336773, 0.10433621425458128, -0.20154724852847325, 0.043166019313722326, -1.400898892379637e-06, -1.8530962082762012e-06, -4.6018978818527675e-06, -3.9248113920800327e-07, 1.9663945074226487e-06, -2.4673007571365936e-06, 3.412308257088458e-06, 1.3092097705993764e-06, 4.590425267199834e-06, 5.083859319493954e-06, 9.66730336244907e-07, 3.494212279739666e-06, 1.5934605381506432e-06, -9.78780179176177e-07, 2.194719295335006e-06, -2.4258954528770077e-06, -1.3813386630643059e-06, -3.4349266478419754e-06, -1.8100935013847017e-06, -5.968081797823185e-07, -9.237919298357196e-08, -0.00017429901776733547, 0.0002800317533166732, -0.00014800719960985314, -0.0002055652362811524, 0.00027898188858513194, -1.356678005029283e-05, -0.11585534266740878, 0.2042095292891189, -0.04785640630214672, 0.006397074915550766, -0.008209084428358344, 0.0019098004196208755, 0.005594074754188894, -0.007888867288777999, 0.003127518272094537]]}, "dipole": {"__ndarray__": [[3], "float64", [0.0012267236886713566, -0.0015681478435641215, 0.006447906653775515]]}}