{"forces": {"__ndarray__": [[17, 3], "float64", [9.136940876903313e-05, 0.00021045752668488792, 2.0033598165487018e-05, -0.0009808874693700753, -0.005457287857922631, 0.01098402301836305, 0.07054804493998983, 0.0890119577346044, -0.15041228924612535, -0.0005657474337665321, 0.005169752545513136, -0.0018419501642482298, -0.0002525641665121097, 0.0002442280014922979, -0.0005619064623692715, -3.5656707662382747e-06, -6.73175312746863e-07, -3.2163271355033865e-06, -1.234569964268055e-06, -1.7413229335507038e-06, -1.986807005260044e-06, 1.8144275375560606e-06, 9.403586553926065e-07, 3.5720358861165376e-06, -0.00021305050848425102, -6.0589291615747296e-05, 0.00024518046807290065, -0.0004858090592069004, -0.0006183552256101853, 0.00018243043543687487, 0.010013394415559524, 0.01085897100439687, -0.012564933057554389, -0.07771290732584424, -0.099938428552451, 0.15351142440855936, -0.0003711575129462413, 7.638811853811418e-05, 0.00037914616070859906, 0.00015492547112059958, 0.00042962117196083277, 0.00012074774408061743, -2.851465254056645e-06, 5.942428904535863e-07, 1.1260011031844989e-07, -2.595105679365059e-05, 1.2180101521947748e-05, -4.593148909740422e-05, -0.00019382242406765576, 6.198461958768083e-05, -1.4456915847320195e-05]]}, "dipole": {"__ndarray__": [[3], "float64", [0.0015549813253415761, -0.0017904256723021458, 0.006572536067745945]]}}