{"forces": {"__ndarray__": [[17, 3], "float64", [-5.918130384496831e-06, -2.2822628032107664e-06, -1.7018580248176313e-06, -3.115108583696778e-06, -6.870374834825955e-08, -4.853137974705861e-06, 0.00022278871303630794, -5.444316485005862e-07, 0.00025958334597060164, -0.007546331381629658, 0.011045650452449391, 0.016367162404992933, 0.055820037840024574, -0.01153537015891313, -0.016710026826544544, -3.7122713927161062e-06, -1.2011644874427169e-06, -2.886418004875024e-06, -1.9119552516614993e-06, -7.272927977477562e-07, -1.8083355766962647e-06, -4.1724738920276705e-07, 2.6322746380310007e-07, 3.4709741902694184e-06, 2.831618621485146e-06, 2.9221376480924423e-06, 1.2383927339437858e-06, 7.035787997753822e-07, -2.0170232415752203e-06, -1.1597922263466688e-06, 0.00034885425775529904, -0.00013420784840850695, 0.00014427927944510197, 1.5659863950229798e-05, -8.289978111838698e-06, 2.9206721271173634e-05, 1.9303247157211453e-05, 9.125494185753698e-05, 0.00011408734372568551, 0.000923403848531796, 0.001094383777695577, 0.0004431723611246112, -0.0007444864388171126, -0.006700935824372289, -0.012531533854063229, -0.048441649570218605, 0.014020640962030807, 0.02125466928242657, -0.0006060408642088531, -0.007869470810611264, -0.009362899883467007]]}, "dipole": {"__ndarray__": [[3], "float64", [0.0017154123968743027, -0.0016250014548370795, 0.006545578301505928]]}}