{"forces": {"__ndarray__": [[17, 3], "float64", [2.437218048085727e-05, -1.091623742392417e-05, -1.2697225322821135e-05, 0.00043029951714655684, 3.7942369557768515e-06, 0.00028363821243632977, 0.01327144028589952, -0.0031922861456678306, 0.005885043490190415, 0.14864431227692146, 0.026425844844964488, 0.0310945749741705, -0.4651014670692235, 0.02741368156131937, 0.024284261563373467, -9.659044659447681e-06, 1.845222727147983e-06, 1.934678983136344e-06, -4.082257737743826e-06, -5.397965158713884e-06, -9.647328232568174e-07, -5.852453658861193e-06, -9.742342718714227e-07, 2.1147621256250605e-06, -1.5919962358801936e-06, 4.546817067772507e-06, -1.5767042677041766e-06, 1.1527430020985552e-08, -4.394819787784372e-06, -4.020395733709384e-06, 0.0005184710575820514, -0.0002086856978152547, -0.00013035369801297128, 0.00011849507489607674, -0.0003011160160009912, 0.0002472128463183214, -0.006714160305674905, 0.0022713035843069163, 0.003537378568089483, 0.008375187284010818, 0.004451271090173836, 0.0003589494776472607, 0.13348527335931254, -0.10832764455809755, 0.0366703964832277, 0.055542712780343076, -0.01628787625617822, -0.02338557095066043, 0.1114262377831682, 0.06776700457288669, -0.07883032134974156]]}, "dipole": {"__ndarray__": [[3], "float64", [0.0018097914259025086, -0.0016949242121424677, 0.006616905531471828]]}}