{"forces": {"__ndarray__": [[17, 3], "float64", [0.09472062297563502, -0.08642779691839968, 0.025743084578469085, -0.011482359905165976, 0.01161011791182571, -0.0010029714499272242, -8.882159870630105e-06, 0.0003204959715423328, -8.699542166428845e-06, 0.00035259881091319605, 0.00013658513499879336, -5.933362152200936e-05, -5.638882418227618e-06, -1.4540893761341238e-06, -2.2705666345764802e-07, 0.00024304742685833577, -0.0027638592510320415, -0.00012078590259450027, -0.0917158566021593, 0.09557984960620465, -0.029989121430183972, 0.006150220647624298, -0.018756227106672074, 0.005661816625632859, -0.00010772075129317057, -0.00013439261346470232, -0.00010511619445941507, 2.1998079131981412e-05, 0.00017612485158601782, -0.0004487736842947958, 1.0423035182148597e-05, 2.007908868822764e-05, -1.7259304546380991e-06, -9.476175279752062e-07, -1.4549508506903747e-06, 1.7893710496988597e-06, 4.765424710919162e-05, 4.856350622352116e-06, -2.630802315111418e-05, 0.0017839978254065045, 0.00023850659981049675, 0.0003553067637999442, -6.49441928939115e-06, 1.663011636619513e-06, 5.940256662745991e-07, 5.029469531326367e-07, -2.571791980743819e-06, -1.4862543516492111e-06, -3.165657088942667e-06, -5.218051403234007e-07, 1.957725151674507e-06]]}, "dipole": {"__ndarray__": [[3], "float64", [0.0017681759179103713, -0.0015007292672192035, 0.006523407005442667]]}}