{"forces": {"__ndarray__": [[17, 3], "float64", [0.0038614003007438964, -0.004834786245447774, -0.010584282817472227, 0.03261106946003874, -0.11238793610739485, -0.2006243363417821, -0.003041495836036944, -0.00463758673861464, -0.005214969914796401, -0.00024411061293162746, 4.9432894796791374e-05, -0.00046920435111737294, 2.7223171034708085e-06, 1.4899819468311517e-07, 6.035423923246952e-07, 0.00032127601390149796, -0.00014925806119539046, -0.00023913311647223704, 0.0004443308799486716, 0.000824030613192718, -0.0018085887653355684, 0.0010849165463738789, 0.0003656894004074063, -0.0004660610098269267, -0.00016508647480582115, 0.002941943388926469, 0.009600340010540264, -0.03385221700203327, 0.11841744385058246, 0.20979108975555313, -0.00011624342503098754, -0.0003979529381111373, -9.11575873395602e-05, -0.0006644176062795923, -0.0002915892705301924, 0.00017567899106078123, -0.00022070480040244566, 8.769569294037607e-05, -3.561950545824713e-05, -1.936201790351673e-05, 1.2225204221872844e-05, -3.6324149169229737e-05, -3.846145747493284e-06, 3.018864527528783e-06, 5.445661707453699e-07, 4.013538718193669e-06, -1.4873873673761942e-06, -1.1568970032042443e-06, -2.2451356550408056e-06, -1.0321591284683055e-06, 2.577590056942472e-06]]}, "dipole": {"__ndarray__": [[3], "float64", [0.0016967262770453872, -0.0015103666174695809, 0.006790223537275987]]}}