{"forces": {"__ndarray__": [[17, 3], "float64", [-0.023522410143414125, 0.5119809419523399, 0.019963573545690953, -0.026348071958663805, -0.09255742857794477, 0.03294857032307817, -0.0069419868143538906, -0.002186958808595175, 0.0012131815054006478, 0.0001447446016102752, 0.0002608589810727008, -0.00047694666311431195, 9.049388618817281e-06, -6.8612270376563304e-06, -3.0246763965598556e-07, 0.0203342048233571, -0.1277085321914015, -0.11402648941578981, 0.08903596311674725, -0.23587885770473146, 0.07007484394552624, -0.04913649624017057, -0.057904467990316656, -0.016645415167576918, -0.011060374393016225, -0.007435177021629312, 0.01160703161289431, 0.007920175433034289, 0.011785463186819415, -0.005011704104835273, -0.00028818397101086944, -0.0005417826194944826, 9.747290988032925e-05, -0.000286853967757407, 0.00019774805638684024, 0.00021010625622277856, 2.74938247249613e-06, -1.7398283999132763e-06, -5.248038505957602e-06, 0.00013372870387714673, -3.4730973735758117e-06, 4.73939944831375e-05, -1.5290228154218452e-06, -1.033145163039766e-06, 1.8027243869106981e-06, 4.424621954303177e-06, -1.1037414025643933e-07, 1.979131737830001e-06, 8.664395302559521e-07, 1.4104096103225351e-06, 1.499081610926061e-07]]}, "dipole": {"__ndarray__": [[3], "float64", [0.0015010218488217984, -0.001659083705903414, 0.0065422966893658105]]}}