{"forces": {"__ndarray__": [[17, 3], "float64", [1.258899312357028e-06, 2.566098641677495e-07, -7.173647838712693e-07, -2.499916756127972e-06, -1.5772420137663378e-06, 2.7763556899474613e-06, -0.00011564156733500225, 3.8856067605212514e-05, 7.530214912690599e-05, 0.0002865165976151774, 0.005322774709492736, -0.012151781218039417, -0.07864054773514445, -0.09371384758953182, 0.16591346069075696, -2.410614707432078e-06, 8.09990615437316e-07, 7.245842906164419e-07, 1.2775403232831344e-06, -2.2333818453154056e-06, -4.0127359757238116e-08, -2.769149432805441e-06, -5.10222086398932e-07, 2.8590245027420163e-06, 2.4486647202969396e-06, 4.513318754362854e-06, 1.211192994040957e-06, 5.070770336840741e-07, -2.8404635394775535e-06, -1.4809297410661102e-06, -1.3207012392576324e-05, 4.189483436189304e-06, 1.5731062528652126e-06, 0.0001784892244258921, -5.901736385074127e-05, 1.573875038684707e-05, 0.0004401793227765724, 0.0005588613099778258, -0.00022273343504251538, -2.7227216012981315e-05, -0.0002085960182250383, -5.974423367457146e-05, -0.0005511025978961395, -0.003209599608349834, 0.0017564257574025962, -0.009492918989181004, -0.010641164840253488, 0.01162951539286891, 0.08793764747265209, 0.10190912523995062, -0.16696308969563106]]}, "dipole": {"__ndarray__": [[3], "float64", [0.0019017427675839015, -0.0014942982572585437, 0.006632011370010987]]}}