{"forces": {"__ndarray__": [[17, 3], "float64", [0.00015629886347001896, -0.0004837734234427905, 6.704647589602808e-05, -0.00601962134696443, 0.005884126013045507, -0.0012140564666174695, -0.01610591538811217, 0.01600437992217807, -0.07423673112650091, -0.03319141228357236, 0.01295527319952217, 0.5083382942498341, -0.031349708816392034, -0.009279767106129261, -0.08159124231446242, 1.7198311575785827e-06, 4.283299175458811e-07, -2.3952672082700343e-06, 5.838419860081527e-05, 2.4744828138972764e-05, 1.5786660006080277e-05, 1.6791912883560966e-06, 5.737307714189032e-07, 6.312195565584848e-07, -0.00028014637631885466, 0.00012556536325898077, 0.00026186104059328953, -0.0002985325888122861, 0.00030442429416801923, -0.00048058251218967773, 0.010901153136720684, -0.012450400626710649, 0.010069230765790122, -0.009372339826243935, 0.011328992077814536, -0.0018264008134528415, 0.02024624080720107, -0.11853773744894028, -0.20674742300917448, 0.07270210338851446, 0.09648404156584647, -0.16023462124923113, -0.003629986162220701, -0.00023406172614376844, -0.0011692286573331792, -0.016314000280886296, -0.003352409326992437, -0.0031767822331482264, 0.012494083652569557, 0.0012256003336980747, 0.011926613237642268]]}, "dipole": {"__ndarray__": [[3], "float64", [0.0016549692803628157, -0.0016656220059111774, 0.006551900558559263]]}}