{"forces": {"__ndarray__": [[17, 3], "float64", [0.0013526110021889956, -0.007638739667810675, 0.00588101189353226, 0.09047704717917086, -0.20973863035104245, 0.06567786541353768, 0.0004455668427090402, 0.01101794578987487, -0.0011123615636281408, 0.00010974275720206466, -4.73242575575391e-05, 0.00012090453938872607, -2.81467303370749e-06, -8.874234291117176e-07, -1.1744629515386576e-06, -0.0004769211025399206, 1.8449112248489115e-05, 0.0007610363005734782, 0.0001396529972871557, -0.00016955982760966714, 0.00046794932098807054, -0.0010984461894512894, -0.001552316762788439, 0.0007261591547129656, -0.09810971639805025, 0.2188082038379928, -0.07545333968929221, 0.007435550502952245, -0.011358678466983256, 0.0031329941158700705, -9.680071512758494e-05, 0.00033393604196097014, -0.0001371409200757014, -0.0001741156278451706, 0.00032637208804059317, -6.47948520634857e-05, -3.958267065239155e-06, -7.198422048249097e-07, -3.857658445636429e-06, -9.771839650264732e-08, -1.6477560711788573e-07, 7.535448601843429e-07, -8.43266057671094e-07, -1.1456752195143767e-06, 2.121878495699339e-06, 2.8376492738938633e-06, 9.061811365769179e-07, 2.3603105732729473e-06, 7.050267835195608e-07, 2.3539989981073756e-06, -4.873260751080255e-07]]}, "dipole": {"__ndarray__": [[3], "float64", [0.0014105210597103153, -0.0015316633107400907, 0.006395124384500683]]}}