{"forces": {"__ndarray__": [[17, 3], "float64", [-5.074681303147147e-05, -0.000294942735036006, -3.811405568137355e-05, -0.009013539405344967, -0.011299975098666397, 0.011629486234636081, -0.1111459905095788, -0.06588384492931415, 0.07515498882560073, 0.01127567938715355, 0.006444993106790741, -0.009449431096529261, -0.0001129734668449823, 0.000223405792734899, -0.0004095899302785413, -2.2541351328771896e-06, 7.731203713534442e-07, -4.944023765830956e-07, 1.4394823106549703e-06, 7.632619563836891e-07, -1.8592620635788524e-06, 2.461259073166345e-08, 1.3669317832075792e-06, 1.9485459176839834e-06, -0.003037973909105889, -0.0001682398190968081, -0.00014061820427680897, -0.0008715031127669282, -0.0009439484495506063, -0.0006751216277345233, -0.0001420231746956464, -0.001363480445871375, 0.0035616812636406147, 0.11340107402092939, 0.07262172135465805, -0.07958280658871265, 2.094460561495637e-05, 0.0004069084657101477, 1.1553157626923168e-05, 0.00010723494735049842, 8.577474271698632e-05, 0.000136766954404192, -1.9236004092827318e-06, -1.0614608455235206e-06, 2.537324922137024e-06, -1.2775268593415457e-05, 8.620463412332171e-06, -2.6599917297128518e-05, -0.00041469366044575895, 0.00016116569824707936, -0.00017432722179834412]]}, "dipole": {"__ndarray__": [[3], "float64", [0.0015766936676099603, -0.0014975150286303425, 0.0064893816929418105]]}}