{"forces": {"__ndarray__": [[17, 3], "float64", [-0.009652424179012378, -0.002138414178196612, -0.0034427055245803027, -0.02743398884528013, -0.08221642350673179, -0.009042826522401851, 0.02018619141963428, 0.47201176296281794, 0.005810771771276061, 0.03899895262697918, -0.13443836131936976, 0.016517553388202252, 0.0031680032115672927, 0.011699657804432594, 0.0012204466514748958, 0.0002189515503544734, -9.085469731715357e-05, 0.00021783460666637114, -0.00032300267401883464, -0.0003780843407286261, -0.00020121259487986375, -0.00018030788984549007, 0.0002941103188804328, 7.303140405584113e-05, 0.014734844246340485, 0.010904551772354429, 0.005634623898271598, -0.011769360654871747, -0.0019234110782188408, -0.004803524513176099, 0.022224867150235732, -0.12479560618393683, -0.10696455019801229, -0.06428788241500695, -0.12952881104033692, 0.08944404445718021, 0.008116922034314081, -0.009979253888451426, 0.000885287096538154, 0.00591698860940737, -0.00949871557517355, 0.004617141758704631, 4.146607090711031e-05, -5.008860957754016e-05, 2.4431050599618486e-05, 1.1863216609919094e-06, 6.824863142477664e-05, 4.950756448853529e-05, 3.859341663507476e-05, 5.969292812912891e-05, -3.98542944071495e-05]]}, "dipole": {"__ndarray__": [[3], "float64", [0.0015688918848637118, -0.0017183346699921338, 0.006587470115100374]]}}