{"forces": {"__ndarray__": [[17, 3], "float64", [1.973206535161352e-06, -2.5735276233187606e-07, -1.4413578450386873e-06, 1.2728241024005749e-06, -3.720756741995907e-06, 1.1355145317080046e-06, 9.756018789747442e-05, 5.708911973186271e-05, -0.00038012984034815065, -0.004039007308763675, -0.0019382707517317395, 0.0012068458318659726, -0.06813018736682788, -0.11998489948955157, 0.09613811308772421, -2.5082637997825562e-06, 6.438159106021008e-07, 4.801378269474164e-07, 1.9060639065772184e-06, -2.3600979659724796e-06, -2.587738844091697e-07, -2.8315150780603966e-06, -5.196136094563153e-07, 2.811743982700122e-06, 2.6080900166356053e-06, 4.311528917575667e-06, 1.0800643383279365e-06, 2.1004183670593407e-06, -3.6681937887790575e-06, -1.9991967957304043e-06, 1.0618680215623135e-05, -1.3300461574372827e-06, -4.590096776174535e-06, 0.00016320583796187877, -1.3009292910181997e-06, 6.133800680052796e-05, -0.001119854588814912, -0.0010900702372640995, -0.0002068412141375147, -0.0003857013847387357, 0.00021608990078479347, 0.00024463850720494036, -0.009551578531118031, -0.008149629393441347, 0.012062441320637048, 0.008022107295520872, 0.012829909976946434, -0.007785942413931434, 0.07492831635461769, 0.11806798252001462, -0.10133768132119442]]}, "dipole": {"__ndarray__": [[3], "float64", [0.0019051654147652906, -0.0016630595689225826, 0.006478725039789499]]}}