{"forces": {"__ndarray__": [[17, 3], "float64", [1.7538859142828018e-06, 1.3262141211774295e-06, -2.0194335607083155e-06, -0.00011452364444197034, 2.202563268315807e-06, 2.8418012263768693e-05, -0.002234503708232338, -0.0009475421610008525, -0.009954854055954624, -0.02244797779638848, 0.11238169976463101, 0.20646903401503017, 0.003568139583670257, 0.0038514754324988775, 0.0039987095596907135, -8.161290983888229e-07, -5.6584290957959785e-08, 1.3409253393847866e-07, -2.2369377801436645e-05, -7.640264872744914e-06, 1.1268674202096493e-05, -2.852170231795993e-06, -2.1191848833729527e-07, 3.7217178454355775e-06, 3.235399020450119e-06, 3.610041335067111e-06, 2.7872772699360193e-06, 0.00020647690703675298, -7.44712405736854e-05, 3.2450467800073746e-05, 1.5621019094265816e-05, 0.0002478936598202946, 3.0278636860909177e-05, -1.4303573391594044e-05, -0.00022961474450732203, -0.0003847883352124137, 0.022316335471626585, -0.12493405752542627, -0.21490777932021762, -0.0031880007951289534, 0.008918467424297595, 0.013706031660232662, 0.0011938073658415433, 0.00015023876226971937, 0.0011305035853716753, 0.0001226684669214362, 0.0004387983712411614, 6.112004906104186e-05, 0.0005973090955900122, 0.00019788220567700798, -0.0002250166032174556]]}, "dipole": {"__ndarray__": [[3], "float64", [0.0016917119863831417, -0.001816865640306702, 0.006538397578345941]]}}