{"forces": {"__ndarray__": [[17, 3], "float64", [0.001269908032267357, -0.00014373228095709942, 1.9208261610226188e-05, 0.011346938754260369, -0.01299332442020829, 0.004977133999112482, 0.10586303368427692, -0.03759932140783763, 0.01688122114330095, -0.43607785007713556, -0.023588532126607307, 0.031927378393578495, 0.15274309758660912, 0.023189517206585093, 0.0322672008897827, 5.646047144282901e-06, -7.152217453408212e-07, -1.7686789180123888e-06, 0.0003391045166793868, 0.00010044060379419355, -4.0499073768032515e-05, 3.0950625675848166e-06, 3.854881293734887e-06, 9.447865269141713e-06, 4.006746753504681e-05, -0.00010071217461273434, 7.802876122379936e-05, 0.0002398493117534843, 0.00011476589171461875, 0.00023782695495637123, 0.0005951893377186126, -0.0035189043937635845, -0.0019541460748438502, -0.011041026512569042, 0.006542870991734434, 0.0005013329467507836, 0.05915724826375537, -0.021020208453077532, -0.021954198815968225, 0.1064093554263636, 0.062329400623300224, -0.07076103975297894, 0.008742324834646528, 0.0003131843350508726, 0.0035818254132700582, -0.007545388385462424, 0.002296405753673172, 0.0038732787058200816, 0.007909406649589232, 0.004075010191662412, 0.0003577690618031953]]}, "dipole": {"__ndarray__": [[3], "float64", [0.0015261179018580795, -0.0015440747359224058, 0.006530421727831555]]}}