{"forces": {"__ndarray__": [[17, 3], "float64", [-0.01708544206095241, 0.12784536074798974, 0.10864917539656994, -0.0013560789292718601, -0.012326743856909263, -0.008177571950634843, -5.535248242534337e-05, 8.84733933022157e-05, 6.291209025877555e-07, -8.576546639298403e-07, -2.2279281643091433e-06, -1.3088184007499106e-06, 8.374387598088612e-07, 2.4614499270729132e-06, 2.8013027024567675e-07, 0.01995045023365298, -0.12594638011672804, -0.11945875967953293, -0.002648070471882197, 0.00907718887777071, 0.016582018114603875, 0.0007496006499368334, 0.0012917899140771705, 0.0032420061409527143, 0.0001379374169093272, -1.3029456363681357e-05, -0.0009486942426925641, 0.00011882956794879208, -9.748050319634705e-05, 0.00015110302653750205, 0.0002145720738806943, 6.309317833408693e-05, -4.0421523036770116e-05, -8.813926467879455e-07, 1.5524621303795688e-06, 6.395227082124429e-07, -9.853598433576868e-07, 2.2116076087623608e-06, -3.0911175958502414e-06, -2.007713266771538e-05, 1.269824116937327e-05, 2.746592925522801e-06, -4.231997025311416e-06, 2.5331741023336247e-06, 8.53252204891998e-07, 1.8086937414383402e-06, -1.6638035525090497e-06, -1.676886581044628e-06, -2.0585934504919477e-06, 1.626185027468218e-07, 2.0729207989946216e-06]]}, "dipole": {"__ndarray__": [[3], "float64", [0.0017599179036601074, -0.0015380276861829995, 0.006415575169681629]]}}