{"forces": {"__ndarray__": [[17, 3], "float64", [-1.3438054574401034e-06, -2.671924888133828e-06, 2.221464915370289e-06, 0.00011365779212135469, -6.049700283670776e-06, -2.7091942858898556e-05, 0.0021600173908348525, 0.0007925585380338882, 0.009583474286853721, 0.021828203311679506, -0.10788694561757406, -0.20204123398948798, -0.0035773120137244318, -0.003733908427806457, -0.003922764856214359, -3.348130620328708e-06, -3.186410307150809e-07, -3.3133343732527552e-06, 2.292197281850411e-05, 6.7668979230358555e-06, -1.3768337446418201e-05, 2.512519160321944e-06, 8.428251243013295e-07, 3.350742232522165e-06, 4.857114647868296e-06, 2.3129457702092702e-06, 1.5222385951050837e-06, -0.00020436813041458909, 7.153951613711377e-05, -3.109096182594412e-05, -1.58293415505517e-05, -0.0002441932554701869, -3.587550529503262e-05, 1.5195081876337354e-05, 0.00022267145001092045, 0.00038525874248575883, -0.02146869454599241, 0.12007917884297221, 0.21025675739921607, 0.003006255870006341, -0.008525969538035224, -0.013204972777075222, -0.001175529554645215, -0.00014597462509762294, -0.0011097383466331368, -0.00011255881170536755, -0.0004253243129531825, -6.016725663333433e-05, -0.0005946367190353817, -0.00020451497283296014, 0.00021743243354502729]]}, "dipole": {"__ndarray__": [[3], "float64", [0.001528952891119784, -0.0014365762945280143, 0.00661917045265775]]}}