{"forces": {"__ndarray__": [[17, 3], "float64", [0.006456412917366561, -0.01204301941734425, 0.004110646170401254, 0.03916884694643693, -0.07032519296531049, 0.07458623757881175, 0.004331038745474222, -0.005763521126326031, 0.0017066485626084512, 8.28234877195292e-05, 9.909041947218576e-06, -0.0002659955924020516, -4.968487451075764e-06, 8.181090458294087e-07, -3.434794769821775e-07, -0.00020674616028405193, -0.0009635056048293714, 0.0017173912256033185, -0.00010929580272614066, -0.00030872619321512266, -0.00014718283426869199, -0.0006423689956757093, -0.0005382704076410183, 0.0001551007220000664, -0.04076602669761127, 0.07410677910954179, -0.07280934886752152, -0.009621797172906883, 0.015833140169096423, -0.010008065231891019, 0.0011828734038545226, -0.0001968524401796033, 0.0011915289931567733, 0.00013166070451728554, 0.00018489399414302457, -0.00024043722315270045, -2.7651680705701106e-06, 5.837164310778283e-07, -2.5883507423275077e-06, 2.908600208495527e-07, 3.3612709060927055e-07, 2.7991843972215456e-06, -1.4869393549021269e-06, -4.7247046634854844e-07, 1.8759763544263681e-06, 1.8754439780747982e-06, 1.027290202215679e-06, 1.6013939651091055e-06, -3.670852857724821e-07, 2.0730678132565906e-06, 1.3177215780913747e-07]]}, "dipole": {"__ndarray__": [[3], "float64", [0.0014714979518388857, -0.0014704091117411576, 0.006595961850660619]]}}