{"forces": {"__ndarray__": [[17, 3], "float64", [0.00010056521142113743, -4.9251750087276935e-06, 3.8406996095396465e-05, 0.0002760044187137654, -9.440804823920605e-05, -4.074727318022579e-05, -0.006138345305410619, -0.009217825107710608, 0.010821951721384695, -0.06200598609689159, -0.1256305110105411, 0.09751739459588406, -0.004492852058958491, -0.0021225699213392106, 0.001669165868124715, 2.8717658974344855e-05, -1.2967002662555785e-05, -9.2747873513297e-06, -0.00022920928058407891, 0.0001956545870784436, -4.4852459330284003e-05, 1.2366712739984283e-08, -6.068850843151458e-07, 3.334225535813806e-06, 2.841379251509778e-06, 2.915495993018373e-06, 1.6802829854262444e-06, 8.712535547584407e-06, -4.1014082059921105e-06, 1.2610760248018808e-05, 0.0003768127177750183, -0.002211636360125655, 0.0002660618186637126, 8.36767467829858e-05, -0.00013407993400113165, 0.0004294907975940334, 0.006570919915130432, 0.011344049908660102, -0.008661679565052531, 0.06690342764985639, 0.12848270537399484, -0.10167246581670945, -8.39305507346865e-05, 0.00027700389562198126, -0.0003093915075665109, -0.001091235875835026, -0.0010806238583941068, -0.00022666911466815592, -0.00031013143175170703, 0.0002119254499650337, 0.0002049834573420415]]}, "dipole": {"__ndarray__": [[3], "float64", [0.0016126687098993082, -0.0015912569271483764, 0.006424193153532228]]}}