{"forces": {"__ndarray__": [[17, 3], "float64", [-1.0117815084635497e-05, 0.00026259968733777336, -7.419083099835694e-05, 0.0033811598127272548, 0.011207723349167293, 0.0014399212388923536, 0.03654695248125195, -0.13153457870539514, 0.015337231211131805, 0.02407871488693637, 0.47201297914865065, 0.008872925224940379, -0.02685044945036486, -0.0841456584642221, -0.010648380207807373, -2.7225150877388655e-06, 7.337730111344848e-07, 2.228268143668066e-06, -0.00013494620842592904, -3.0103493777552798e-05, 1.8634848332492048e-05, -1.0499386251531623e-06, -3.2348832829633783e-06, 3.4424181434868454e-06, 5.9151156048426544e-05, -4.263401543811313e-05, -9.708145956669567e-06, 5.658769486177903e-06, 4.4354209460564564e-05, 5.1332921034949544e-05, 0.007323903307098849, -0.009391321118984563, 0.0007917655821915654, 0.0063546194126204185, -0.010047885507953606, 0.005109576055178182, 0.018239995378473987, -0.13077658986285814, -0.11166508969966024, -0.06144240586504174, -0.12668584137114422, 0.09374736692156946, 0.01315427800151549, 0.01305597346227984, 0.00504466874784659, -0.011040661958815213, -0.0019761771420308267, -0.0028267826899905507, -0.00966207945471402, -0.0019503390648195156, -0.005194941862991784]]}, "dipole": {"__ndarray__": [[3], "float64", [0.0016433151188149728, -0.0016871446206869298, 0.006563498425525557]]}}