{"forces": {"__ndarray__": [[17, 3], "float64", [-0.08382685241257193, -0.017131404059659468, -0.09156228573262759, 0.0124754486323745, 0.0007670080388356517, 0.012422661152997104, -0.00012266847781730277, 6.732646929413124e-05, 5.0842922140986785e-05, -6.224228864411495e-06, -1.4245107078751858e-06, -3.607111167481075e-06, 2.3593412744477826e-07, 9.139422040447921e-07, -1.838660605942759e-07, -0.01747311327580857, -0.0031111366813457693, -0.005123989722761483, -0.005773080648533411, -0.0010176304896062237, -0.0016468345889560719, 0.09291570720184196, 0.019566516807882264, 0.08648438222151689, 0.0005362649200770197, 0.00071903346694384, -0.0001476587288789424, 0.0012771651844573782, 0.00013843191669634988, -0.0004696146365400809, -1.9831493855493496e-07, 3.9372270673356757e-07, -3.873427760233527e-06, -1.4992589255351151e-06, -1.6445157330082418e-07, 2.0718127028720887e-07, -2.501018062515158e-06, 1.4205710351695748e-06, -3.3983511432369527e-06, 3.832128137192853e-06, -3.242277553740047e-07, 1.5516602986263384e-06, -3.7354883727505506e-06, 1.926613833433069e-06, 8.925396984801119e-07, 2.893034367665007e-06, -1.1469018769176624e-06, -8.525884445430809e-07, -1.6739114872414404e-06, 2.5977309292229034e-07, 1.7610764189366664e-06]]}, "dipole": {"__ndarray__": [[3], "float64", [0.0017821226561641143, -0.0015852351580296613, 0.0064586304865659585]]}}