{"forces": {"__ndarray__": [[17, 3], "float64", [-2.0593578668947992e-05, -7.93472873074037e-06, 1.2221320505438425e-06, 1.4989736242244086e-05, 5.685680747683309e-05, 5.9739177891486066e-06, 0.014217366998302656, 0.011608767520750431, 0.005519069166275211, -0.022768037834170547, -0.0854699800162648, -0.00882896330735198, -0.02879133408004153, 0.5285014666704393, -0.011795126383201971, -1.7591116088966017e-06, -2.2680429542787127e-06, -3.100627295657854e-06, 2.2423840018415706e-06, -9.8080457429976e-07, -1.2182439589293578e-06, 1.639970969826968e-06, 4.0550832642042295e-07, 4.072605045059662e-06, 2.401953547460913e-06, 1.6907675290230927e-06, 1.7185043782085481e-06, 7.668617987975359e-07, -3.426245424286783e-06, -2.2781748154414223e-07, 0.00025778654058181637, -0.00011548276687258921, -2.434486160119795e-05, 0.00022458293012655377, -0.00014232826634671145, 0.0002447064612515685, -0.012062582389384839, -0.002109740800635172, -0.0038834419473714596, -0.011450138279289153, -0.002109838048304152, -0.005113691017965362, 0.11630272983655385, -0.20628574905527747, 0.0479893054384411, 0.012360844703430228, -0.12451152011179767, -0.11531576150769533, -0.06829090664239067, -0.1194099383873398, 0.09119980748869284]]}, "dipole": {"__ndarray__": [[3], "float64", [0.0015586715819127029, -0.0016643536735307096, 0.006569684112693791]]}}