{"forces": {"__ndarray__": [[17, 3], "float64", [1.0906275491604708e-05, -5.525489117596451e-06, -2.0757861146980482e-06, 0.0005785423282290213, -0.0002789820070585178, -0.00029465155400896955, 0.0003517138839943699, -0.007814516854362753, -0.010844520852201221, 0.05891109629731858, -0.01883770778590009, -0.02057092384377049, -0.006705901253824639, 0.012043148753159214, 0.016574140995372553, -3.928305568198312e-06, 1.098233573820775e-06, 3.9926600464108366e-08, 4.858703722310043e-05, 9.08474860923014e-06, -2.7680780037939507e-05, -2.952369704257689e-06, 5.178512140762265e-07, 3.771599540736595e-06, 4.022883617008119e-06, 4.669007415550649e-06, 1.6583635792403094e-06, 0.0004240873424915396, -0.00016770746898092147, 0.00021551145249511857, -0.00025550747135656476, -0.0003611342988528746, -4.011164473277406e-06, -2.4822877826539896e-05, -0.0003409500837072719, 0.0003703034414622502, -0.05510621617947324, 0.021055752381950524, 0.02220876194816107, -0.0002986555126067455, -0.006717013816882829, -0.009493964238311012, 0.0011106971933606852, 0.0001785031162689361, 0.0013099016910095899, 2.3652766673069963e-05, 0.00011266201664180606, 0.00010623424721983011, 0.0009346779619612381, 0.0011181016960295851, 0.0004475045534766302]]}, "dipole": {"__ndarray__": [[3], "float64", [0.0017023387281402279, -0.0016132058657284394, 0.006580828953663284]]}}