{"forces": {"__ndarray__": [[17, 3], "float64", [0.051209461226488874, 0.05742303128688248, 0.019679514187200004, 0.008277024168482552, 0.0013490126517107328, 0.004448800821597113, 0.00022725841308821032, -0.0002946170513705515, -0.00012207944630905003, 3.278040726723854e-06, 2.2419454482418162e-06, -9.583863032953189e-07, -2.4843249029938924e-06, 2.879072876601758e-07, -7.739926677275939e-07, 0.012331542924794246, 0.0012430007633027537, 0.004175453107977755, -0.0189724864921917, -0.009982169532979762, -0.007747324978938622, -0.05434978112191765, -0.051218783843471456, -0.019511719168459077, 0.0013284176887548727, 0.001554248582046669, -0.0005489488531366867, -5.0700202700599536e-05, -8.365267955201304e-05, -0.0003723982213601827, -1.45927205478173e-06, 1.2861332592332554e-06, -1.3153212951909553e-06, -9.621114368671214e-07, 1.9151756876827173e-06, -4.4271037919177257e-07, -2.068461636658205e-06, 1.0908271501220928e-06, -3.7378688401846746e-06, 2.0251125515141848e-06, 8.082827644729312e-07, 2.5444712950734955e-06, -1.629760150442655e-06, -1.2052855106378642e-07, 1.7240841604470238e-06, 2.7559305335360332e-06, 5.972098736611144e-07, 1.4042831471039257e-06, -1.9175842797662311e-07, 1.8228705114434948e-06, 2.579923115544107e-07]]}, "dipole": {"__ndarray__": [[3], "float64", [0.0014276574026550225, -0.001520275731335637, 0.0065559642487519115]]}}