{"forces": {"__ndarray__": [[17, 3], "float64", [-2.8978170655973225e-06, -8.265876490146819e-07, 1.3977160642356384e-06, -2.088578666310951e-06, 1.2609746263491842e-06, -3.0363756109077043e-06, 0.00018259045664789747, -6.861465367677993e-05, -0.00032745903452797656, 0.0022884667811119606, 0.001939450505290035, 0.003415201891372953, -0.016048488728643104, 0.12480938883152037, 0.1164517109158322, -6.552955957153537e-07, -1.5718430650259071e-06, -4.663058602408154e-06, -1.8793495391380843e-06, 2.5610346323917154e-06, -2.2758458430452115e-06, 2.4901144978765843e-06, 1.2007373872044329e-06, 4.403016359675737e-06, 5.13977818006538e-06, 1.7850202444200957e-06, 3.4642918462985227e-06, 1.3361045658199204e-06, -7.445360649165915e-07, 1.2549212344997422e-06, -0.0001246822491618804, -5.36680622602469e-06, -5.2942623773929626e-05, -8.877309870832391e-06, 2.0065688577307984e-06, -1.2475790647519194e-05, 0.0001078275365702646, -0.0001980754348320012, 0.0004227258994016372, 0.000954678623878313, 0.001080215639664637, 0.0005801733185881329, -0.0010140552997263757, 0.008193976222043698, 0.014487207413307938, 0.014145566890661838, -0.12328108146735332, -0.12461086369717557, -0.00048447165784491227, -0.01247556420539938, -0.01035382295782727]]}, "dipole": {"__ndarray__": [[3], "float64", [0.0014386133273052368, -0.0016013738307006239, 0.006331572019234194]]}}