{"forces": {"__ndarray__": [[17, 3], "float64", [-0.05374825433723287, 0.020679746998919304, 0.03672907361169883, -0.0006658216698212893, 0.007989322286596432, 0.009625701832431992, -0.0005225425047426593, 0.00021883373341396482, 0.00032293862845807897, -7.900520639336084e-06, -2.0252439102350067e-06, 2.9423768791615737e-06, 6.393509209778536e-06, 7.211110488011177e-07, -6.09683748135716e-07, 0.04675899918092218, -0.020534948317142546, -0.03797207280164193, -0.0002982122032082808, 0.00468717525796518, 0.008483303215574728, 0.00862766467814108, -0.012263775362940226, -0.0177863691746444, -4.894236748421733e-07, -0.0004644629111883154, 0.00020515802115076844, 0.0002671291608818898, -0.00011939594503237431, 0.0003254487778169014, -0.0003724146974127817, -0.0002242543406737155, 6.597542319025086e-05, 3.145419009590405e-09, 2.024749748246433e-06, -1.310177967277691e-06, -4.3743144537703074e-07, 2.4355342469574636e-07, -4.481803252859371e-06, -4.5469460720331875e-05, 3.037703404266033e-05, 2.8920628740081366e-06, -2.674927677005125e-06, 1.573307316039558e-06, 1.137430617411628e-06, 4.435923843552467e-06, -1.73189907791503e-06, -1.1280323786414915e-06, -4.084218418707247e-07, 5.759874901082526e-07, 1.4002929422171748e-06]]}, "dipole": {"__ndarray__": [[3], "float64", [0.0015842708226537817, -0.001651841669767889, 0.00648592555828273]]}}