{"forces": {"__ndarray__": [[17, 3], "float64", [1.1774599370112998e-07, -6.652267678001037e-07, 1.4013357754772586e-07, -8.776064971607461e-07, -1.3218018153012796e-06, -4.4690854049682127e-07, -2.761003669331721e-07, -1.4339444081963152e-06, -1.2052768428285937e-06, -2.4831341936819685e-07, -1.309301007780701e-06, -7.072365210591871e-07, -1.2090025517179939e-06, 3.691556238524415e-07, -2.9417904834209897e-07, -2.1043239706315904e-06, -1.8352997142571852e-07, -1.5879104917922192e-06, 3.9518908743799836e-07, -4.3508711050567773e-07, -1.2262369293189452e-06, -1.802656772415104e-07, 3.151918719994082e-07, 3.5357985913968576e-06, 4.0407386430271896e-06, 2.965472480718393e-06, 2.1566193318418713e-06, 1.8210571122992547e-06, -1.767347402247813e-06, 2.731112407653894e-08, -7.095593288981458e-07, -3.3503685828262686e-08, -2.288896854317543e-06, 9.147466166438979e-08, 1.176583787828197e-06, 1.6749530073241195e-07, -2.2667081381589643e-06, 8.625781766767454e-07, -3.228360588993235e-06, 2.1559545696742107e-06, -1.259825871031337e-07, 2.260717324037742e-06, -2.634449649931881e-06, 8.517368023222235e-07, 1.323699537967101e-06, 2.8204531109908556e-06, -2.6706494592214735e-07, 3.046149364653576e-07, -9.362835784177428e-07, 1.002070958656075e-06, 1.068616093164147e-06]]}, "dipole": {"__ndarray__": [[3], "float64", [0.001610552285543288, -0.0016261472129153807, 0.0065781559560930385]]}}