{"forces": {"__ndarray__": [[17, 3], "float64", [-0.24253646242897192, -0.0481858413065699, -0.08902371161053495, -0.007740883742748107, -0.0032175076567523262, -8.932423563693016e-05, -0.00010692856120624627, -0.00017391343361157323, -1.0271754371355303e-05, -3.5246525703112368e-06, -2.2056841501217773e-06, 1.0753879301355337e-06, 4.436213149548176e-06, 2.173666772856398e-06, 1.5539868866818623e-06, 0.008574803763981783, -0.0007377359270230395, -0.0005851759485116227, -0.006221966576808902, 0.0002237112612709768, -0.0033908718395355866, 0.24993024502515923, 0.053366803993982206, 0.09138322859175603, -0.00045006606155454726, -0.0010767335215362765, 0.0006344905670037205, -0.001449689554289145, -0.0002014032802735469, 0.001079234754795114, -2.3510601000546892e-07, -2.1501912707917134e-08, -3.893079503439534e-06, 2.7808345624705627e-07, -2.434056854112306e-07, 2.1380716766532645e-06, 5.144050070646897e-07, 2.9990902248560004e-06, -5.653404190605886e-07, 5.794424844088126e-06, 5.3216312948438426e-08, 1.693899974448173e-06, -6.135910026398898e-06, 4.423929592615745e-06, -1.3565467768023644e-07, 3.0786935133546187e-06, -2.9141269044738094e-06, -3.1146805566595598e-06, -3.2580149251329814e-06, -1.6453137365027179e-06, 3.648883724846812e-06]]}, "dipole": {"__ndarray__": [[3], "float64", [0.0020646540234158482, -0.0014649856929860358, 0.006667535054558307]]}}