{"forces": {"__ndarray__": [[17, 3], "float64", [-0.0013345518350822943, 0.00014505338312738352, -1.2017765277898149e-05, -0.011607006748485768, 0.013380287300525597, -0.0051868721938874325, -0.10743541439586331, 0.03911926470488843, -0.016631770225620776, 0.4328998536562371, 0.020921789676334013, -0.03594372170628129, -0.14866559930481557, -0.02213468964435636, -0.031149255728681984, -1.0385403277016911e-05, 4.5752132301905016e-07, -1.3095376857838775e-06, -0.0003522936248947811, -0.00010615641343911887, 4.0009329186986524e-05, -3.6813022812354272e-06, -3.2919434084161504e-06, -2.5114719918535006e-06, -3.811066962426964e-05, 0.00011906459127090768, -8.210164239063861e-05, -0.00024172265939379633, -0.00012951358828167963, -0.00025639378959391244, -0.0005907044269692034, 0.0035711185163916754, 0.0019459657515563937, 0.01126892030546521, -0.006677045921546813, -0.0005860181778150992, -0.05858038257490982, 0.021419786299683278, 0.022310078921213467, -0.10650374853246217, -0.06320955688159567, 0.07302902641516142, -0.008446766341902633, -0.00022603788122658937, -0.003409493982419752, 0.007304525641047911, -0.00225980381740262, -0.0037965496362038806, -0.007662931782788628, -0.003930725902287631, -0.00026706455926838417]]}, "dipole": {"__ndarray__": [[3], "float64", [0.001694509872701113, -0.0017056248785978353, 0.006627499940462032]]}}