{"forces": {"__ndarray__": [[17, 3], "float64", [-0.037603865621177054, -0.0336851433029253, 0.11790538155599113, -0.003566246373979344, -0.011381243553519512, -0.47583865728885466, 0.03570134173132586, 0.008697090762969577, 0.08776740420351598, 0.005119388650855682, -0.001423592432296778, 0.0012281281360254329, 0.0002924630497315114, -6.426779949623246e-06, -0.0001786879261315617, -0.010002425006439934, -0.008361165161030295, 0.009810763606734588, -0.000944624801320042, -0.004273562365833865, 0.0029738650771811287, 0.00014092839086687147, 0.0044908270362443254, -0.012651755672991455, 0.035626324932578946, -0.06431977770855082, 0.07440312737332276, -0.029783541807088386, 0.10671023016812431, 0.20022595799093387, 0.016520027327918997, 0.004611370384968112, 0.005065566643596483, -0.011517132290569299, -0.000934515537103722, -0.01118977527747261, -0.00029974973541215314, -0.00016222712738722843, 2.3998333913062347e-05, 0.00032856374960856666, 3.925008351995523e-05, 0.0004514769175254273, -6.860620031626105e-06, 2.3124887523694514e-06, 1.1357979262080763e-06, -1.582409090784158e-06, -2.8607822768775137e-06, -2.208374877240008e-06, -3.0091677771678068e-06, -5.661737039226677e-07, 4.278903662143792e-06]]}, "dipole": {"__ndarray__": [[3], "float64", [0.0017209907878206936, -0.0016458905088836396, 0.006690363639477759]]}}