{"forces": {"__ndarray__": [[17, 3], "float64", [0.09060777235339018, -0.22886394638365556, 0.06351390903071974, -0.00038661068825385437, -0.005737502434427893, 0.004177241686885725, -0.00019107242429770835, -0.00036565812687359034, 3.134178021078995e-05, -0.00010337356791044523, -3.1387173323127914e-05, 2.4193848442258396e-05, 3.736754801087779e-06, -1.6062817117967158e-07, 9.367674424276788e-07, 0.004640285704381093, -0.009119639421482795, 0.00216536649012683, -0.09414079397914428, 0.23458976811886076, -0.07000207117472163, 0.00020108216520135826, 0.009587255681404736, -0.0009853832985522197, 7.953696838368013e-05, -0.00016313414382143737, 0.00029925441535886334, -0.00042321239238595165, -5.8650546483416065e-05, 0.0008345723620795131, -2.042340302178469e-05, -3.630430073035619e-05, -4.4843510478912224e-06, 1.2814744676763236e-06, 9.808850127410931e-07, -1.1585889410769614e-06, -1.1965045749755367e-05, 6.6751378063769855e-06, 4.0017481591402865e-06, -0.00025175808342182656, 0.0001926222799153892, -5.827919378977588e-05, -5.489947203461039e-06, 3.245135964421569e-06, 3.966421804071976e-07, 3.140937347272146e-06, -3.2411514435705353e-06, -2.7016688940377835e-06, -2.1368265824353653e-06, -9.229285511618426e-07, 2.86350434214499e-06]]}, "dipole": {"__ndarray__": [[3], "float64", [0.0017731987887597913, -0.001431458074720143, 0.006445259236300952]]}}