{"forces": {"__ndarray__": [[17, 3], "float64", [0.0006597526408352466, -0.007980391146323604, -0.010206640449232513, 0.060049662181726665, -0.01698835953805077, -0.030777510139117586, -0.00666062176663709, 0.011741560050456552, 0.016469142029097193, 0.00024430826685750766, -4.462664104462836e-06, 0.00029935179927728693, -2.90782173689084e-06, 1.4527605373064379e-06, -4.250100485508473e-06, -0.0002671501574522773, 0.00011633510372756075, -0.0003143421513644732, 2.4751058382238016e-05, 0.00042689885894915854, -0.00026788341098757043, 0.0014512191715462797, -4.970798251155407e-05, -0.0012471948601313597, 0.00026112936774703316, -0.007152505528542824, -0.009521771297134624, -0.0570862909069539, 0.018900232314085216, 0.03473515970730754, 1.0900421377318067e-05, 8.310437619667262e-05, 0.00011319365969704742, 0.0008727576742376929, 0.0010919997583828183, 0.0004928033694067055, 0.00043357865678777857, -0.00018014136460850027, 0.00020617175119471817, 1.4487669966319454e-05, -7.060257522654891e-06, 2.504608438955776e-05, -4.228328205572261e-06, 1.1034210767173074e-06, 2.1990352284764739e-07, 1.699235016449941e-06, -7.671762609486685e-07, -1.2464065324795177e-06, -3.047363494751055e-06, 7.09014513486993e-07, -2.494889066265919e-07]]}, "dipole": {"__ndarray__": [[3], "float64", [0.001727171409041227, -0.001605673982697854, 0.006607847525257224]]}}