{"forces": {"__ndarray__": [[17, 3], "float64", [-0.02933326349622842, 0.06797086007077356, -0.06967156435865078, -0.006263364351343493, 0.01129475768037793, -0.0029520485581485123, 0.0002637057491415502, -0.00020394970974313753, -0.00011156798563293255, 3.949924168196059e-05, 1.8255092754909548e-05, 1.6867614496537808e-05, -1.4509931557596757e-06, 3.8117190175092296e-07, -2.835998776308993e-06, 0.008562665440605683, -0.016838761526964775, 0.011629412144638957, 0.030133011738145074, -0.07164158844487524, 0.06423626080404553, -0.003516372697009473, 0.007902466657933893, -0.0015779950251285006, 0.0001545278910689996, 0.0004698951175734013, 0.00014552798916245816, 0.00027157254667853337, 0.001071418705537936, -0.001852931667398985, -1.718496990962203e-06, -1.9346666065196866e-06, -1.497957563440369e-06, -5.393010453236303e-07, 8.21261043952631e-07, -5.921411048618951e-07, 2.477572029639325e-05, -3.295619441063021e-07, -1.5709410819514303e-05, -0.00033525987069017433, -4.4640598282150316e-05, 0.0001562016222674796, -9.609919012752679e-07, -3.759571354343499e-07, 1.6331369211616932e-06, 3.3921927755087695e-06, 7.633416459551375e-07, 9.467867162084213e-07, -2.2032202894003245e-07, 1.9613660075263603e-06, -1.0699502436467333e-07]]}, "dipole": {"__ndarray__": [[3], "float64", [0.0015335191263502119, -0.0017846721526798442, 0.0064828773112796095]]}}