{"forces": {"__ndarray__": [[17, 3], "float64", [-2.5755397149321066e-05, -6.648167030641146e-07, -1.985290171896824e-06, -0.0003333822031022405, 2.486555678899371e-06, 0.00017680964061739918, -0.006306177235102301, 0.0012037553998449618, -0.0007578494155221756, -0.03211064044329585, -0.010176312812407298, -0.08238545904307257, -0.02298752508575592, -0.015790012543246135, 0.5133236726295779, -2.4217321303366803e-06, -7.583368352763586e-07, -4.078364594964144e-06, 3.457293239817825e-07, 8.090852473693118e-07, -3.776670593203464e-06, 1.6938868247697853e-06, 8.050514777652658e-07, 3.6391215209339514e-06, 7.412321784057613e-06, 2.101045274204486e-06, 2.2077688756201053e-06, 5.829993197672423e-06, -4.982626641134795e-08, 9.452189984378687e-07, 0.000326853535818766, 0.0002436780803696324, -1.9109495657548274e-06, -0.00041587175585844246, 7.781120425404935e-05, -0.00057211048829138, -0.01663999580180984, -0.004217152863156205, -0.00401047041452243, 0.01288783156790409, 0.0016507629787465687, 0.01110784487724889, -0.03635651567769204, 0.044501339672715114, -0.05869489094352698, 0.017214078411236747, -0.11495332887897382, -0.21209523339099084, 0.08473423988580697, 0.09745473100398053, -0.16608735428598656]]}, "dipole": {"__ndarray__": [[3], "float64", [0.0015451145471272075, -0.0015973911385720302, 0.006526531565812531]]}}