{"forces": {"__ndarray__": [[17, 3], "float64", [-0.5011003895385229, 0.022386276669137416, -0.030193458811983057, 0.1082114361199122, 0.03006027449490193, -0.03810677511076709, 0.012345338093335502, 0.00972517891726305, -0.011344066246166695, 0.0013350303934350641, 6.832536827664829e-06, -0.0001596395917539681, 2.4066132963857348e-05, 2.1419207969033026e-05, 2.5856974494520463e-05, 0.053271892276847914, -0.01723785967952018, -0.03415458931199456, 0.09403019405141023, -0.09363917675452506, 0.029247451111381016, 0.24205973998246494, 0.05053116299035428, 0.08191557909357251, -0.011560390321615415, -0.0012443880432278771, 0.006501671142911094, 0.0006230878759129693, -0.0008683238373045086, -0.003969055803483262, 0.00025621012229316094, 0.0002246125887833256, 0.00022237495719056263, 5.5018258319518846e-05, 0.00013576544341758307, -9.71900266393085e-05, 9.358598506385578e-06, 2.820735966623285e-06, -1.7853518708117743e-06, 0.00045621603656573006, -0.00010288851914613374, 0.00011466602116071286, -7.6259955272731875e-06, 2.452146764421879e-06, 2.7043957946719705e-07, -3.253102968412679e-06, -3.3029740960223456e-06, -3.507854648227994e-06, -5.9289833341763025e-06, -8.559235654518937e-07, 2.1983690170513295e-06]]}, "dipole": {"__ndarray__": [[3], "float64", [0.0017872585647365218, -0.0016246454382267425, 0.006625693347480882]]}}