{"forces": {"__ndarray__": [[17, 3], "float64", [-0.000157034671632391, 0.0004767962453988147, -6.573037326247369e-05, 0.005927599074691088, -0.005782723251416324, 0.0012814531628135384, 0.015412321447133863, -0.01650250955417646, 0.07305544951366427, 0.03471445412119158, -0.003167562064720563, -0.5053447285058059, 0.032006437342161624, 0.008323921507464256, 0.08237756756383185, -5.917422507388633e-06, -7.951275967085179e-07, -8.081254888633244e-07, -5.653133871120648e-05, -2.536562688918878e-05, -1.8730342773009255e-05, -1.9844514786146056e-06, 6.78933012218142e-08, 6.457587194302447e-06, 0.00028245588816357267, -0.00011658110303495202, -0.00025998304519019575, 0.0002914948171808272, -0.0003081201697263078, 0.0004692410873327091, -0.010860420766443779, 0.01256783710984375, -0.009915606739189248, 0.00931211157938012, -0.011034939967358276, 0.0018659209742922455, -0.01970931256847162, 0.11327729670667182, 0.201750685688982, -0.07502122453217085, -0.10053025703845397, 0.16243983019746616, 0.0037143723777349003, 0.0002920920247095981, 0.0011514126444204546, 0.016681371649651815, 0.0036062109231658128, 0.0032721535791279035, -0.012530192545872551, -0.0010753685071837398, -0.012064584867415325]]}, "dipole": {"__ndarray__": [[3], "float64", [0.0015656186254754585, -0.0015888204829052853, 0.006603328267009351]]}}