{"forces": {"__ndarray__": [[17, 3], "float64", [1.7386630019349288e-06, 1.2274611038221456e-06, -1.8770693498269183e-06, -1.0391939150727595e-06, -1.2251108840285817e-06, 1.0296587637525734e-06, -0.00016004598215978361, 4.8856351055214955e-05, -7.040763967731324e-05, 0.0002819493878196195, -0.013365516348611401, 0.0002712528094503803, -0.10852946334400819, 0.20595492374493882, -0.04491149558384956, -2.794913889105257e-06, 1.4889006684978304e-06, 1.4351154439868737e-06, 1.2013821755475626e-06, -2.84188057304075e-06, 2.2070041020232684e-08, -3.776955202730567e-06, -6.820267456189306e-07, 2.479231890452701e-06, 3.0064397674697705e-06, 4.967027976640376e-06, 8.197966184013104e-07, 2.0637544964593732e-06, -2.5575614687925195e-06, -2.1414058852478258e-06, 1.0161511253163555e-06, 1.3068587150244767e-06, -1.1640267246750005e-06, 1.9748162245926513e-06, 2.944540548291643e-06, 4.4581977273420294e-07, 0.00017688723572287647, -0.0002756265802498864, 0.00014818335460338542, 0.0002198036489577075, -0.00027648633799853763, 1.8209264651127037e-05, 0.12066036823956448, -0.20869876916596178, 0.049844981221432334, -0.006734779895014481, 0.008471830709312943, -0.0020373056659327296, -0.005918109434665555, 0.008136159418174388, -0.003264466951248853]]}, "dipole": {"__ndarray__": [[3], "float64", [0.001996646649299046, -0.0016821863198688278, 0.006709265716345906]]}}