{"forces": {"__ndarray__": [[14, 3], "float64", [0.11509668196410335, -0.0339700936200939, -0.02964948029439961, -0.43675526662151326, -0.047343884026743215, 0.004441298874058334, 0.1285539411596756, -0.026828893167060757, 0.037581069797838214, 0.010562597043729373, 0.0019479487866021564, 0.008299116306271295, -0.012662922781195993, 9.256264653253659e-05, 0.0039879708749725115, 0.0036007033708389457, -0.0009740685505681741, -0.004556548009774671, 0.00861179485783431, -0.007540332637866125, -0.008288703503073662, 0.07958262930319142, 0.03825283178308889, -0.06252366090460768, 0.1037470208066308, 0.08138898241469902, 0.046002175633907585, -0.0104928675381479, -0.0007328331784735582, -0.0002092288252063076, 0.009566843164844012, -0.004706992648396759, 0.004587432614962453, 2.371950603707153e-05, -3.563759314310309e-05, 0.0003277253014741126, -4.850593428967863e-05, 0.0003333679146953491, 2.3745135260005335e-05, 0.000613631698262241, 0.00011704187672779562, -2.2913001683339475e-05]]}, "dipole": {"__ndarray__": [[3], "float64", [-0.0006968021245931205, 0.008489244578983913, 0.00567232890149842]]}}