{"forces": {"__ndarray__": [[14, 3], "float64", [-0.0930046978203449, -0.08209678132639174, -0.031739137715366225, 0.012918040314364719, 0.012447459596042973, 0.003150082878710097, -1.5430447483356454e-05, 0.0002615550077854102, 1.426461561769176e-05, -0.000362955282290203, 0.000166389230925453, -1.1064956845936998e-05, 0.08946887331160451, 0.09159760174345505, 0.037038661686179704, -0.0019517381982243963, -0.006281526386532699, -0.002359550721656606, -0.005578924295875286, -0.01668860472027805, -0.006296358859234738, -0.0001541309186977544, 0.000374284658498883, 0.0006918692284463379, 6.767801491515049e-05, -6.914491834610154e-05, 8.054747349013572e-05, -1.108453809955493e-05, 2.1887215101880998e-05, -2.6084777718515184e-06, -4.578437533012617e-06, -3.346686489935659e-06, -6.76026378365005e-06, 5.0645317442806215e-06, -9.30530586203864e-07, 8.903142177131853e-06, -0.0013241249943473745, 0.0002636341289120913, -0.0005766365497351501, -5.1991239732663575e-05, 7.522987902538947e-06, 7.788519773307403e-06]]}, "dipole": {"__ndarray__": [[3], "float64", [-0.0007616131442292831, 0.008501800795670611, 0.005723451757472428]]}}