{"forces": {"__ndarray__": [[14, 3], "float64", [0.03871488227915587, 0.12095687717672723, -0.10154169600432456, -0.0009392931882855145, -0.012938608162352934, 0.00931414816947028, 2.6079859377447065e-05, 8.600025040522858e-05, 1.694309001633462e-05, 1.0675906079794116e-06, -1.3668816574573909e-06, -3.6322252858441044e-07, 0.00639157877028326, 0.00869976944159675, -0.01622268799124901, -0.04422404166563202, -0.11866314982999582, 0.1117859461267956, 0.0006538017631062929, 0.001787072156493356, -0.00417185385541584, -9.468004828271652e-05, -9.057281647304149e-05, -0.00014174901150814748, -0.00031102899603033214, 5.89466240458261e-05, 0.0009592168154632103, -0.00023464284651943722, 9.383363237399154e-05, -2.562636266585984e-06, -4.639464395570584e-06, -4.5014186391838823e-07, -6.081662378944159e-06, 3.881793057820016e-06, 1.1839302773882181e-06, 8.396359558121928e-06, 1.9248870769957746e-05, 7.645819737650053e-06, 7.5054766220669805e-06, -2.2147172135415635e-06, 2.818800686020057e-06, -5.161654254015724e-06]]}, "dipole": {"__ndarray__": [[3], "float64", [-0.0007633132817564622, 0.008497511345248905, 0.00580354727625716]]}}