{"forces": {"__ndarray__": [[14, 3], "float64", [0.00015514953681064985, -0.0005644254172303716, 0.00020306769571562305, 0.0007577576164123288, -0.0024219360899322335, 0.005571673267221725, -0.04671788213122366, -0.11839069475247824, 0.1019886835971415, -0.00574340212991674, -0.008467788205494237, 0.011217182147456959, 1.443331243388168e-05, -4.1155932499473975e-05, 2.0557653263827666e-06, 0.0002520486428331725, -9.108677254736344e-05, -1.0597186418099926e-05, -6.39716434748233e-07, 6.099795110316269e-06, 2.147799867278648e-06, 1.3666499017397394e-05, 0.00019921134960055188, 0.0004048528238988703, 0.00037759853688932226, 0.0003087627728854891, -9.391538102949951e-05, 0.04864965900520799, 0.12071471733004116, -0.10778612682545889, 0.004193575060805449, 0.011448952473290025, -0.011215550399196935, -0.0010047565880175013, -0.0004735725535181192, -0.0003250545014687488, -0.0005549245214459868, -0.0021576425327668497, -0.00010621826010563147, -0.0003922831233711874, -6.944146446186716e-05, 0.00014779945704971177]]}, "dipole": {"__ndarray__": [[3], "float64", [-0.0006248719612914328, 0.008475414502812873, 0.0054925710636772665]]}}