{"forces": {"__ndarray__": [[14, 3], "float64", [0.00033439828277880023, 8.273351055215448e-05, 0.0001734989077163725, -4.430360495564735e-05, 9.272376451979089e-05, 0.00021249098742367597, -0.013763929139183267, 0.00511683595424218, 0.008470640051590619, 0.11749627636271177, -0.07166985655787696, -0.07793680866029395, 0.001322593429317377, -0.0002832261239491674, 0.0005640730359817331, 4.900223500212966e-05, 1.5849089295374867e-05, 5.375024144971896e-06, -5.355512332109131e-06, 8.197816497570047e-06, -5.950953878414437e-07, 3.854950195073185e-06, 4.898551059879582e-06, 1.6362534376349387e-05, 3.3750308730219517e-06, -6.557695381750016e-06, -3.142394431620201e-07, -7.4546571180599204e-06, 0.000570647407901318, 8.276292996848749e-05, -6.493093511874596e-05, 5.2288706305124325e-06, -0.0001388785639697648, 0.007870470209708234, -0.011279001861257415, -0.012237448642471938, -0.11583456536176681, 0.08098725679308288, 0.08554090230693237, 0.00264056870988886, -0.0036457295193158138, -0.004752060576568122]]}, "dipole": {"__ndarray__": [[3], "float64", [-0.0004939936538285414, 0.008519709947144976, 0.005781842957444435]]}}