{"forces": {"__ndarray__": [[14, 3], "float64", [-0.012788421638403803, 0.0076901928756333456, -0.003605733451731871, -0.12855569895515792, 0.019696710561810153, -0.04277121706810877, 0.4462624693225994, -0.01586353266257796, -0.048345848123053044, -0.10384449655442723, -0.03730941826563796, -0.020303297325251924, -1.735108289576369e-05, 0.00018934311498225572, 0.00028408842581349926, -0.0006237964726361782, -2.960105343059279e-05, 9.64221639204528e-05, -6.164557623272038e-05, 0.0002682437080537762, -0.000153983278003003, 0.010510408203749828, 0.00048375078340437606, 3.102677892131538e-05, -0.007549079988851451, 0.000267819301047073, -0.005662033431185554, -0.07854274742586927, -0.04726340848292276, 0.05719506204159724, -0.1281923952563237, 0.08243499417897099, 0.06757071235815892, -0.006959012494039471, -0.012171414561993296, -0.004258624513918628, 0.013499536839970011, 0.006518194093958667, 7.58972404462412e-05, -0.0031377689214809657, -0.004911873591298766, -0.000152471817605812]]}, "dipole": {"__ndarray__": [[3], "float64", [-0.0005781965663692297, 0.008450963420854392, 0.005754386929905706]]}}