{"forces": {"__ndarray__": [[14, 3], "float64", [0.09352994759187729, 0.08145749565683544, 0.03190179349422781, -0.012670329411289446, -0.012413571563666213, -0.003320456907794027, 1.9751775571429888e-05, -0.00026557420177400086, -1.6870283379747903e-05, 0.0003838557622982907, -0.00017238723873846392, 1.175528529349713e-05, -0.09017201321428248, -0.09038655924979691, -0.03656448596994267, 0.002003962837677416, 0.006095560119459956, 0.0022740285913991987, 0.005401272432908862, 0.01629150524099452, 0.005888171580908141, 0.00014426900310056758, -0.0003747219922335455, -0.0006899452250004462, -5.941688219607817e-05, 6.164674692583992e-05, -7.593469655017746e-05, 6.000753757484278e-06, -1.3461633633054326e-05, 2.132331551643222e-06, -7.055187364253801e-06, 2.547577257515593e-06, -4.179718756321049e-06, -2.4965876276692535e-06, 2.796708177990362e-06, 5.431353463482675e-06, 0.0013719395012609333, -0.00027921899662212193, 0.0006053059747545962, 5.031162430752074e-05, -6.05717318679684e-06, -1.674581017465637e-05]]}, "dipole": {"__ndarray__": [[3], "float64", [-0.0004894888676345014, 0.00828661657620178, 0.005609781791310697]]}}