{"forces": {"__ndarray__": [[14, 3], "float64", [-0.0001641948018520989, 0.0002845109669788509, -0.0001536957716160515, 0.010190051718816883, 0.009844730331616624, -0.013587848429932456, -0.07853278459977388, -0.04352785473506321, 0.055760191705880854, -0.003206863940701238, -0.0069490045451509885, 0.00909454472292511, -1.1424847319713768e-05, 1.5521594516246264e-05, -6.610490526052085e-06, -0.0003659354688336366, 0.00023673238761677263, 2.986559810745919e-06, -4.716959728018101e-07, 6.4983405035517346e-06, 3.294291202906547e-06, 2.6778985198222313e-05, 1.736176550727307e-05, -7.111016821227906e-05, -0.00045144583640198996, 9.71306180738898e-05, -0.0010743026990108293, 0.07714843007602969, 0.04899871375327959, -0.06100617395701791, -0.003240536980764341, -0.007083017455382155, 0.01120297571394689, -0.0016182381780760393, -0.0011151817862016385, 0.00015019752089592324, 8.20879953497733e-06, -0.00044159429854782786, -0.0003704523277867159, 0.000218426770116047, -0.0003845469377464906, 5.600332943992194e-05]]}, "dipole": {"__ndarray__": [[3], "float64", [-0.0007331546383070982, 0.008460234253638312, 0.005603898690056883]]}}