{"forces": {"__ndarray__": [[14, 3], "float64", [-0.03725034168411634, 0.09828888459749602, 0.026911283455748485, -0.04599903908767601, -0.49264604428636316, 0.009557790845727101, -0.01932140944749155, 0.08336455477359889, -0.010003319616843736, 0.011509561158380895, -0.011959788726512143, 0.008230413183241489, -0.012591029056415171, 0.006901741074193529, 0.008779342312445466, 0.0076616112369300195, -0.01291018471124325, -0.0021543781469655627, -0.003756520585497082, 0.0019536224817447937, 0.00041447243277535303, 0.038503943904249105, 0.12325669847408843, -0.10720700165479691, 0.08115861097707489, 0.19873309735766911, 0.0794049223435948, -0.009767884636616493, 0.0024520199004101693, -0.006360514906938904, -0.01049977545790144, 0.0024216149147953643, -0.0077858232364073935, 4.63612785634104e-05, -1.9123787335578884e-05, 2.212615643952627e-05, 9.843826515476309e-05, 6.611722354320773e-05, 0.00016145594039774784, 0.0002074731353604194, 9.67907139150169e-05, 2.923089158296605e-05]]}, "dipole": {"__ndarray__": [[3], "float64", [-0.0005416220277585357, 0.008408579544647335, 0.00568523219460491]]}}