{"forces": {"__ndarray__": [[14, 3], "float64", [0.03597621086804588, -0.0970489898211728, -0.02706735334482435, 0.04997120635858806, 0.4968934073870407, -0.003650489280692248, 0.019500614169489665, -0.08478695507491, 0.009987926038431042, -0.011417945561068994, 0.012084798620726422, -0.008202729022744909, 0.01227524391285434, -0.006679913590531461, -0.008409442980563136, -0.0075188444302927565, 0.012703381551233479, 0.0022377226051329, 0.0036730539155040405, -0.0019265460806795892, -0.00033171476396748014, -0.03816084637337103, -0.12260640886945418, 0.10413471761736429, -0.08464962328290816, -0.20368295651283108, -0.08291851038620429, 0.009921209353604878, -0.002399335734515057, 0.006562558723430913, 0.010773986979527807, -0.0024072786895362316, 0.007854411961239156, -4.2952967013069674e-05, 2.0680375465768043e-05, -7.291190165354758e-06, -9.429457174228488e-05, -6.976367081173755e-05, -0.0001521984303799828, -0.00020701837121765658, -9.411989002335498e-05, -3.760754605642155e-05]]}, "dipole": {"__ndarray__": [[3], "float64", [-0.0007105328759483509, 0.008382112616861608, 0.0056482398554058375]]}}