{"forces": {"__ndarray__": [[14, 3], "float64", [-0.006375030187783165, 0.00014613981091877892, -0.013553976437882214, 0.03641149664115299, -0.010218163116428062, 0.09963253787243798, 0.05115450456216371, 0.008052683399561753, -0.4921061847481853, 0.021234923671850668, 0.021819010797894948, 0.08246303761405882, -1.8429433171623397e-05, -8.887468372514968e-06, 5.858745750329151e-05, -0.0002228208087521293, 1.6653133969806394e-05, -4.6789619773029815e-05, 4.0489739994001525e-05, 8.743782124761592e-05, -2.3127995553272962e-05, 0.013375873021592731, -0.0052623158455606155, 0.008328409352828277, 0.00743854911761258, -0.0011214093264679144, 0.0037699014922884543, -0.05678680362967348, -0.10520011886845879, 0.1982760949000962, -0.07053704465719404, 0.08554366441035344, 0.1216274335891114, 0.004616084750270835, 0.008080757359626909, 0.002344823877214897, 0.008462777568593488, 0.008752907883021483, 0.002517962714915819, -0.008794570356657158, -0.010688359991306658, -0.013288710069060919]]}, "dipole": {"__ndarray__": [[3], "float64", [-0.0006892576864761606, 0.008360914835354677, 0.005666037433825364]]}}