{"forces": {"__ndarray__": [[14, 3], "float64", [-0.054984073795776515, 0.0627397569304995, -0.0349381431560735, -0.007572942017525215, 0.0019670267330644596, -0.006168854416039886, -0.0002505478937286868, -0.0002652483382719809, 7.909414192668538e-05, 2.4367920672502563e-07, 4.904362099687873e-06, 3.488509734226166e-07, 0.016496273888024608, -0.010516461296883169, 0.011001167812539613, -0.010268470344178866, 0.0018227545205731065, -0.00580458416019612, 0.058039037971962214, -0.05736851448482605, 0.035115519307801234, -0.00014797094502925484, -5.317552419451697e-05, 0.0004207955514374123, -0.0013041930247165276, 0.0016623084519828614, 0.0002952599024930755, -1.360773384018851e-06, 5.846031997283361e-06, -1.3176705145438115e-06, -5.000776172882574e-06, 6.978716409916821e-07, -4.363944561020387e-06, -4.3318663546772106e-07, 1.5361844964377942e-06, 6.060083579440405e-06, 1.900581921646796e-06, -1.940842090223676e-06, 2.1202458292074377e-06, -2.4633639679307938e-06, 5.093999109185434e-07, -3.102549194278544e-06]]}, "dipole": {"__ndarray__": [[3], "float64", [-0.0004385333748371976, 0.008481179276747863, 0.005723070399685369]]}}