{"forces": {"__ndarray__": [[14, 3], "float64", [-0.034729878872911873, 0.030326854124351075, 0.10442867357503165, 0.004501993928614957, 0.004457820215807754, -0.4759598549369241, 0.04276491442064531, -0.015139890697341783, 0.10102574723224964, 0.006935606786004809, 0.001755142920833491, 0.0035493178026284834, -0.0033112483599285264, 0.004347297356947588, 0.0032728269943349854, -0.010742431197291655, 0.009335981280957986, 0.007086288392651297, 0.003793050860848232, -0.006272423711061091, -0.01408952523161768, -0.05795172754234155, -0.0983592011380349, 0.1882642918447398, 0.04240944690306737, 0.07456935392169188, 0.08594487458709235, 0.01372849057849606, -0.005781581242991521, 0.008455387060526605, -0.007650044546366136, 0.0005963743537378661, -0.012163055984737471, 0.00024133469807054706, -4.617111314508711e-05, -0.00023048248661221104, 0.00021743036370547894, -4.459596610847879e-05, 0.0004691211807980877, -0.00020693802061299115, 0.00025503969435569537, -5.361003016268571e-05]]}, "dipole": {"__ndarray__": [[3], "float64", [-0.0005805054924264688, 0.008431621852435222, 0.005783117929459458]]}}