{"forces": {"__ndarray__": [[14, 3], "float64", [0.012105835912484804, 0.011992205120877618, 0.005138762329096806, -0.10399789734380836, -0.08236506166712694, -0.04241996203351375, -0.0073517440374612514, -0.012407955976790818, -0.007332282631738778, 2.2081568387090582e-05, -6.643354240237287e-05, -0.00033272464356599656, 6.0565143008771004e-05, -3.761086767182413e-05, 0.00010429441737117338, -0.00010280491012950159, 0.0003154782095508761, 0.000629436670134639, -0.0005000102365305487, 0.0013401253035234552, 0.0003959810775171246, -0.002279311113514498, -0.007079776230249062, -0.002273233227036918, 0.1053111678673986, 0.08775793737733446, 0.04781822570195018, -0.00045863449889364203, 0.00037534805556212273, -0.0009744945290057616, -0.0028103105337159455, 0.00017449352713559446, -0.0007629768607082741, 1.2067069447212666e-06, 2.614164027512935e-06, 7.5945894979311726e-06, 2.0263310018073254e-06, -1.5465738204546789e-06, 4.122728255802725e-06, -2.170855172133855e-06, 1.831000495782554e-07, -2.7435882537165585e-06]]}, "dipole": {"__ndarray__": [[3], "float64", [-0.0006676166084652618, 0.008507836693586615, 0.005768917519667042]]}}