{"forces": {"__ndarray__": [[14, 3], "float64", [0.06762956180807711, 0.10795664368432614, -0.2017584541732767, 0.0046979568398049665, 0.002299062134962968, -0.007092501279122496, 8.699610047202846e-05, -0.00026117138494667364, 4.7104010182667204e-05, -1.9443184629207596e-06, -4.58754268344111e-06, -1.9875722548539847e-06, -0.002378183561455205, -0.0027359491705898557, 0.01268221221768774, -0.07400049702843092, -0.11274916439387163, 0.20593256899929593, 0.0029269493274764616, 0.006092043211774492, -0.008207675402918065, 0.0004020030766343904, 0.000144129548554725, -0.00011515000061103952, 0.0006413770932588443, -0.0007382984596011127, -0.0015408486295054836, 5.946492229737174e-08, -5.305652169144183e-06, 5.303305456561624e-05, -4.244806681775276e-06, -2.2449523965056243e-06, -7.646342642516632e-06, 6.122795725181852e-06, 4.292936832435606e-08, 8.864965178590077e-06, -4.731167427275555e-06, 1.611094263705349e-06, 7.923550676481533e-06, -1.4256239130628011e-06, 3.1889530079688267e-06, -7.443397255326612e-06]]}, "dipole": {"__ndarray__": [[3], "float64", [-0.0009423467020911855, 0.008301839427817715, 0.005779133000931139]]}}