{"forces": {"__ndarray__": [[14, 3], "float64", [-0.4941787695534879, -0.026382956188818245, -0.029030034186239468, 0.11727481233887682, -0.03690626085114794, -0.03530471285355559, 0.012791484075994904, -0.009668574143151592, -0.006509107261991819, 0.00144652032430319, -0.00011443928319689361, 0.00010904123916132265, 0.09322470995163418, 0.08884955913540593, 0.035540931830348406, 0.0752933109452728, 0.038272499405633764, -0.06620522589713905, 0.20215355436466248, -0.053574596119691585, 0.10233193227683704, 0.003850123809238675, -0.0015702336137125013, -0.005488712520345154, -0.01239759644574273, 0.0013687193421860718, 0.004177750435988718, 0.0001588223876992471, -0.00016113886449936417, 0.0002874277085478408, 2.9352718059592807e-05, -0.00016092944814826443, -7.627842995299915e-05, 6.995380639243209e-07, -3.060003058730968e-06, 1.1018017750882367e-05, 0.00034837051332184773, 5.406746098460735e-05, 0.00015597795460473848, 4.605032103360295e-06, -2.6568287843793407e-06, -8.314015997540558e-09]]}, "dipole": {"__ndarray__": [[3], "float64", [-0.0004741798875033901, 0.008389011037973316, 0.0057269146876475375]]}}