{"forces": {"__ndarray__": [[14, 3], "float64", [-3.738598635928182e-06, -4.726237014388263e-06, -7.360459755124996e-06, -0.00031523707199601956, -1.77031764615548e-05, 0.00023855966099270478, -0.004473209099682804, -0.0004313953563428556, -0.0023761757329643558, -0.10263131009471614, 0.043531659346490205, -0.10756996673411783, -1.143882177798844e-06, -7.095056766598246e-07, -3.804422374497577e-06, 3.047356412956874e-06, -2.869139768083567e-06, 1.218332984367852e-06, -3.988396627181313e-06, 8.731511602537218e-06, 5.806458220129785e-07, -1.8887429511208105e-07, 1.9154194218746047e-06, 5.279193759667073e-07, 4.533038512537252e-06, -5.98864643186045e-06, 8.354266029935656e-07, 0.00014678253977491487, -0.00033561216041105184, 0.00024659370763431944, -0.0009475669967876059, -0.0009647091814642023, -0.0012975466810570555, 0.11060846368293316, -0.04392581181965776, 0.10495542337047394, 0.012217285312213567, -0.0031167101188092792, 0.01294995055997972, -0.01460372891492806, 0.005263929064522909, -0.007138835593597877]]}, "dipole": {"__ndarray__": [[3], "float64", [-0.00034184742898917, 0.008376968188159155, 0.005662331842732436]]}}