{"forces": {"__ndarray__": [[14, 3], "float64", [-0.00016304280946307585, 0.000572906669293199, -0.00021428132188198285, -0.0007062485263817404, 0.0024298802217876826, -0.005721634912420312, 0.04737204392732817, 0.11889947672656248, -0.10398134999089119, 0.006099572101150379, 0.008729097905911204, -0.011636727949904255, -2.09254884109608e-05, 3.811583596668992e-05, -9.260368038564122e-06, -0.00024831967728459916, 8.789608242714096e-05, 9.699942011863948e-06, -2.0259268113040093e-06, 9.194212026056557e-06, 2.3096071254821542e-06, -1.9191525659712125e-05, -0.00020315761745382855, -0.0004122700858116525, -0.00037356135019203353, -0.0003208655158538561, 0.00010766184278233105, -0.04977564997238701, -0.12116613516871899, 0.11007280127683572, -0.0041605384208641604, -0.011839819062462027, 0.011477422248789924, 0.0010198067194519323, 0.00047597358601969965, 0.00034976331632914675, 0.0005759083379389299, 0.0022150073632214483, 0.00011642733474711252, 0.0004021726115855884, 7.242876127279362e-05, -0.00016056093967398245]]}, "dipole": {"__ndarray__": [[3], "float64", [-0.0006266255900528873, 0.008318483622983269, 0.005841140158114545]]}}