{"forces": {"__ndarray__": [[14, 3], "float64", [0.035753183177288005, 0.07884231537581683, 0.07850716687050537, 0.004005468981390561, 0.00842259103022075, 0.0032731686170512897, -0.0002761552246743546, -0.0002400312344100647, 6.162381243295567e-05, 3.391734529283558e-05, -6.4391721828132315e-06, -2.5297946411605964e-05, -0.03673700420709424, -0.08330249087414432, -0.07432525341928004, -0.007225008835462702, -0.01595160015445235, -0.012235555786093186, 0.004472861050894537, 0.010833762696487122, 0.003294676992782686, -0.00047930892419727905, 0.0010451503349365545, 0.0016068322237315275, -0.00010282520069442087, 0.00046709421452099963, -0.00019704415476610093, 5.379738398262435e-07, -1.2688363634814973e-06, -5.541721331945858e-07, -5.762088152576062e-06, 1.1534793054843837e-07, -4.099035380651876e-06, -2.458796097101064e-07, 1.4052926696074161e-06, 7.483238849623784e-06, 0.0005812702322728062, -0.00010990418756198547, 3.5666616886591716e-05, -2.0928401093236627e-05, -6.99833467294089e-07, 1.1861418245947324e-06]]}, "dipole": {"__ndarray__": [[3], "float64", [-0.0005711562210230678, 0.008214000314099865, 0.005758274665929024]]}}