{"forces": {"__ndarray__": [[14, 3], "float64", [-0.20260295921568613, 0.0516662520150821, -0.10930412198233813, -0.00859881263794677, 0.0036254488708100997, -0.0036789174790896515, -5.3976251309800165e-05, 0.00020488176835952056, -4.182513130389443e-05, 3.264725444796924e-06, 2.3932239372862054e-06, 3.909213777267013e-06, -0.005427819492157484, 0.0004127768143170019, -0.0045112992899756284, 0.011909980535814917, -0.0006015869302966235, 0.0027605115029682363, 0.20708840319056993, -0.05677657240032341, 0.11344221457144084, -0.0018158122577583956, 0.0003400957771465376, 0.0008156265363500458, -0.0004958073154893339, 0.0011243537976638675, 0.0005125443848224692, -1.6374502997463673e-06, 4.993240539775598e-06, -1.9020866731535194e-06, -6.035436414642383e-06, 1.5301212317646643e-06, -3.0253980003115364e-06, -2.62540970285736e-06, 2.0092312833842585e-06, 4.516666828595108e-06, 5.322861133719146e-06, -4.067487821942507e-06, 1.6781733796672288e-06, -1.4858461979967234e-06, -2.5080419291926923e-06, 9.031781406104328e-08]]}, "dipole": {"__ndarray__": [[3], "float64", [-0.0003036266968642925, 0.00822432026233684, 0.005820830639525026]]}}