{"forces": {"__ndarray__": [[14, 3], "float64", [-0.035542337460222916, -0.0788675654050825, -0.0781726776144643, -0.004082600467633413, -0.008764994016761054, -0.00325758823410878, 0.0002848410410117432, 0.00024596101260480533, -6.419100554889062e-05, -2.9558995443453894e-05, 8.251477041915552e-06, 2.5019152943921578e-05, 0.03686054103014654, 0.0839226152938038, 0.07358679790709115, 0.007189971791866903, 0.015992375430117983, 0.01261822181172711, -0.0047198836355009394, -0.011094888558971096, -0.003255010348873827, 0.0004927333682812234, -0.0010716024209003552, -0.001638405108605407, 0.00011414372221241904, -0.00048697804454272573, 0.00020192594983697992, -5.681994853813337e-06, 1.0043492113563558e-05, -1.9711642640261987e-08, -5.906261554205507e-06, -8.940327835685788e-07, -6.841116929470649e-06, 2.7411137608721672e-06, 4.830479763335485e-07, 6.84377562163677e-06, -0.0005763008514243249, 0.00010468490939933099, -3.454130883024227e-05, 1.7297599353139405e-05, 2.507815983482192e-06, -9.534148217751205e-06]]}, "dipole": {"__ndarray__": [[3], "float64", [-0.0006786821949238165, 0.008574736702313525, 0.005572835638683322]]}}