{"forces": {"__ndarray__": [[14, 3], "float64", [0.03501020619373559, -0.01925354644449513, 0.5056466631613573, 0.030457283484238037, -0.027613875179227625, -0.10449844790390621, -0.0034894338924425163, 0.005522628498923186, 0.013745570213802115, -0.00025644382782322433, 9.90378085155982e-05, 3.7959332641683736e-05, -0.031846382664343933, -0.07657187296640044, -0.07803671777380682, 0.06687902722873082, 0.09840829079572173, -0.19689934848226845, -0.11311415568021692, 0.03473663687368525, -0.12796944978860159, 0.011578589676426939, -0.009223071510491983, -0.008011830406067254, 0.005178457464811778, -0.006223154495661182, -0.004021043656675515, -0.00015096615474966807, 0.00021320284712721222, 3.654049386607297e-05, -6.626267223190943e-05, -5.353094436283858e-05, 2.598852758036427e-05, 1.3076997069458613e-06, 1.6548334484794152e-06, 2.5184125012612074e-06, -0.000177362647516936, -4.0310663570168694e-05, -5.6814530544431374e-05, -3.864208324705919e-06, -2.089453212909385e-06, -1.5875998795315165e-06]]}, "dipole": {"__ndarray__": [[3], "float64", [-0.0005506679206947324, 0.008388925615692447, 0.0056553165327399325]]}}