{"forces": {"__ndarray__": [[14, 3], "float64", [-0.00010612638504064111, 0.0004615453127168193, 3.905758207387795e-05, -0.008278242747929376, -0.008298253337687961, -0.003535444366136275, -0.02037265980672926, -0.024851938588778072, -0.08248911007228864, -0.012070242269558443, -0.024095117940256424, 0.5207388607230641, -1.3530134756929744e-05, -1.1868019296600685e-05, 2.181086857401395e-05, 7.528976165661687e-06, -1.3981898682207462e-06, -2.31014620782849e-06, 2.764322183268708e-06, 7.173200868875258e-06, -4.825141146215354e-07, -0.000269327251542675, -0.00027709992588599114, -0.0005913423032321712, -0.0003362046158852901, -0.00013575663570750905, 0.00019225360465019762, 0.00920192374902472, 0.01140426908226198, 0.012353313264237938, -0.00734112949622376, -0.009316991219940734, -0.0029109801844911846, -0.10082690778828848, 0.03908164571109766, -0.10730990427605962, 0.07627949213253689, -0.09387344484732066, -0.13921326270790185, 0.06412266131604503, 0.10990723539779679, -0.19729245947216753]]}, "dipole": {"__ndarray__": [[3], "float64", [-0.0006908053787759116, 0.00842858121462718, 0.005611734825447747]]}}