{"forces": {"__ndarray__": [[14, 3], "float64", [0.00011863649632252277, 0.00028157709152145673, 9.675823650874058e-05, -0.0019658162793766863, 0.012165846647286309, -0.0017861184130512355, -0.038526296698572715, -0.13262448212698724, -0.022165488354395343, -0.03519281359661615, 0.48406877242083934, -0.019578591690315773, 0.00016572644348668834, -5.1631361046821076e-05, 3.830395572637988e-06, 7.190544057561129e-06, 2.8006372480386856e-07, -5.490272465873025e-06, 5.867258671808204e-07, 3.2613241979820792e-06, 3.3648301257918317e-06, 1.5414848645267092e-05, 3.91817393703527e-05, -4.662164620831001e-05, -6.408861243403086e-05, -4.843415934962561e-05, 9.103320785197617e-06, -0.007244146517421636, -0.008704215039884678, -0.001833731413076238, -0.0066250423550292, -0.010366140095418632, -0.006103808614558784, 0.06866171620779744, -0.0810105299004148, 0.0436453588620285, 0.06986232781184594, -0.13769702474730536, -0.09237754267501948, -0.049213395018571506, -0.12605646185653227, 0.10013897743406966]]}, "dipole": {"__ndarray__": [[3], "float64", [-0.0007438747092078842, 0.008387749864695067, 0.005635683506774711]]}}