{"forces": {"__ndarray__": [[14, 3], "float64", [0.012555031391023918, -0.007502269282663544, 0.0034099324466147175, 0.1255379447702597, -0.019122360827184298, 0.041571583203577754, -0.4457947124917484, 0.015747353689841734, 0.05183352531130728, 0.10562762675585304, 0.038491716637086934, 0.020065156811973583, 1.7554211487612323e-05, -0.00017602880092460415, -0.00027719002062446, 0.0006038236949076546, 2.044249820446766e-05, -8.097990403581088e-05, 4.582193100668877e-05, -0.00024138564668945412, 0.00014698614545256584, -0.010197237179038107, -0.00047228049621744067, 4.6811515655377166e-06, 0.007383079139341536, -0.00021126239825611289, 0.005460740574430241, 0.07819346283023157, 0.04682805029959097, -0.056931401607230085, 0.1294330008162625, -0.08436788401836708, -0.06996990272524037, 0.0071747293900023415, 0.01255290806567307, 0.00453240548471748, -0.013742727777726997, -0.006605628109732528, 2.7645229538975457e-05, 0.003162602518137223, 0.005058628389638508, 0.0002068178979528175]]}, "dipole": {"__ndarray__": [[3], "float64", [-0.0006747915851715132, 0.008342888786954687, 0.005578123659027749]]}}