{"forces": {"__ndarray__": [[14, 3], "float64", [-0.11729261493185685, 0.0344606289793822, 0.031024902767534734, 0.4360418360875089, 0.048554871033147505, -0.00711091475467591, -0.1255397115566109, 0.026306582983213554, -0.03630869826693496, -0.010394858852075117, -0.0019965800235522122, -0.008080897275587768, 0.012927257198719415, -3.6944269409486315e-05, -0.004101990030743216, -0.0036516131427639467, 0.0010665410931826663, 0.004670890540815628, -0.008907125268415273, 0.00791387907943268, 0.008552353679723589, -0.07922635435139087, -0.03778622335640985, 0.06220415969112836, -0.10424023336587968, -0.08334770263420535, -0.04633179307593333, 0.01017127759207492, 0.0007316902365192376, 0.00017747748299547063, -0.009327538168280507, 0.004521962353712792, -0.0043934169703113935, -1.0458011257033182e-05, 3.353031042989105e-05, -0.0002980647402154307, 4.247897898885913e-05, -0.00032076198288897987, -1.0085592582072978e-05, -0.0005923422087627661, -0.00010147380255497961, 6.0765447851986575e-06]]}, "dipole": {"__ndarray__": [[3], "float64", [-0.0005532384590035114, 0.008302569230655286, 0.005665205324983503]]}}