{"forces": {"__ndarray__": [[14, 3], "float64", [-0.07574567007220553, -0.04269711156893034, 0.06845854750073797, -0.0036093581432913736, -0.007532241467821663, 0.010320326081021526, -0.0006014672294205668, -0.00014730600814101427, 0.00022189791867456503, -3.30036439734583e-06, 3.957703823036179e-06, 3.410933108292511e-06, -0.0020162163941264168, -0.004555996375045422, 0.0071149809734273135, 0.07037746088023715, 0.043670552585914, -0.07230063045768724, 0.011969722578896792, 0.01034369863809299, -0.014616999999566787, 0.00014566095454680782, 9.245267481116181e-05, 0.00039893915128937763, -0.00010746963004255972, 0.0006005545146370204, 0.0004224971338509137, -0.0003609735161813667, 0.0002501067938944732, -1.1038937763040713e-05, -6.133048556895253e-06, -6.386105769603217e-07, -6.250415752376609e-06, 1.4803124635862608e-06, 1.3759836346515057e-06, 6.324942196451261e-06, -4.374817692471555e-05, -3.0037667185207e-05, -7.766234549847506e-06, 1.1849002427456242e-08, 6.328028930091107e-07, -4.238588986370208e-06]]}, "dipole": {"__ndarray__": [[3], "float64", [-0.0005837004527465036, 0.008435201742515034, 0.00553111061647242]]}}