{"forces": {"__ndarray__": [[14, 3], "float64", [-6.384987444496221e-06, -8.084198766233627e-06, -4.663524695889986e-06, -0.0006113527814263791, -0.00021469995541223413, 0.0002037103786702352, -0.0031423933540340966, -0.0065787694710284375, 0.008906782918445693, -0.07403840984871901, -0.04949020811173119, 0.06262852725110725, -5.503293323676133e-05, 1.3907760196305957e-05, 1.593498383127908e-05, 5.641059289996666e-06, -1.2030724226977272e-06, -1.1660897745650109e-07, -1.0135869005029347e-06, 8.308941271094695e-06, 1.6389576077300115e-06, -0.00031689156889373727, -0.00011746397707243808, -0.0002476348646675006, 3.6288813001749814e-06, -3.195409906411067e-06, 2.0809301894159046e-06, 0.0002214090101747493, -0.00039867476267972966, 6.269088252974243e-05, 3.321079097934408e-05, -0.0004027833147759167, -0.00043741524757172156, 0.0123567294841622, 0.01088686043813116, -0.01435335940488615, -0.0026134247271828947, -0.007163597054231902, 0.00881585647405, 0.06816428456193205, 0.053469602188429104, -0.06559403312563265]]}, "dipole": {"__ndarray__": [[3], "float64", [-0.0006037911541865236, 0.008518956696177306, 0.0055966969785702855]]}}