{"forces": {"__ndarray__": [[14, 3], "float64", [-3.4991015621223573e-06, 2.521849579197229e-07, 3.3534760988408175e-07, 0.00011159919513263126, 9.27126155241568e-05, 0.000245099420062984, 0.004826265792089198, 0.007721051412553526, -0.010513959528348441, 0.0491278266913966, 0.12644865774472994, -0.10639148254332148, -9.58392393200646e-06, -7.69644552852047e-06, -5.123719788346865e-06, 4.133094139580926e-06, 2.610598169222246e-07, -2.712166494729579e-06, 2.109228309218229e-06, 7.256578074098928e-06, 3.794749909394297e-06, 0.00012065687168532037, -8.093339238540645e-06, 9.324300613949434e-05, 4.8197488120098445e-06, -1.832609276873265e-06, 3.038585271547375e-06, 0.0003819786378594811, 7.469441678188623e-05, -0.00015028306016987095, 0.0004887403173524068, 0.001988777923390125, 6.0986382518237654e-05, 0.001174092703521894, 0.002843978377591352, -0.004989771417917356, -0.0035913998637032546, -0.01368681728657363, 0.010628354515802125, -0.05263773939110067, -0.12547320263280176, 0.11101848042872625]]}, "dipole": {"__ndarray__": [[3], "float64", [-0.0008765018679292877, 0.008354330023863177, 0.005792984092287684]]}}