{"forces": {"__ndarray__": [[14, 3], "float64", [6.644094532181286e-05, -0.00016677153363511387, 2.814367593547152e-05, -0.004510222777697126, 0.007715558514628198, 0.011910783665393892, 0.06823617916094694, -0.08018729657970036, -0.1218357507486812, 0.001337996538611878, -0.005897918528405126, -0.00291589915493076, -4.166140392699512e-06, -1.5943650516255208e-06, -4.85266757242221e-06, 3.0925647096021668e-06, -1.0221290521876926e-06, -2.635137718795366e-06, 1.124066129317261e-06, 6.547397090722145e-06, 2.5948081007841076e-06, -0.0006150186408919724, 0.0008308775155043563, -6.54797027663853e-05, -0.0007648238265528014, 0.0001265694607069767, 8.389518051817496e-05, 0.011123259083426528, -0.01121083543934014, -0.009805052359723926, -0.07390191305689219, 0.09045768351162828, 0.1234205572984456, -0.0006798441074498966, -0.001119214900706329, -0.0012670879262611492, 0.0001338317648407977, -0.00048308051136299556, 0.00017164082721282886, -0.0004259355741094345, -6.950241230537639e-05, 0.00027914224204888865]]}, "dipole": {"__ndarray__": [[3], "float64", [-0.0007280626751775861, 0.008545471008483038, 0.005609150721494826]]}}