{"forces": {"__ndarray__": [[14, 3], "float64", [-6.665566429295873e-05, 0.00016155180305739192, -3.37274002538719e-05, 0.004464425191116207, -0.007924316702273794, -0.012187729759627357, -0.06927493635492478, 0.08206601009473087, 0.12209254984899715, -0.0014414181003141702, 0.006048326326858675, 0.002935032466386653, -1.5858434128896032e-06, -2.7518386171439057e-06, -2.110345673550831e-06, 4.659156344251737e-06, -2.249537118143425e-06, 1.700250652410666e-06, -3.785255462719857e-06, 8.729375938443338e-06, 1.8659169131480483e-06, 0.0006071295267339969, -0.0008251110514549671, 7.457846848728558e-05, 0.0007759419230502967, -0.00013530006837609475, -7.170292835121746e-05, -0.011651389404766888, 0.01148298172434751, 0.010122782469970107, 0.07559052893626884, -0.09257854812220631, -0.12377338328391459, 0.000699598432446292, 0.0011445994916616617, 0.0012993871679589345, -0.00013275843767152805, 0.0004917996633603519, -0.0001672593866894576, 0.0004302458948870494, 6.427884009134405e-05, -0.0002919834848554287]]}, "dipole": {"__ndarray__": [[3], "float64", [-0.0005247889136808351, 0.008247623728663497, 0.005727261362402934]]}}