{"forces": {"__ndarray__": [[14, 3], "float64", [0.009410350334105292, -0.0030266924026603405, 0.005434865153126187, 0.026426597923299093, -0.08345850268677732, 0.015198106974787738, -0.017681420992356655, 0.4719268543598504, -0.005244837181589395, -0.04186124894107996, -0.12977857649549465, -0.024542038598546163, 0.00025660198574561964, -0.000393801709105931, 0.00023945400205652143, -0.00014330352939739108, -8.634297237239432e-05, -0.0002528140048700895, 0.00020137983105682864, 0.0002737287311920858, -3.1221471772587675e-05, 0.009720850206224855, -0.0023781468010308825, 0.006523554184301693, -0.012593757377077776, 0.011335814032446432, -0.008104947936410553, -0.043693043133023066, -0.11924147450186715, 0.09922997134502246, 0.08128421085177512, -0.14174410347828847, -0.08208980439323961, 1.7125895854968515e-05, 0.012547679272168944, -0.0004528219649826547, -0.005045422563550891, -0.008241925223717443, -0.004134304648883386, -0.0062989204915749435, -0.007734510124342377, -0.0017731614590007446]]}, "dipole": {"__ndarray__": [[3], "float64", [-0.0005344147321149653, 0.00828873325685338, 0.005689416154278736]]}}