{"forces": {"__ndarray__": [[14, 3], "float64", [-0.00034710106727244363, -9.173815502956432e-05, -0.00018620927477864125, 4.640622862205129e-05, -0.00010001028175915495, -0.0002146396330884696, 0.013477765136334498, -0.005209191067693271, -0.008324252793137322, -0.11741365556348078, 0.07069554391771112, 0.07636455077857245, -0.0013734709884548255, 0.0002896319134834375, -0.000593846074639739, -4.2885148193559624e-05, -1.987540988328984e-05, -6.550844237721421e-06, 2.6233718968063727e-06, 7.074386473726813e-06, 5.012737105342516e-06, -7.228301952429712e-06, -3.758868996301833e-06, -1.1466395581101492e-05, 4.763449595092041e-06, -1.664714812765917e-06, 4.450690961809683e-06, 9.372187851096226e-06, -0.000559903094224855, -8.289328698960387e-05, 5.256948165679666e-05, -5.233902538777505e-06, 0.00012774037722275338, -0.007593684094626627, 0.010741923234056469, 0.011966097078541262, 0.11583521331823124, -0.07923390232502622, -0.0836594541479172, -0.002650688010206881, 0.003491104368239943, 0.0046114607879657096]]}, "dipole": {"__ndarray__": [[3], "float64", [-0.0007569243702570186, 0.0082705965158965, 0.0055503399182392785]]}}