{"forces": {"__ndarray__": [[14, 3], "float64", [-5.4406079631371186e-05, 4.607103536339186e-07, -4.0795477462541975e-05, -0.0003289232314616566, -7.045670267452751e-05, 4.76487527452879e-05, 0.0066837431642123015, -0.008498168783776896, -0.008851473026843972, 0.07817963774577033, -0.1393188582514664, -0.09673731585130119, 0.00027102731496631764, 0.0001429933734031818, 0.00010475378011208667, -2.4440503194525703e-05, -1.1616451396378008e-05, 3.4826664305855426e-06, -3.1192450582619224e-06, 7.293274917363909e-06, 1.5394582396519152e-06, -5.2172355431243695e-06, -1.128903756715674e-06, -9.289743191794881e-06, 4.81870340429767e-06, -5.055692477069862e-06, 2.063558918852082e-06, -0.00044725575899190467, -0.002213018093328753, -0.00033149950088756246, -4.012277609132605e-05, -0.00013926148529480435, -0.0005003794976752507, 0.004130032541582515, -0.003130173824726247, -0.0032583365573245378, -0.08115794621833176, 0.13910404414499483, 0.10262637083588944, -0.007207828421631828, 0.01413294668522947, 0.00694323060235155]]}, "dipole": {"__ndarray__": [[3], "float64", [-0.000566000702069372, 0.008444094042399345, 0.005901812375674299]]}}