{"forces": {"__ndarray__": [[14, 3], "float64", [0.00014851812600225067, 5.110596063113527e-05, 5.704231214419136e-05, 1.8213244250091866e-05, 0.00015159348400888364, 0.00045093770894308734, 2.5323626151895644e-05, 0.004181636958389817, 0.002501375818907254, -0.08034548244197154, 0.09224821049006687, 0.1395371715430704, 0.0005866566914482372, -0.0001344462768138776, 3.402333199900378e-05, 1.4904416889199133e-05, 2.901646405846052e-06, -5.35882219343393e-06, 3.586982752788445e-08, 6.740345775913705e-06, 3.340601933629647e-06, 1.2216923401955175e-05, 1.0906199780799326e-05, 4.2421021091077336e-05, 2.989443057405573e-06, -5.162999783524593e-06, 2.6680315988584274e-06, 0.0003708680862953123, 0.00012079182324075583, -0.000276722877306554, -0.00010473995969033266, 0.0003210190727932426, -0.00017111636847431437, 0.0042659037206745866, -0.007728266462268182, -0.012572928156020634, 0.08343478080296837, -0.09978335683178814, -0.13876755492699921, -0.008430188549304872, 0.01055632658956037, 0.009164700781306698]]}, "dipole": {"__ndarray__": [[3], "float64", [-0.0006871551509117365, 0.008214614455714085, 0.0056138548495983055]]}}