{"forces": {"__ndarray__": [[14, 3], "float64", [0.2073457410689581, -0.05375921154215768, 0.11365445233910296, 0.008922350254421072, -0.0038088674890383568, 0.003974176003091225, 5.2962145746174744e-05, -0.0002106535425757286, 4.2082681591141676e-05, 2.5611955244329363e-06, -1.351822802376092e-06, -4.25967002286644e-06, 0.0055527709837477355, -0.0005384417989106692, 0.004682495366745248, -0.012405844098687497, 0.0006180904619719083, -0.002913258928838271, -0.21182272955529524, 0.059188591890293595, -0.11808021355315357, 0.0018590999098496556, -0.00034827377358745377, -0.0008339115201246965, 0.0005016977285275377, -0.001144917354099865, -0.0005207142810001757, -3.4258198447669247e-06, 3.605570011478263e-06, 1.4290711044487966e-06, -5.628401773916409e-06, -2.330890367642673e-06, -7.935089558500885e-06, 5.165662637880698e-06, -1.3083898103079945e-07, 9.847465353805702e-06, -2.6557028297747842e-06, -4.811501412834434e-07, 4.432808749914119e-06, -2.065370982265313e-06, 4.372280384539201e-06, -8.622693039697855e-06]]}, "dipole": {"__ndarray__": [[3], "float64", [-0.0009490689353035145, 0.00856916125253861, 0.005511578556218941]]}}