{"forces": {"__ndarray__": [[14, 3], "float64", [-0.10357628893840541, 0.030557808649402808, -0.12732100307329494, 0.008374534775643325, -0.000442488299301193, 0.013821388474826153, -0.00014939329804690188, -3.1690829463500865e-05, 2.49102109794999e-05, -2.059460033789076e-06, 1.6516191128470085e-06, -2.8024671286467986e-06, -0.005987491761157308, 0.0011480239903172375, -0.003272532759489118, -0.014347750846794235, 0.003954452432637955, -0.007945180327224962, 0.1142847956528006, -0.03451843469029353, 0.12472048680159402, 0.0010178615476787848, -0.00016281048763916166, -8.007243170939584e-05, 0.0003939566496131917, -0.0005103455958840391, 5.79119047634026e-05, -1.459942331113514e-06, 4.2435190391240575e-06, -2.2238493568619806e-06, -7.466768401673603e-06, 1.6684054931234958e-06, -5.094415595367716e-06, -9.817721846373537e-07, 1.5660046448968118e-06, 5.5146399728976815e-06, 4.135745285417941e-06, -2.9755998535643693e-06, 1.9024187811972016e-06, -2.39158366596271e-06, -6.691182126220774e-07, -3.2051271175517556e-06]]}, "dipole": {"__ndarray__": [[3], "float64", [-0.00039097524477885496, 0.008315249198155586, 0.005599560874194827]]}}