{"forces": {"__ndarray__": [[14, 3], "float64", [-3.1211727678872694e-05, 0.00033546282143198723, -6.324676065527956e-05, -0.00960535997245725, 0.010893172110968555, 0.007689396112374286, -0.1291824347629409, 0.08059165898781803, 0.07195843954591447, 0.01317009147429358, -0.006496854410448188, -0.0073685298301668384, -1.643900195051755e-06, -3.353794569472625e-06, -3.5533718641265774e-06, 3.4903729625037263e-06, -2.810110895922619e-06, 1.1424270027644404e-06, -1.5269275971623032e-06, 6.778228977511933e-06, 5.923366344436261e-07, -0.000547806156265803, 0.0007902637539040716, -0.0008096246846550527, -0.0028760557535720465, 0.0003177133331186861, -0.0006949869742700106, -0.0032105413475994556, 0.004262329504799748, 0.005779807686283412, 0.13239457103636448, -0.08939590305606802, -0.07560880659907772, -0.00020428205593412546, -0.0007585733157901008, -0.0009226063507220674, 6.051460945373238e-05, -3.673491672411215e-05, 0.00010345908912848184, 3.219511116636709e-05, -0.0005031491365236594, -6.148262592620425e-05]]}, "dipole": {"__ndarray__": [[3], "float64", [-0.0006254248621971713, 0.008234052090508905, 0.005589777794979304]]}}