{"forces": {"__ndarray__": [[14, 3], "float64", [3.124873669440465e-05, -0.00033329675789857513, 5.6397394378630375e-05, 0.009290638645023849, -0.01038576124278498, -0.007472009453363149, 0.12844727745728193, -0.07907727655262405, -0.07039947281522475, -0.012826276519795076, 0.0064936284327116464, 0.007203220461778809, -4.120338981743513e-06, -9.716186047069975e-07, -3.4094975211834724e-06, 4.148368698328722e-06, -4.321593948487749e-07, -2.00537268301921e-06, -1.1208536580320642e-06, 8.478048897812822e-06, 3.853702215967474e-06, 0.0005423538931204384, -0.0007791787098308918, 0.0007985732222684816, 0.0028083774925081184, -0.0003156530909354372, 0.0006743441035021523, 0.0032130026649113113, -0.004096436540349191, -0.005643484743909024, -0.1316080784979327, 0.08718812327791277, 0.07388574337627178, 0.0002020713057275865, 0.000766614176500225, 0.000942444081094036, -5.698659166635238e-05, 3.0333823991908765e-05, -9.691658301368604e-05, -4.2535761931212356e-05, 0.0005018289124080939, 5.27221242053099e-05]]}, "dipole": {"__ndarray__": [[3], "float64", [-0.0006285560948390565, 0.00855813776849607, 0.005744692051542715]]}}