{"forces": {"__ndarray__": [[14, 3], "float64", [-0.0015824360669144434, -0.01205358816003707, 0.009036640470809732, 0.03783310579184521, 0.12279743476784222, -0.09916919769006946, -0.000504667631438759, 0.0023585252752282297, -0.005328270262902121, -0.00019109176502709772, -3.762699484552944e-05, 0.00027355108359449723, -0.0003794117939926719, 0.00012292690716813993, 0.0010577913010035348, -8.873871965247854e-05, -9.146100753160602e-05, -0.00014125509688296006, -0.00034336097337527125, -5.011137915362823e-05, 0.00016360429634048584, -0.04103148143378178, -0.12404753609572344, 0.10980682922934829, 0.006969314739842036, 0.010088519993431674, -0.014560027929161626, -1.8592324383684557e-05, -0.00019438341608678516, -0.0004066450196933681, -0.0007821187588011347, 0.0011145304618044125, -0.0008238886149945507, -1.8967781007712279e-07, 2.4092299127112674e-06, 5.836022554612352e-06, 5.640499403566551e-06, -5.913364625490919e-07, 1.3503074423021903e-05, 0.00011402811408754123, -9.048245545752441e-06, 7.152913562931256e-05]]}, "dipole": {"__ndarray__": [[3], "float64", [-0.0006448558004363028, 0.008475823767406802, 0.00582304447987532]]}}