{"forces": {"__ndarray__": [[14, 3], "float64", [4.0088117562333325e-06, -5.619382195026463e-06, -1.9787664199422524e-06, 3.701597518482716e-05, 1.7748266801825164e-05, 4.731127614151524e-05, -0.012417492290786971, 0.012570533962074769, -0.008020297831657575, 0.061838797194847604, -0.08118233794676934, 0.039097938914770244, -4.754830892932982e-06, -3.1046588019132523e-06, -3.945708774072826e-06, 4.304027140372079e-06, -1.8677440413475526e-06, -1.3724001250769715e-06, -2.425827081851953e-07, 7.04645803454901e-06, 2.8558158048826596e-06, -2.0339115670584917e-06, -8.969381404446458e-07, 2.269934446739002e-06, 5.767749301921577e-06, -3.7105438193781974e-06, 3.5381692661396316e-06, -0.0011421807349123085, -0.00047003985850149836, -0.00011516031777688073, -0.0007743390616687605, -0.0006440420152310957, -0.0011457975219817678, -0.06911949911530375, 0.07572368423996394, -0.04336508977865065, 0.010811383281494447, -0.0031353574911556583, 0.00782997423701793, 0.010759265488114985, -0.0028720363482191463, 0.005669753977938634]]}, "dipole": {"__ndarray__": [[3], "float64", [-0.0007261737514313576, 0.008259833368638734, 0.005613505436111786]]}}