{"forces": {"__ndarray__": [[14, 3], "float64", [0.0038104316139675473, 0.007660248063170107, -0.011149679491587473, 0.0795536990129067, 0.0384111922872898, -0.05919024348641115, -0.010209068922883166, -0.009803282341119478, 0.013594801201883434, 0.0001526073797943111, -1.5727371510376648e-05, 0.00026618732345724653, 0.00014777076198407212, -0.0005820681171383843, -0.0004904315744992103, -0.00014338036031271914, -9.237379448587938e-05, -0.0003911358239144483, 0.0018128143547656676, -0.00013121513299028294, -0.0010001968198455813, -0.07825255495139517, -0.04141604720462968, 0.06578278134183246, 0.002298332467780171, 0.006850637803694895, -0.008356173436214554, -3.103855147681411e-05, -1.1791885170083462e-05, 7.409589772111404e-05, 0.0005397130583881947, -0.0009972711103290333, 0.0006102375429067815, 5.094567676654705e-07, 1.2605993310338452e-06, 5.6403730301046476e-06, 6.843945521581707e-06, 1.244530978685945e-06, 1.729783277757455e-05, 0.0003133207341918416, 0.0001251936729085804, 0.00022681911886459792]]}, "dipole": {"__ndarray__": [[3], "float64", [-0.0005196789446197161, 0.00835632838449543, 0.00575642879125177]]}}