{"forces": {"__ndarray__": [[14, 3], "float64", [-0.027954092778372897, -0.5081710508972275, 0.0180639120305571, -0.03348155918020743, 0.09706269590725802, 0.029808368283884175, -0.007546589496478042, 0.0029953883257890844, 8.91630081048087e-05, 0.00015398205649392409, -0.0002798853913319189, -0.00045565743772788003, 0.08378098315754748, 0.22818615064156306, 0.08082663126562116, 0.04244662181676841, 0.120657781975548, -0.10429966785531417, -0.052610940932517475, 0.06295452846438122, -0.030519379871114024, 0.007640711388144046, -0.012080005654007794, -0.002960547221832253, -0.011908994090605125, 0.008276063957792226, 0.009200195772889233, -0.0002814951059337379, 0.0005654018324933223, 2.9431252647907688e-05, -0.00033543979628153494, -0.00016935304908776038, 0.0001569051564702109, 5.27705180449302e-06, 3.721845220095783e-06, 8.99143402353055e-06, 8.820665855689442e-05, -5.493611883094383e-06, 5.7424668472616695e-05, 3.329251079881302e-06, 4.055653492740297e-06, -5.7704866822868696e-06]]}, "dipole": {"__ndarray__": [[3], "float64", [-0.0007142715703599217, 0.00843217797302344, 0.005618908327942044]]}}