{"forces": {"__ndarray__": [[14, 3], "float64", [0.0013754706662114343, 0.00014841741313390217, 0.00025296770789423666, 0.010397152783536878, 0.011301112669831687, 0.006758010052351853, 0.10386683652209698, 0.04186791942091279, 0.021219747332369115, -0.507621702121855, 0.03822914698871956, 0.007297901748289457, 0.00036311863726542126, -0.00012935049464246487, 2.7739342449532852e-05, 1.0083749324496523e-05, -3.473218075663454e-06, 4.279368682169663e-06, -1.8184548238926316e-06, 5.094384138821399e-06, 7.10729531040744e-06, 0.00014676642961497624, -0.0001905086137199712, 0.00021340926728721988, -1.7250444395803884e-05, 9.849913344487115e-05, 0.00012975799492623855, 0.003184447637038799, 0.0058448978081300325, 0.00026658061661116934, -0.012866686388565099, -0.00725234289519786, -0.0014199930513788617, 0.20944417470999574, -0.0631196208421017, 0.10409399697848383, 0.1171915169857186, -0.07648993516324888, -0.07993539244606085, 0.07452788928883637, 0.049690143408675495, -0.058916112207215834]]}, "dipole": {"__ndarray__": [[3], "float64", [-0.00048773428507986757, 0.008356209594598606, 0.005701585714814251]]}}