{"forces": {"__ndarray__": [[14, 3], "float64", [0.07542147654741399, 0.04254527076666217, -0.06817339274985258, 0.0036428051339661787, 0.0076460366781495705, -0.010757692499756048, 0.0006259225528481396, 0.0001479130476427752, -0.0002318575242722754, 9.828515349681637e-06, -2.7204382450342836e-06, -3.865505202513933e-06, 0.0019392561046188855, 0.004710004605045208, -0.007302742178880782, -0.06966650157473174, -0.043731815942236206, 0.07269161043773942, -0.012341010866831247, -0.010380850012168687, 0.014576990369389455, -0.00015169761570953287, -9.428529795237963e-05, -0.00040532065116868123, 0.00011248373637981754, -0.0006171112081092337, -0.00041758183554302814, 0.0003673514299477126, -0.00025035659659637134, 1.0643887815321393e-05, -5.476142361425876e-06, -1.2867517774129956e-07, -4.683709631628413e-06, 9.73172892616342e-07, 5.2706397731921e-07, 7.980402959898044e-06, 4.8140126983819046e-05, 2.635028042154562e-05, 1.4116895340865768e-05, -3.551120766636868e-06, 1.1657285865114248e-06, -4.205338936722861e-06]]}, "dipole": {"__ndarray__": [[3], "float64", [-0.0006631316783160603, 0.008356901276651939, 0.005800579969834681]]}}