{"forces": {"__ndarray__": [[14, 3], "float64", [0.00014950639222879007, 0.00016022054750596237, -5.4278222831908725e-05, 0.0045724767337225825, -0.0024069844363279564, -0.0005959963309680829, 0.0822857654116301, -0.14006689903643874, -0.08589820482411964, 0.007172971461770091, -0.010051446596310824, -0.008959194296453282, -5.825518439601944e-06, -2.8587596311315013e-06, -3.97685223673532e-06, 3.6146510130707713e-06, -1.5832484821585648e-06, -2.3003373008056863e-06, 5.922348890744631e-07, 6.572566910335721e-06, 4.2724446680021606e-06, 0.000976727503608713, -0.00111424412435808, 0.000539051692378437, 0.0001925757915152128, 0.0003118714061705958, 0.00021797487775812404, -0.006977461981273671, 0.011440398683531425, 0.005989152269185801, -0.08715626550670068, 0.1444923863351269, 0.09028034147913026, -0.0008121528519574444, -0.0006407191671762169, -0.000940237202486909, -3.0798858706187336e-06, -0.0001383207122406926, -0.0003182204078083919, -0.0003994444361359257, -0.0019883934582788435, -0.0002583842889136543]]}, "dipole": {"__ndarray__": [[3], "float64", [-0.0008123868480841876, 0.008509189274149388, 0.0057962036352409]]}}