{"forces": {"__ndarray__": [[14, 3], "float64", [0.0002745835596772357, 1.9573267026715874e-05, -3.806279206849355e-05, -0.00014311888804521608, -0.006324130540916847, 0.008233761328561564, -0.05608890523083149, -0.09611782221742284, 0.19396010173849018, 0.00028260862949154917, 0.001734456822618391, -0.012032993373900503, -4.593291021142009e-07, -9.265759081184594e-06, -3.7267014125602385e-06, 1.5663253689598695e-05, -4.426150922782721e-06, -5.37016455383245e-05, 3.226743900281939e-07, 6.57405418040104e-06, 4.180210066790069e-06, 7.14304219434361e-05, -0.0004046830947024311, 0.0001406538841745418, 0.000972385937884036, -0.00017906502036677972, 0.0015819646266457866, 0.06005321909612705, 0.10689114505056556, -0.20111842386090734, -0.0055946401653449804, -0.00589346882955829, 0.009818862298417053, 0.00013790988577310785, 0.00011245107822956994, -0.000239989403641564, 8.312280887234304e-05, 0.00031932822478081865, -0.00027761698208560973, -6.412265452472686e-05, -0.00015066688443066695, 2.4990673198941457e-05]]}, "dipole": {"__ndarray__": [[3], "float64", [-0.0006135063425252482, 0.008609090587026524, 0.005622892056165753]]}}