{"forces": {"__ndarray__": [[14, 3], "float64", [5.539153996623608e-05, -5.437139072804459e-06, 3.57169487285847e-05, 0.00032489625947099165, 6.543935190764305e-05, -4.296987640968428e-05, -0.006439966839982367, 0.008220394226138558, 0.008385080894884933, -0.07621116727878191, 0.13808676178018836, 0.09450733070067596, -0.0002716371437348671, -0.00015094138643317444, -0.00010982762151954686, 3.193738096376699e-05, 8.369734318090903e-06, -4.362562688485077e-06, 4.669368071184133e-07, 7.983707574420813e-06, 2.9153543392987232e-06, 1.8107277720777782e-06, 2.361225805213538e-06, 1.4317154338698164e-05, 3.349447115525709e-06, -3.165106855037277e-06, 2.0762536832223743e-06, 0.00042781187435036864, 0.0021596379612231313, 0.00032066845565960605, 2.6955795615374132e-05, 0.00013415025589640802, 0.00047456997477442995, -0.004028123819487309, 0.0031070819595458168, 0.0031065031341115357, 0.07908072601403299, -0.13795689648331802, -0.09979549027266149, 0.006997549105892107, -0.013675740086918504, -0.006896528537917367]]}, "dipole": {"__ndarray__": [[3], "float64", [-0.0006857785785376051, 0.008344710494089101, 0.005432675465481308]]}}