{"forces": {"__ndarray__": [[14, 3], "float64", [6.803839056419107e-08, -2.884310808802334e-06, -2.6941363077989743e-06, 2.0212243792334273e-06, -2.3513207152390404e-06, 4.1878964522234656e-07, 6.060760696967671e-07, 8.721001664261646e-07, -6.990810308056453e-07, 2.855795349940439e-06, 5.278484919545688e-07, -1.2198463297286343e-07, -2.8727938998912013e-06, -2.147120270615955e-06, -3.4736590543209156e-06, 3.859620620592397e-06, -1.6463930773792463e-06, -4.4598153627334827e-07, -1.3450111939079735e-06, 7.643690779935697e-06, 2.220360104783361e-06, -1.7106081093223721e-06, 5.832801264924437e-07, 2.47162846100277e-06, 4.083256650924561e-06, -4.102417210736838e-06, 2.0747663032519447e-06, -2.5482604815011813e-06, 4.307479737312264e-06, -2.4700023401474296e-07, -5.832264973951741e-06, -3.928564872038675e-07, -5.466583693205298e-06, 1.2665231743829523e-06, 9.431553837644164e-07, 7.1737086554549865e-06, 1.3191856805829318e-06, -2.270231965318169e-06, 3.031581228058701e-06, -1.7707816569641994e-06, 9.170958489569296e-07, -4.242407907753315e-06]]}, "dipole": {"__ndarray__": [[3], "float64", [-0.0006257166826983045, 0.00839567235432533, 0.00566696654156655]]}}