{"forces": {"__ndarray__": [[14, 3], "float64", [-0.0898619217300079, -0.22773889856139776, -0.07862824606057518, -0.00013531401595486515, -0.0069023936834568134, -0.004371023723654741, 0.0001842437936537878, -0.00040594425590080374, 5.981493306419697e-06, 0.00013370715889503322, -4.866434126756155e-05, -9.771392198342913e-06, 0.09304531665338465, 0.23300265276901752, 0.08552690990417228, -0.004742714646594795, -0.00866730832188212, -0.002781952221624204, 0.0005092035852632401, 0.010943152109871018, 0.0012508123521815168, 0.0005880883798488955, -0.0001221410976147459, -0.0008053914120664377, -3.180401222073185e-05, -0.00017651311357693849, -0.00032156436776025187, 1.5386278523717058e-05, -3.5965596874157526e-05, 6.878955316123433e-06, -7.027450506828926e-06, -1.1189205097833735e-06, -4.878640315283591e-06, 3.62216816083495e-06, 1.1391411338729364e-08, 8.625915301727948e-06, 0.00028517375188753715, 0.00014667137697125282, 0.00013481321176257117, 1.4040085667135298e-05, 6.460245210840096e-06, -1.1194013846753019e-05]]}, "dipole": {"__ndarray__": [[3], "float64", [-0.0007478843148890941, 0.008594553605285268, 0.005789843135884682]]}}