{"forces": {"__ndarray__": [[14, 3], "float64", [0.05425078538180194, -0.06245707452165697, 0.03419631732675317, 0.007878783599705135, -0.0019124962232199793, 0.006282073671406314, 0.0002588435074443669, 0.00026914844736063224, -8.164312721075879e-05, 5.427260132536949e-06, -3.837780017781636e-06, -5.804351578459151e-07, -0.016479467367487826, 0.010862040967185719, -0.010924098096070445, 0.010457412732735484, -0.001739437961521118, 0.006060452665733275, -0.0578460540606889, 0.05662810193340081, -0.03480622264615614, 0.0001370971794787633, 5.611234004229427e-05, -0.00042153893232601316, 0.0013449865098580842, -0.0017028778644729292, -0.00030587159414535974, -3.6828209103514687e-06, 2.7516805700383506e-06, 8.272947581089554e-07, -6.700953700339686e-06, -1.4439971193466898e-06, -6.54555205353244e-06, 2.901264409362818e-06, 3.652328916563713e-07, 8.248218481956722e-06, 7.774522252175256e-07, -2.6314271789533055e-06, 3.9135103097649435e-06, -1.1096850034926795e-06, 1.2791737360382243e-06, -5.332304322570988e-06]]}, "dipole": {"__ndarray__": [[3], "float64", [-0.0008078298965705409, 0.00830672313457013, 0.005612421299236927]]}}