{"forces": {"__ndarray__": [[14, 3], "float64", [0.0014619033079116552, 0.00850679312888919, 0.006251734650674123, 0.08392684258345028, 0.20335769134612447, 0.07644300804655932, -0.00026291488108681527, -0.011649734793133327, -0.0011930376833641481, 0.00011155570257907968, 4.444680725237121e-05, 0.00012890542413796876, 6.317012443299491e-05, 0.00017178761774374506, 0.0004814685271937008, -0.0006109204634944774, 5.570133617701655e-05, 0.0007265370260153165, -0.0011505205614041677, 0.001707522539787222, 0.000515777118982784, 0.007122509781171607, 0.010415714951220727, 0.003935695043054572, -0.09022846397716695, -0.21198702908526276, -0.08697511214235312, -0.00010551406288202934, -0.00030957567599899737, -0.00018192798259192224, -0.0003280277003180822, -0.00031574359444251583, -0.00013804366977153892, 4.201450664363509e-06, 5.726294665099158e-07, 9.07350771770098e-06, -1.1306710636235405e-06, -1.3416680732802022e-06, 1.9285281276082555e-06, -2.6906327935987074e-06, 3.1944602502723047e-06, -6.006394382920513e-06]]}, "dipole": {"__ndarray__": [[3], "float64", [-0.000767666936275887, 0.008306628760754131, 0.0054748261269953555]]}}