{"forces": {"__ndarray__": [[14, 3], "float64", [0.02256654438580143, 0.50217491020325, -0.025148624207507585, 0.03495793657476527, -0.09827318806489972, -0.029710553402151025, 0.0076454678810768855, -0.0029859098712079536, -0.00015138935960368568, -0.00014926074810955444, 0.00028735536343963276, 0.00046438482163323983, -0.07990742121417124, -0.22121653146297268, -0.07701857040470413, -0.04280781221490168, -0.12111381918607095, 0.10755102580563301, 0.052771781336848206, -0.06224759253569467, 0.030941451211838656, -0.007788650300330238, 0.01229212572682713, 0.0029026038985279804, 0.01218894656944632, -0.008507153129236531, -0.009587431571758127, 0.00028502417307011964, -0.000571968479567521, -2.2702470946394133e-05, 0.00033332095905490994, 0.00016539755275909348, -0.00017144763526647934, -2.8251602116515605e-06, -1.8114443441692737e-06, 5.313480519833278e-06, -8.620986218839506e-05, 3.972407390376201e-07, -5.13212042646292e-05, -6.8423801514157e-06, -2.2119130206818443e-06, -2.738961949894812e-06]]}, "dipole": {"__ndarray__": [[3], "float64", [-0.0005338354957558495, 0.008360332169670326, 0.005716818365056141]]}}