{"forces": {"__ndarray__": [[14, 3], "float64", [4.370888091347385e-06, -4.375595853823829e-06, -5.379661466221857e-06, -1.1846619186013629e-05, 3.1384588985778264e-05, -4.549565660981019e-05, 0.00017638778221268646, 0.0018581685334832282, -0.013403040401403556, -0.0599319803771157, -0.10362902447678791, 0.19695214705152203, -1.509501235957149e-05, 4.782332409082733e-06, 1.8319122582905892e-06, 3.892546704860256e-06, -2.577062164670861e-06, 2.7458726304716e-06, -5.6996345281321095e-06, 8.760738777265911e-06, 1.1948450574600198e-06, 0.00022339909860986593, 7.570994529262494e-05, 0.00010114727920941308, 2.5997917896575786e-06, -5.88973772670864e-06, 1.7863713573331827e-06, -6.331475211985575e-05, -0.00015044804490627392, 2.8132510510921532e-05, 5.220509312845917e-05, 0.0002622085893294042, -0.00028974779629083115, -0.0024608081009938883, -0.005952684509839945, 0.007132710416601051, -0.00480985119651, -0.007095311049589496, 0.009491585908567073, 0.0668357404922763, 0.11459929574859204, -0.19996961865194343]]}, "dipole": {"__ndarray__": [[3], "float64", [-0.0004002701646128349, 0.008591395908436836, 0.005680561283829994]]}}