{"forces": {"__ndarray__": [[14, 3], "float64", [6.951314457553152e-07, -6.985378868085635e-06, -2.599302944918807e-06, -1.3318769028256867e-05, -4.76390382515706e-05, -0.00023808466658662043, -0.007182165180562976, 7.531809633286806e-05, -0.004649209356688853, -0.20898518998775495, 0.06972572657461339, -0.10418684337396111, 8.905925622063937e-07, 2.2457514445580948e-07, -1.9946745663149468e-06, 4.117179473390432e-06, -4.298768772891811e-06, 4.42787542886032e-06, -5.243533003952005e-06, 9.317157545773294e-06, -1.2884876205431861e-08, -9.495034495390815e-07, 2.031115506814142e-06, 1.4054310792912816e-06, 4.045349223815781e-06, -7.047167284410275e-06, 1.1291096953412431e-06, -0.001660101438382549, -0.0010213053724650277, -0.0001424150891340916, -0.00020532204408455377, -0.0008278110205509529, -0.0006947077732648593, 0.21346388825565235, -0.07080650407493544, 0.11186284346784982, -0.007845519071764657, 0.004162039419664366, -0.004391124871470093, 0.012424173019674686, -0.0012530661176791236, 0.002437186109440594]]}, "dipole": {"__ndarray__": [[3], "float64", [-0.00031921524515497615, 0.008364233873127135, 0.005915480773397482]]}}