{"forces": {"__ndarray__": [[14, 3], "float64", [0.00015948084299303563, -0.0002820193676086097, 0.00014418547226820356, -0.010471512666779278, -0.009841647620395763, 0.013507296754588343, 0.07820376145481842, 0.043516997883022976, -0.05540710943556826, 0.0031915321907541806, 0.00725220267799751, -0.009309883053865261, 5.660417040305735e-06, -1.9623236785577113e-05, -3.899089171606984e-07, 0.0003623883779469769, -0.00023130194452776153, -4.04336238357642e-06, -2.2604075945802237e-06, 8.820339132137154e-06, 1.1267626265914292e-06, -2.956302909619155e-05, -1.682047880488839e-05, 7.688862012393105e-05, 0.000461199533885574, -0.00010392993932828466, 0.0010645281026118458, -0.07648708069817765, -0.04940462544451534, 0.06131099318442453, 0.003182471814905353, 0.007141728018697101, -0.011567038183886146, 0.001658431478239684, 0.0011490510127562996, -0.0001361037809562704, -8.613858413662639e-06, 0.0004332905517711339, 0.0003852752223805518, -0.00022589545052204753, 0.00039787754858890796, -6.572639344788073e-05]]}, "dipole": {"__ndarray__": [[3], "float64", [-0.000517447081389223, 0.008333589764165683, 0.005728165749541613]]}}