{"forces": {"__ndarray__": [[14, 3], "float64", [-6.718156015506224e-07, 1.1148460771484233e-06, -2.7604875147156826e-06, 2.04342278181485e-05, 4.170232927692866e-05, 0.0002304393926167519, 0.006953317056630472, 6.070248907333104e-05, 0.004417830365271295, 0.20416054789317403, -0.06713655346596958, 0.10006608252023552, -6.670367494136322e-06, -4.482891785704694e-06, -4.9815250849648675e-06, 3.612774859622626e-06, 9.767208072809717e-07, -5.2730666401783086e-06, 2.5475652169150925e-06, 5.9818666496517375e-06, 4.44034744443491e-06, -2.4997452832515044e-06, -8.558656149431291e-07, 3.5232869635862006e-06, 4.12016241398971e-06, -1.1863815853866625e-06, 3.014824520640285e-06, 0.0016166529128595682, 0.0010034817574741271, 0.00013848057077332158, 0.00020101592761279273, 0.0008155737436233655, 0.0006844652700972955, -0.20865325334962095, 0.06801827720887453, -0.10735146404147194, 0.00761903238982736, -0.003999147087355493, 0.0041341525854129675, -0.011918185632411964, 0.0011944147304549274, -0.00231795004262386]]}, "dipole": {"__ndarray__": [[3], "float64", [-0.0009312445325341611, 0.008426979718809442, 0.005421255166309806]]}}