{"forces": {"__ndarray__": [[14, 3], "float64", [0.0053327458237725795, 0.0028208682819214933, -0.007804701445379931, 0.06126086339968704, 0.10380279312071117, -0.1886814453837243, -3.102180423231893e-05, 0.006481533920483882, -0.008318106041657352, -0.00021282269683221613, -4.832341177973007e-05, -0.0005747473081385354, 0.000679307892156265, -0.0007981512181145325, -0.0016075726185433821, 0.00039868202285071565, 0.00013984526637660343, -0.00011630086085471243, 0.000821678421128006, -0.0004081011033505171, -8.643500708991243e-05, -0.06486121650521447, -0.1090957706362283, 0.19679821426767832, -0.002251497115937739, -0.003739557923469005, 0.010743478850538784, -7.494155403118631e-05, 0.00040558579357135666, -0.00013846012053221268, -0.0008039765600674851, 0.0005414748011930762, -7.940061419724205e-05, 2.0747166930305956e-07, 7.253613518676751e-07, 5.263262866260329e-06, -1.2291586665670526e-05, -1.3882825078506614e-05, -3.692893364412726e-05, -0.00024571720828283803, -8.903942758951173e-05, -0.00010285804732212564]]}, "dipole": {"__ndarray__": [[3], "float64", [-0.0006416861049751146, 0.008289701701259988, 0.005868631529623163]]}}