{"forces": {"__ndarray__": [[14, 3], "float64", [-0.0295166348126223, 0.02413051397943674, -0.5091109145123648, -0.030200504329285265, 0.026381352246180715, 0.10296845377818147, 0.0035230247995653146, -0.005442429041056274, -0.013551853990026884, 0.0002617273158078796, -9.730880371577923e-05, -4.1459900018261874e-05, 0.03180673449263616, 0.07713858771616376, 0.07865147252397117, -0.0698575053513623, -0.10267932587273737, 0.20220402252473807, 0.10977029220903206, -0.03441607893147959, 0.12708288848390234, -0.011155475078715683, 0.00904519203353259, 0.0078094925849043085, -0.005015556811390751, 0.006051215691133569, 0.003993768276304234, 0.00014687009099532147, -0.00020411089093778855, -3.744776351837907e-05, 5.33794209119163e-05, 5.197754327685167e-05, -3.588970008443635e-05, 1.1476523635845941e-06, 2.537948556291148e-07, 1.181072422411754e-05, 0.00018224358287140564, 3.620546369538672e-05, 6.257084257853679e-05, 2.5681919280626734e-07, 3.9550716515630645e-06, -6.913872791039952e-06]]}, "dipole": {"__ndarray__": [[3], "float64", [-0.0007013454419222545, 0.008399363573907291, 0.005679736510065178]]}}