{"forces": {"__ndarray__": [[14, 3], "float64", [-0.00015057764087026584, -5.7638870815480515e-05, -6.23445430438111e-05, -1.5408221572669933e-05, -0.00016212905396234466, -0.00046498886919331243, 7.58365217209335e-05, -0.004282725930104662, -0.0025478497365959015, 0.08214243687586147, -0.09493406797469656, -0.14062838732962354, -0.0005949386160924467, 0.00013073006937343459, -3.618142181831022e-05, -6.975197963402269e-06, -6.090141397518238e-06, 4.477418723406716e-06, -2.717734788797424e-06, 8.53371236048709e-06, 1.1083143709426736e-06, -1.6253976102862368e-05, -1.0166416259100237e-05, -3.883062132496485e-05, 5.187282272409093e-06, -3.017200680427216e-06, 1.4754665128900124e-06, -0.0003849137743885127, -0.00010180554795566654, 0.00028135446111345915, 9.563337704368356e-05, -0.00033422772445659236, 0.00016786885522192935, -0.00425363888396169, 0.008008531747185793, 0.012976534968358211, -0.08578957966701947, 0.10264035146258477, 0.13984968099691067, 0.008895909655861959, -0.010896278131174941, -0.009503917959611734]]}, "dipole": {"__ndarray__": [[3], "float64", [-0.0005647178419586871, 0.008576760009925641, 0.005717107106194573]]}}