{"forces": {"__ndarray__": [[14, 3], "float64", [-0.009611444454819562, 0.0029543827208572703, -0.005530188360894054, -0.026704934857214705, 0.08468581148656172, -0.015383094054258256, 0.013962636337193269, -0.47255329595248213, 0.0041321751538727835, 0.043180454764552095, 0.13254640350948182, 0.025200658780366477, -0.0002705436978182033, 0.0004063592315113231, -0.0002465296253415085, 0.00015199208615890655, 8.200515221043996e-05, 0.00026245157340255636, -0.00021413975576340977, -0.0002606992461946541, 3.4666688337067395e-05, -0.009882572603330699, 0.002341171956849724, -0.006719077853349506, 0.012598490738070798, -0.01153910455585404, 0.008045539333616876, 0.04336873378125812, 0.11805386077555062, -0.09666709968147556, -0.07843366936180252, 0.13972019249808193, 0.08018517928989141, 2.7641150892428057e-06, -0.01286299927279161, 0.0004903441320659445, 0.00528726654329263, 0.008475207836505393, 0.004330825999029076, 0.006564966365134081, 0.007950703859712733, 0.0018641486247360773]]}, "dipole": {"__ndarray__": [[3], "float64", [-0.0007150449436559266, 0.008503561573773272, 0.005644635465615917]]}}