{"forces": {"__ndarray__": [[14, 3], "float64", [-0.0383367885559009, -0.12082720647997876, 0.09944287152029199, 0.0010963727708503158, 0.012674666367472567, -0.009158478233801105, -2.370563107586116e-05, -8.238675126380184e-05, -1.860473500753811e-05, 4.63068052173806e-06, 2.4742977449039477e-06, 1.4744098205452064e-07, -0.00599045733188996, -0.008351474562558643, 0.015727352675575287, 0.04319993048797681, 0.11843122786499193, -0.10924317748505488, -0.0005691639747898187, -0.0017759185389663143, 0.004066688816813046, 8.984594370804341e-05, 9.041696355382814e-05, 0.0001458122406790411, 0.0003222732944763059, -6.367866343433898e-05, -0.0009608715636982386, 0.00023329430087616528, -8.514950719941079e-05, 1.9710730865072326e-06, -7.018354950393376e-06, -3.373582974644575e-07, -4.8541733711779465e-06, -1.393033005320546e-06, 7.079200420842366e-07, 5.931819259809001e-06, -1.6464540484610193e-05, -1.2339541496242265e-05, -1.4861123856615943e-06, -1.356056312884736e-06, -1.002010609567872e-06, -3.303283368609363e-06]]}, "dipole": {"__ndarray__": [[3], "float64", [-0.0004857710531907778, 0.008295987315441499, 0.005529164666802542]]}}