{"forces": {"__ndarray__": [[14, 3], "float64", [-0.0013010461741203266, -0.008278005109575286, -0.006026484687889513, -0.08087828467996905, -0.19906509081507637, -0.0734487924241742, 0.0002123157031893409, 0.011229043688596244, 0.001092044518593384, -0.00010535020842916253, -4.357865645252734e-05, -0.0001284398778353008, -6.76168971125698e-05, -0.00017130674483264955, -0.00047273989129306557, 0.0006068382647058568, -6.691357050564701e-05, -0.0007240077862572388, 0.0011190150796180874, -0.0016577813196532133, -0.0004989702555527316, -0.006812124853886768, -0.010117085508706273, -0.003730807823485381, 0.08682433935319206, 0.20753423698492238, 0.08363430222769265, 9.553255065776115e-05, 0.00032005367120056994, 0.0001731669844788835, 0.00030516835513235443, 0.0003197189208470091, 0.00012382592410144198, -1.6601789712606672e-06, 1.3180276009240821e-06, 5.278526609142657e-06, 3.761948980097095e-06, -3.2334589434310134e-06, 4.072656940875923e-06, -8.882629861712548e-07, -1.3761094217635712e-06, -2.4480919293479744e-06]]}, "dipole": {"__ndarray__": [[3], "float64", [-0.00048426699217265996, 0.008486191753561707, 0.005857999903968225]]}}