{"forces": {"__ndarray__": [[14, 3], "float64", [-0.00015594283218680802, -0.00017465597160416907, 5.124245540553429e-05, -0.004655603864140764, 0.002422581548350587, 0.0006976077490340808, -0.08452971790206928, 0.14139424953703544, 0.08789132561218867, -0.007425827681731928, 0.01038925246990889, 0.009421345040083158, 6.828856316610115e-08, -1.427815334023318e-06, -2.9666890290406193e-06, 4.12383997473059e-06, -1.6959440036883858e-06, 1.3843261067027973e-06, -3.268297247396398e-06, 8.715163109563639e-06, 1.6697366699354675e-07, -0.0010023153050816344, 0.0011369533983087714, -0.0005447985990107609, -0.0001666055918028679, -0.0003235920146554094, -0.0002202800806253214, 0.007249492379857429, -0.011849254936317525, -0.0060795135732790795, 0.08943988071974213, -0.14582987973073266, -0.09277575565125185, 0.0008312649096070014, 0.0006447059419292231, 0.0009646653953346338, 7.410837959786794e-06, 0.00013504139405385134, 0.00033704460623086135, 0.00040704049855659673, 0.0020490069599515357, 0.0002585324351446265]]}, "dipole": {"__ndarray__": [[3], "float64", [-0.0004387743706039144, 0.00828407345820243, 0.005537295329823623]]}}