{"forces": {"__ndarray__": [[14, 3], "float64", [-0.005520985065243737, -0.0030451528303125147, 0.008018086831924048, -0.0635235742701313, -0.10759754291461444, 0.19257038259678758, -5.6326163843619914e-05, -0.006765140138788887, 0.008551061484669902, 0.00022492838446139146, 5.038808537719283e-05, 0.0005925936960338172, -0.0007027122495407764, 0.0008145768672024871, 0.0016377515788142665, -0.0004056901191520263, -0.00014774810049253273, 0.00011720056163911502, -0.0008275939302682643, 0.0004343540427214089, 8.30497018893679e-05, 0.06729086922081974, 0.11318146308800749, -0.20067911826978635, 0.002379382425345756, 0.003925343924204979, -0.011240176404904182, 7.310670710427853e-05, -0.00041162134690647586, 0.00014029174616247416, 0.0008042007950884049, -0.0005422169097423278, 6.065024219057268e-05, 2.3248408654184847e-06, 1.1735128196607197e-06, 9.114274733524946e-06, 1.5547189927948845e-05, 9.731778350886196e-06, 4.43249854836594e-05, 0.00024652223456737247, 9.239094217275663e-05, 9.478697436314785e-05]]}, "dipole": {"__ndarray__": [[3], "float64", [-0.0006094739277201548, 0.008502525689001334, 0.005465509649739395]]}}