{"forces": {"__ndarray__": [[14, 3], "float64", [0.49823522972339657, 0.02399284699677403, 0.03565036381573926, -0.11510953918354525, 0.03631111594852402, 0.03383576167638091, -0.012551709659122123, 0.009354045436810949, 0.006299694742920051, -0.0013731514068369018, 0.00011875152531639497, -0.00010099821412028345, -0.09330214021197206, -0.08707124971063498, -0.03575976423931104, -0.07588058183611826, -0.038789100838289826, 0.06631268588982056, -0.20779204529170783, 0.0557423467435508, -0.10717116424984527, -0.0037976744440077798, 0.0014785821435316215, 0.005361326517427569, 0.012108222697557527, -0.0013930798566965097, -0.004069406905648449, -0.00016463573034191837, 0.00015728249767094513, -0.00026742649035089376, -3.343130098426121e-05, 0.0001448784570573054, 5.715398789981766e-05, 2.0675992690793794e-06, 4.828486206816715e-06, 3.484726397979265e-06, -0.00033313403062507725, -5.578044733930055e-05, -0.00014320963065925826, -7.476924962199479e-06, 4.5326175179713676e-06, -8.501626651000097e-06]]}, "dipole": {"__ndarray__": [[3], "float64", [-0.0007762836795571444, 0.008402426123345972, 0.005602915169720579]]}}