{"forces": {"__ndarray__": [[14, 3], "float64", [-0.00011484939121690522, -0.000285601421527178, -9.959092794189863e-05, 0.0019805176641645894, -0.01188040519951733, 0.0017703083181654499, 0.037278563227963996, 0.12970096685298296, 0.02154753624397964, 0.038428688317777175, -0.48431058240042646, 0.020704825046669414, -0.00017294000396476532, 4.690874817649934e-05, -1.0860659836979642e-05, 5.076281670398098e-07, -3.562914056061552e-06, 4.644823160455183e-06, -3.1587149915116784e-06, 1.2003904239577123e-05, 1.1403375028244769e-06, -1.70986031113465e-05, -3.734197098203387e-05, 5.206059389187941e-05, 7.139529545339098e-05, 3.9575146421983404e-05, -5.5022730445751064e-06, 0.006957733290379363, 0.008491522665842527, 0.0017480930932103499, 0.006371928498736736, 0.01007289339881418, 0.005843784430935726, -0.06813325371808815, 0.08082957207071471, -0.04318004885054144, -0.07255679285333734, 0.13971123776300962, 0.09480908673911012, 0.04990875936206818, 0.12761281335630772, -0.10318547691526142]]}, "dipole": {"__ndarray__": [[3], "float64", [-0.0005111963339095644, 0.008401462186721819, 0.0056965070566076595]]}}