{"forces": {"__ndarray__": [[14, 3], "float64", [-0.012398956132293743, -0.012101096374633323, -0.005050584247373326, 0.10399224988096882, 0.08334328395152076, 0.04272033129548375, 0.00758145105130175, 0.012786248539624026, 0.007748248974354204, -1.666537388355259e-05, 6.906742707688355e-05, 0.000339732317602169, -6.652994239285682e-05, 3.2686954263672346e-05, -0.00011267073738889166, 0.00011713919187636532, -0.00031781315171902196, -0.0006286866794321882, 0.0004975090208373658, -0.0013088627257691735, -0.0003855153971468721, 0.0022309514391815667, 0.007260884199605064, 0.002358942643190459, -0.10526590630443426, -0.089201623648482, -0.0487576590632877, 0.0004540349862876809, -0.00037584152984276994, 0.000986745356065881, 0.002874105794909055, -0.00018487739903841265, 0.0007781772975662158, 1.2803564920242114e-06, -7.343770703802154e-07, 6.714105825009768e-06, 6.38311625240717e-07, -3.015738089457989e-06, 1.9252057290301266e-06, -1.3022804752412496e-06, 1.6938725539413762e-06, -5.701071188484793e-06]]}, "dipole": {"__ndarray__": [[3], "float64", [-0.0005812802827670196, 0.008285127100410834, 0.005566302184216867]]}}