{"forces": {"__ndarray__": [[14, 3], "float64", [0.00010373110358385817, -0.0004584986325451743, -4.042141365747031e-05, 0.008101359337763517, 0.008135872112780818, 0.0035791371145459366, 0.020008791023500602, 0.02489324904080599, 0.08092862220737093, 0.009449129844105118, 0.016220314182621026, -0.5171218284612883, 9.274349132955297e-06, 7.149770144859764e-06, -2.8504893542175747e-05, 2.5550031550110825e-07, -1.9092990146811328e-06, 1.4305191790307165e-06, -5.404027497143335e-06, 8.102432557993403e-06, 4.936879084372858e-06, 0.0002554605761425588, 0.0002784747143131592, 0.0005759968271466687, 0.0003362579892858832, 0.00012165691095470108, -0.0001911940585016172, -0.009202284801497112, -0.011446169677216901, -0.012144446922143896, 0.007231655666884085, 0.009057860492016252, 0.0029395617734590896, 0.10335248580976018, -0.03899568842639746, 0.10789369524293987, -0.078044703756239, 0.09740935909418486, 0.14094639393516253, -0.06159600861524127, -0.105229772715205, 0.19265662125024494]]}, "dipole": {"__ndarray__": [[3], "float64", [-0.0005600409736531302, 0.008365262922831235, 0.005719952246280113]]}}