{"forces": {"__ndarray__": [[14, 3], "float64", [0.08615916629360099, 0.2216681014454394, 0.075168002251815, -4.340089977342446e-06, 0.0066808176183308764, 0.004220699172287972, -0.0001805988203289783, 0.00039422583702624834, -7.013294828114994e-06, -0.0001269493815586764, 4.988165335140759e-05, 9.247615305550092e-06, -0.08906232344796024, -0.22692756139448533, -0.08181809068106512, 0.004527142770879453, 0.008384104608700985, 0.0025782480121352446, -0.00043955781904472324, -0.010441260790554331, -0.001135607799283226, -0.0005803722469650347, 0.0001314628009420561, 0.000807092788946509, 3.850545264244574e-05, 0.00016652538087497164, 0.00031252241430217907, -1.976882328274487e-05, 4.330796671781773e-05, -7.1359455048288756e-06, -4.645215033683784e-06, 3.1130484914904985e-07, -6.036983617262697e-06, -1.0859104226242476e-06, 1.8775665555961398e-06, 5.718926026117813e-06, -0.0002874981978683312, -0.00014727083989450225, -0.00013036201924884711, -1.7674564681103076e-05, -4.523157852877863e-06, 2.7155427285503403e-06]]}, "dipole": {"__ndarray__": [[3], "float64", [-0.0005045585822887475, 0.008197195709493708, 0.005545920912746063]]}}