{"forces": {"__ndarray__": [[14, 3], "float64", [0.1058101497816641, -0.030901273566427922, 0.12774061533195763, -0.008461783013583066, 0.00029949236138376655, -0.014127063958209748, 0.0001512035429118796, 3.4246675323612844e-05, -2.66625403648173e-05, 7.898130392574957e-06, -5.724115509819841e-07, 2.6176581739428757e-06, 0.006194407980383698, -0.0012396461649377092, 0.003277784418897246, 0.014853348395469878, -0.004288812860114458, 0.008224845055082867, -0.11714448451430809, 0.035427114031216574, -0.12513876568854865, -0.0010162301671718245, 0.0001620426642713085, 8.942244731585296e-05, -0.0003874866098306283, 0.0005042396055263249, -4.637522841617548e-05, -3.627633989194728e-06, 4.405119093172506e-06, 1.7072784334330695e-06, -4.205323820270066e-06, -2.436825987206368e-06, -5.823223406347938e-06, 3.47080967722941e-06, 3.277683225969474e-07, 8.81152050967922e-06, -1.4721842464303369e-06, -1.5998485672469307e-06, 4.1346543670411266e-06, -1.1891935495587747e-06, 2.4734524478095857e-06, -5.247725791652311e-06]]}, "dipole": {"__ndarray__": [[3], "float64", [-0.0008578335441041818, 0.008475337238588716, 0.005737286285744524]]}}