{"forces": {"__ndarray__": [[14, 3], "float64", [-0.0014442070609989805, -0.00015475353789984878, -0.00026521201797662547, -0.010560112368326845, -0.011628838250978829, -0.0069936088142679735, -0.10560014692234138, -0.043175133338873524, -0.0210142109398835, 0.5035181795939224, -0.03543574738610812, -0.014082015268316064, -0.00038369712487512593, 0.0001314070818949985, -3.5757332126680945e-05, -3.039992111715656e-06, 8.979820031873947e-08, -5.172458568787751e-06, -1.1137996807831253e-06, 1.0280228618310946e-05, -2.8514061717634956e-06, -0.0001494309468929208, 0.00020508752266301284, -0.0002246687341852274, 2.130010943126449e-05, -0.00011880561460251562, -0.0001367523005196721, -0.003214363729492204, -0.005993239789317808, -0.0003193557094794996, 0.013129300116504617, 0.007346312821002065, 0.0013575369873464172, -0.20369953761102447, 0.06036866027309009, -0.09958218237232251, -0.11770955712923642, 0.07788229323014272, 0.08255581058087093, -0.0739035731348783, -0.04943761303783185, 0.05874843978560106]]}, "dipole": {"__ndarray__": [[3], "float64", [-0.0007640714528354217, 0.008432626795199433, 0.005634866774372045]]}}