{"forces": {"__ndarray__": [[14, 3], "float64", [0.03439034191560898, -0.029203577031075494, -0.10303799566809983, -0.007106208675586738, -0.008892140073602036, 0.4787844950591014, -0.04156490834407109, 0.015433535650340268, -0.09966875013916225, -0.006815513415155056, -0.0017998634615525517, -0.0035653945521286158, 0.0031635655526265727, -0.004240943966339224, -0.003258341408901106, 0.010336110580774676, -0.009139486972390235, -0.006893551931956666, -0.0038564885615140964, 0.006180181589205965, 0.01385900408352128, 0.06029663835957705, 0.10224931125118154, -0.1929940737248224, -0.04274549306185546, -0.07525495354465933, -0.0867595733166735, -0.013373153569222068, 0.005512852960929782, -0.008236615460398385, 0.007512436037753913, -0.0006951551670330622, 0.011935318661088235, -0.00022720213019850394, 4.710110275863946e-05, 0.00024251025708845893, -0.00020969740024823482, 4.5866483379845554e-05, -0.00044682840030198684, 0.0001995727115105474, -0.00024272882114203872, 3.979654164514969e-05]]}, "dipole": {"__ndarray__": [[3], "float64", [-0.0006708492638851305, 0.00836069176646968, 0.005550496845262814]]}}