{"forces": {"__ndarray__": [[14, 3], "float64", [-0.06495054374606697, -0.10396256755399454, 0.19734520339166448, -0.004532838753790064, -0.002096036730831015, 0.006888768041285232, -8.980573966756789e-05, 0.00025412391150507664, -4.5274924328270934e-05, 7.50497201210036e-06, 5.548980657632044e-06, 1.752302536146993e-06, 0.002254665449189725, 0.0026213281940088377, -0.012176334987354088, 0.07108001187500926, 0.10836967496965469, -0.20154863101595277, -0.002748458076613559, -0.005776837982909554, 0.007962717102073035, -0.0003907060425778057, -0.00013835910840862174, 0.00011835128876447731, -0.0006169396960262455, 0.0007124298045831648, 0.0015077332556772847, -6.97359559088518e-06, 1.4994415412623982e-05, -5.3488078236038104e-05, -7.392737909464486e-06, 1.4400362050649123e-06, -3.3105555446130204e-06, -3.579185900699595e-06, 1.8351939600186588e-06, 5.5003273970901775e-06, 7.190249397855388e-06, -6.235796582904955e-06, -1.914048097115832e-06, -2.1349714653700243e-06, -1.3383332605892956e-06, -1.0720998853058534e-06]]}, "dipole": {"__ndarray__": [[3], "float64", [-0.0003117270214334342, 0.008488453843633052, 0.005554153591510239]]}}