{"forces": {"__ndarray__": [[14, 3], "float64", [0.006431592178495111, -9.249535594396681e-05, 0.013743536769847003, -0.03747096342537282, 0.009762543719770382, -0.1010633571258079, -0.04905969655520874, -0.0013894564024257215, 0.4883613948976509, -0.021012579986392787, -0.021891809254905723, -0.0809576640288487, 1.2688428026876271e-05, 4.106974705026842e-06, -6.724188875022888e-05, 0.00023082703658111595, -1.8890715088653697e-05, 4.556470239501677e-05, -4.3395681899604626e-05, -7.332120404022372e-05, 2.8450336874401493e-05, -0.013740508911862025, 0.00554190318541167, -0.008539217743769043, -0.007637970373278737, 0.0011656310438699694, -0.0037972875560499594, 0.054463795227229876, 0.10086402865707236, -0.19362988221471628, 0.07181513978636954, -0.08825077448835134, -0.12229290551014407, -0.004447087451085501, -0.007905434462674136, -0.002379244771736418, -0.008333512853080195, -0.008478498432158877, -0.0025304127796696553, 0.00879167258147769, 0.010762466734759727, 0.013078266912724668]]}, "dipole": {"__ndarray__": [[3], "float64", [-0.0005636132208347429, 0.00842979282266304, 0.005668811286255157]]}}