{"forces": {"__ndarray__": [[14, 3], "float64", [3.79294003723234e-06, -1.049531841373249e-06, 1.9314909179718717e-06, 0.00031025713849706395, 1.1742313145377921e-05, -0.00023441045272029417, 0.004316675072169641, 0.0005108556638050827, 0.0023482999267065113, 0.10092452459241492, -0.043286848800552384, 0.10763654998738358, -4.615687018916516e-06, -3.615728750465406e-06, -3.164951334105923e-06, 4.703491547575863e-06, -4.046425784907539e-07, -2.145268502356364e-06, 1.3414569716357828e-06, 6.543232889735396e-06, 3.877478605984293e-06, -3.2904657123229375e-06, -7.421422888617921e-07, 4.37838880108664e-06, 3.652621176732476e-06, -2.1951692613413106e-06, 3.3261479061552515e-06, -0.00013955240602648759, 0.00033916615598026295, -0.00024464808441994156, 0.0009175807308997432, 0.0009404224159183865, 0.0012689125995506533, -0.10849998093209287, 0.04314217819258257, -0.10510450125448376, -0.011985104826672826, 0.00324270917167329, -0.012598421086339101, 0.014150016273808304, -0.00489876113072161, 0.006920015077926703]]}, "dipole": {"__ndarray__": [[3], "float64", [-0.0009117526610839848, 0.008414406122072796, 0.005668014300273344]]}}