{"forces": {"__ndarray__": [[14, 3], "float64", [0.0014614020038313353, 0.012318671945226237, -0.009229186066919678, -0.038204621673214346, -0.12307558095658247, 0.10134621205116617, 0.00045079659180214803, -0.002361262799222217, 0.005474691994663191, 0.00020425869151859984, 3.892692627446655e-05, -0.0002820610626005703, 0.0003696050403466579, -0.00013069837328703738, -0.0010587332932076288, 9.799197558057613e-05, 8.952907250102324e-05, 0.00014120000325937047, 0.0003448635715765489, 5.916578360355912e-05, -0.00016123485729842735, 0.04196716177989888, 0.12442879853539132, -0.11239197354990542, -0.007376299083289289, -0.010443829726578764, 0.014989435797517261, 1.563413490915738e-05, 0.00020798336065441707, 0.0004185519607740817, 0.000787477898667449, -0.0011366467749318386, 0.0008322448279118301, 2.6972763310201503e-06, -5.281817622093846e-07, 8.493715425152136e-06, -3.0163902567487414e-06, -4.08071083942238e-06, -7.5619983185708195e-06, -0.00011795181770211325, 9.551899553049382e-06, -8.007952246584765e-05]]}, "dipole": {"__ndarray__": [[3], "float64", [-0.0006061403481435611, 0.008313668189651952, 0.005513106094706892]]}}