{"forces": {"__ndarray__": [[14, 3], "float64", [-0.004077250439166871, -0.009225330887425678, -0.0040080464872331275, -0.04605451971575088, -0.08091384567227627, -0.08639162879600334, -0.005441274094143258, -0.007950115529118056, -0.003783036208789472, -0.00012693100897376742, 7.771667386685955e-06, 0.00018769058801044704, 7.329649149407578e-05, -0.00031359578819659464, 0.00019256082341753136, 0.0004179191518043506, -0.0009481583439558134, -0.0015059783062181381, 0.0005123634568417522, -0.0002981531847180092, 5.251907220891076e-05, 0.008403790332513825, 0.014715437671179867, 0.010792946873055626, 0.04804174557738129, 0.08480672179405893, 0.08596843845429834, -0.0010567469388049124, -9.516226926775518e-05, -0.001579905762487605, -0.0006946318026794897, 0.00021437188100872386, 7.00268904515906e-05, 3.0223702876925426e-07, 2.391461965921832e-06, 5.918843504639254e-06, 3.7148349198710448e-06, -2.273201448820076e-06, 2.4452208762236644e-06, -1.7780824643470214e-06, -5.9599193529516184e-08, -3.951205091354244e-06]]}, "dipole": {"__ndarray__": [[3], "float64", [-0.0005079712233953537, 0.008567798541578351, 0.005677067633832206]]}}