{"forces": {"__ndarray__": [[14, 3], "float64", [5.702210721008776e-06, 2.087736973511242e-06, -5.46335934028655e-07, 0.0005944151253428029, 0.00019993199422326714, -0.00020271960090732105, 0.00315755118278076, 0.006284635976483671, -0.008679981387467875, 0.07438588106800605, 0.04960606124427018, -0.0630066445704313, 4.727062721141008e-05, -1.780841507390196e-05, -2.23007026498406e-05, 2.078072490728774e-06, -2.0621496380822185e-06, -8.24091349831345e-07, -1.595809063665243e-06, 6.955460807476149e-06, 2.840618243039387e-06, 0.0003048076635529457, 0.00011457413096820235, 0.0002446685184125298, 4.4967114805470204e-06, -4.998935832197006e-06, 2.0866478571118955e-06, -0.0002229083238016767, 0.0003956992308696927, -6.182409064473046e-05, -4.152600819716069e-05, 0.000403588476450048, 0.00041873764845957545, -0.011980401829075756, -0.01086996031254751, 0.014394386467482886, 0.002677241688177242, 0.007041106006688153, -0.008505086565624938, -0.06893301237962406, -0.05315981044464206, 0.06541720744455601]]}, "dipole": {"__ndarray__": [[3], "float64", [-0.0006522730542396016, 0.00827017056216025, 0.005738591800290323]]}}