{"forces": {"__ndarray__": [[14, 3], "float64", [-0.0002797760570358242, -3.276971566391051e-05, 3.594710640020313e-05, 0.00024264514761402023, 0.006602920482355034, -0.008459680743020235, 0.05809174210426107, 0.0998297203120826, -0.1979521453341993, -0.00029988403920981627, -0.001844258978546451, 0.012468452167664262, -5.200401583174887e-06, 4.746669114122641e-06, -3.1920387386841246e-06, -6.022674740090627e-06, 1.0763979574938216e-07, 5.282013266657965e-05, -3.0088902204967846e-06, 8.719904339451752e-06, 2.484713423171145e-07, -7.814354043077581e-05, 0.00042059920444434857, -0.0001380997071639412, -0.0009890526871000284, 0.00017609344228687016, -0.001616697114245725, -0.06234082967369316, -0.11105133628459991, 0.2052226610844818, 0.0058326260626374565, 0.006180266567815754, -0.010109385569470546, -0.00014293730190576158, -0.00011574957876727509, 0.0002512347033323519, -8.253120652338287e-05, -0.00033269218644245755, 0.00028045395263931087, 6.037315793045518e-05, 0.00015363252178752997, -3.261711168814887e-05]]}, "dipole": {"__ndarray__": [[3], "float64", [-0.0006386074172558163, 0.008181439942351845, 0.005709544672053375]]}}