{"forces": {"__ndarray__": [[14, 3], "float64", [-4.120372765187245e-06, -1.3476337645843408e-06, -5.304767994963092e-08, 1.680947200667472e-05, -3.544315637727984e-05, 4.782848616435826e-05, -0.00017929836960678218, -0.0017757652957033755, 0.012967182633575287, 0.05778017314167155, 0.09973801681211183, -0.19300572706366434, 9.430912193108593e-06, -9.126378022679113e-06, -8.890050774284955e-06, 3.860764949559437e-06, -7.182285927684784e-07, -3.625271369504842e-06, 3.0141839411149398e-06, 6.530434522653853e-06, 3.238164286817847e-06, -0.00023081529455694363, -7.591173870457902e-05, -9.64965507185335e-05, 5.558755946428437e-06, -2.3308888800958565e-06, 2.345076361672935e-06, 5.8396241450170494e-05, 0.0001578784502868318, -2.947531514908619e-05, -6.199954362414825e-05, -0.0002545829910170797, 0.0002813785808835778, 0.002296433345327268, 0.0056798772588502085, -0.00692662631886915, 0.004558068142179443, 0.0067505469494769915, -0.009177307421847336, -0.06425551137911233, -0.11017762359418591, 0.19594622809880022]]}, "dipole": {"__ndarray__": [[3], "float64", [-0.0008504987629613541, 0.008201489518903642, 0.005655123168503186]]}}