{"forces": {"__ndarray__": [[14, 3], "float64", [0.004168365836694314, 0.009561384766681624, 0.004006452734300398, 0.04627216771645183, 0.0813013985461973, 0.08629913338302654, 0.005681884206822201, 0.008201804123127591, 0.0037837260964709686, 0.00013938317131247053, -6.815017520536462e-06, -0.00019584368143109242, -8.321789665464967e-05, 0.00032039876235515617, -0.0002064754815816235, -0.00042234267433007, 0.0009721877910484316, 0.001542545080890266, -0.0005208100822087357, 0.000302732686456679, -5.17500206684911e-05, -0.008465004014046526, -0.014828763668135795, -0.01118659189957271, -0.048526486557953524, -0.0857060165759524, -0.08553190778500977, 0.0010823598991654092, 0.00010643046245131923, 0.0016187049221893129, 0.0006743354100794404, -0.0002238430776190775, -8.553210364076449e-05, 2.1867469772674886e-06, -5.047086136200534e-07, 8.409567317896577e-06, -1.049644272555397e-06, -2.260230021887455e-06, 3.638272125425824e-06, -1.772118036598588e-06, 1.866139545173136e-06, -4.509084416464839e-06]]}, "dipole": {"__ndarray__": [[3], "float64", [-0.0007424707979296594, 0.008224877839690947, 0.005660137997052979]]}}