{"forces": {"__ndarray__": [[14, 3], "float64", [-0.0038372130765659714, -0.007766726653769965, 0.011583535523786423, -0.07925539754749836, -0.03823923654214871, 0.05896870914564365, 0.010495996592860808, 0.009797419807716645, -0.01351504799144937, -0.000143755758084269, 1.6782716942059007e-05, -0.00025855152293578667, -0.0001506473379786691, 0.0005863083488672458, 0.0004813600345031651, 0.00015398196829550313, 9.216176553735326e-05, 0.00040146072421738606, -0.0018620341932615073, 0.00015396724834200129, 0.0010341988604836408, 0.07764636058289165, 0.04156068462509815, -0.06629288499459907, -0.0022116111999491705, -0.007079423340304939, 0.00851450232426049, 2.5303453610653262e-05, 2.102207992300983e-05, -7.542832190778001e-05, -0.0005504263912349547, 0.0009816579156574914, -0.0006119645373759725, 2.0600521157410086e-06, 6.223663510420686e-07, 8.742324288217651e-06, -4.239371107328436e-06, -5.783207024931162e-06, -1.116365560862e-05, -0.0003083777740941294, -0.00011945713118608686, -0.0002274679133050873]]}, "dipole": {"__ndarray__": [[3], "float64", [-0.0007327348377690257, 0.00843421955690288, 0.005580320340236398]]}}