{"forces": {"__ndarray__": [[14, 3], "float64", [3.690019710632708e-06, -6.0141235002409155e-06, -5.708676030591746e-06, -0.0001065171420872959, -9.821672948641975e-05, -0.00025265301948092673, -0.005149038614669669, -0.007965271147783776, 0.010940658437018564, -0.04999713382585726, -0.127217076447265, 0.10865661426247633, 3.990464002986498e-06, 3.285512250247153e-06, -1.9156060125034363e-06, 3.5994545380555082e-06, -3.5599302584712822e-06, 1.8143687325311763e-06, -4.770472028903719e-06, 8.02661215701636e-06, 6.519916515231507e-07, -0.00012393805619871198, 1.0506908615320005e-05, -8.81697929099585e-05, 3.309438657405118e-06, -6.402223410057798e-06, 1.112783490435157e-06, -0.00040052696594311305, -6.717576259855995e-05, 0.00015405082465249243, -0.0005164856818896218, -0.0020486181001569325, -7.275998259345457e-05, -0.001276157617152528, -0.0028552531086334806, 0.005169236741164481, 0.003540933434237037, 0.01412139012106862, -0.010821267054319178, 0.05401904556468179, 0.12612437841900154, -0.11368166527783932]]}, "dipole": {"__ndarray__": [[3], "float64", [-0.00037514926702635586, 0.00843414089915279, 0.005540811604226063]]}}