{"forces": {"__ndarray__": [[14, 3], "float64", [-3.87710987892375e-06, -8.553459267128016e-08, -3.3793950445465366e-06, -3.198446281841758e-05, -2.205340013201293e-05, -4.593797759039645e-05, 0.012299945951011528, -0.012837218029587193, 0.007962992944918701, -0.06154608048633302, 0.08066347298774859, -0.038970330869122445, -1.0273408036441133e-06, -1.2388005230982065e-06, -3.023492134631021e-06, 3.454904087202188e-06, -1.3915883794430182e-06, 4.1926445547862557e-07, -2.3820679570294206e-06, 8.21736749993538e-06, 1.6177328726086857e-06, -1.3957221683298183e-06, 2.040377277770471e-06, 2.7177495053844875e-06, 2.4192699540093008e-06, -4.455700312772636e-06, 6.421253364875842e-07, 0.001121794928212328, 0.0004794849234350068, 0.00011305513654987984, 0.0007509067436995842, 0.0006413726415150598, 0.0011179332654311037, 0.0696137946871031, -0.07485572165560685, 0.04368794812481481, -0.011205601951446736, 0.003101123511093197, -0.007904348584796803, -0.010999967342659962, 0.0028264529005645705, -0.00596030602519565]]}, "dipole": {"__ndarray__": [[3], "float64", [-0.0005304425012479135, 0.008532919864547598, 0.005717752139223709]]}}