{"forces": {"__ndarray__": [[3, 3], "float64", [0.003296874123197084, -0.0014107417935322298, 0.04160222304691768, -0.0035310054958629035, 0.0015109312200481382, -0.08317349732241315, 0.00023413137266439275, -0.00010018942651590845, 0.04157127427549545]]}, "dipole": {"__ndarray__": [[3], "float64", [-1.9322218037044297e-05, 8.267610506397493e-06, 0.0038786054923438495]]}}