{"forces": {"__ndarray__": [[3, 3], "float64", [0.8132760082709317, -0.3095196401830285, -0.0, -1.671869565529679, 0.6444806873472025, -0.0, 0.858593557258748, -0.3349610471641737, -0.0]]}, "dipole": {"__ndarray__": [[3], "float64", [-0.00047611449563003124, 0.0035238221094839885, 0.0]]}}