{"forces": {"__ndarray__": [[3, 3], "float64", [1.3725591218536286e-06, -6.876251406196709e-07, -0.0, -2.1917055134535935e-07, 2.943933531874232e-07, -0.0, -1.1533885705082692e-06, 3.932317874322478e-07, -0.0]]}, "dipole": {"__ndarray__": [[3], "float64", [-4.407106168660098e-10, -2.0794512303567157e-10, 0.0]]}}