{"forces": {"__ndarray__": [[3, 3], "float64", [0.004568853617989011, 0.016187904974750058, -0.0, -0.8585974048286739, 0.3344004006709405, -0.0, 0.8540285512106848, -0.35058830564569093, -0.0]]}, "dipole": {"__ndarray__": [[3], "float64", [-0.00024422252107080927, 0.0017857787114071147, 0.0]]}}