{"forces": {"__ndarray__": [[3, 3], "float64", [-0.8585932509552738, 0.3349609071859144, -0.0, 1.6718689872009416, -0.6444804227628044, -0.0, -0.8132757362456664, 0.3095195155768906, -0.0]]}, "dipole": {"__ndarray__": [[3], "float64", [0.00047611361396486556, -0.0035238225249539924, 0.0]]}}