{"forces": {"__ndarray__": [[3, 3], "float64", [-0.34038816119903886, 0.184380446508103, -0.0, 0.32421093882551, -0.21938135217537774, -0.0, 0.016177222373528796, 0.035000905667274713, -0.0]]}, "dipole": {"__ndarray__": [[3], "float64", [0.0017558600660802, 0.00314864255200841, 0.0]]}}