{"forces": {"__ndarray__": [[3, 3], "float64", [0.33506781288327125, -0.18774466888328256, -0.0, -0.31957280216022493, 0.2223375676415784, -0.0, -0.015495010723046307, -0.03459289875829582, -0.0]]}, "dipole": {"__ndarray__": [[3], "float64", [-0.0017670205340845414, -0.003101474542632929, 0.0]]}}