{"forces": {"__ndarray__": [[3, 3], "float64", [0.8087078780439291, -0.32554842101806086, -0.0, -0.813277342979433, 0.3100608027840444, -0.0, 0.004569464935502432, 0.015487618234016044, -0.0]]}, "dipole": {"__ndarray__": [[3], "float64", [-0.0002318217086389954, 0.0017380664278449566, 0.0]]}}