{"forces": {"__ndarray__": [[3, 3], "float64", [-0.3255007622458096, 0.219366655622802, -0.0, 0.6437887627631106, -0.441690422388309, -0.0, -0.31828800051730105, 0.22232376676550591, -0.0]]}, "dipole": {"__ndarray__": [[3], "float64", [0.003522878383072082, 0.0062499526688291, 0.0]]}}