{"forces": {"__ndarray__": [[3, 3], "float64", [-0.016176933855024292, -0.0350010376795999, -0.0, -0.3242115238282573, 0.21938161671318804, -0.0, 0.34038845768328013, -0.1843805790335878, -0.0]]}, "dipole": {"__ndarray__": [[3], "float64", [-0.0017558609551002785, -0.0031486429811313776, 0.0]]}}