{"forces": {"__ndarray__": [[3, 3], "float64", [0.01549529950488553, 0.034592766745602334, -0.0, 0.3195722325113484, -0.22233730427079987, -0.0, -0.3350675320162354, 0.18774453752519715, -0.0]]}, "dipole": {"__ndarray__": [[3], "float64", [0.0017670196604402252, 0.003101474139624253, 0.0]]}}