{"forces": {"__ndarray__": [[3, 3], "float64", [-0.004569176281501193, -0.015487750118738366, -0.0, 0.8132767823044498, -0.31006054642631903, -0.0, -0.8087076060229486, 0.32554829654505735, -0.0]]}, "dipole": {"__ndarray__": [[3], "float64", [0.00023182084058325913, -0.0017380668490377853, 0.0]]}}