{"forces": {"__ndarray__": [[3, 3], "float64", [0.31828828125134717, -0.22232389811636394, -0.0, -0.6437893401115793, 0.44169068625766705, -0.0, 0.32550105886022934, -0.21936678814130348, -0.0]]}, "dipole": {"__ndarray__": [[3], "float64", [-0.0035228792643446183, -0.006249953085066033, 0.0]]}}