{"forces": {"__ndarray__": [[3, 3], "float64", [0.002243875458984746, -0.0009601620339780534, -0.08316043142416828, -2.885503730334941e-07, 1.3197244834656668e-07, 0.16632086034474122, -0.002243586908610285, 0.0009600300615297067, -0.08316042892057297]]}, "dipole": {"__ndarray__": [[3], "float64", [-4.405498755737218e-10, -2.0797984456481712e-10, -0.007757037042833754]]}}