{"forces": {"__ndarray__": [[3, 3], "float64", [-0.8540282449118384, 0.35058816553696487, -0.0, 0.8585968098758828, -0.33440012841368066, -0.0, -0.004568564964042926, -0.016188037123283885, -0.0]]}, "dipole": {"__ndarray__": [[3], "float64", [0.0002442216260127684, -0.0017857791216673617, 0.0]]}}