{"forces": {"__ndarray__": [[3, 3], "float64", [-0.0002338427220486754, 0.00010005741322648831, -0.04157127427552124, 0.0035304282923031313, -0.0015106672318751847, 0.08317349481887755, -0.0032965855702530283, 0.0014106098186486963, -0.0416022205433563]]}, "dipole": {"__ndarray__": [[3], "float64", [1.932133678442442e-05, -8.268026437298891e-06, -0.0038786055060457737]]}}