{"forces": {"__ndarray__": [[14, 3], "float64", [0.02360654081208583, 0.09823552659981453, -0.09261645956831906, -3.1228313021434565e-05, -0.011142395181811824, 0.011005570856676493, 6.078732830798065e-05, 0.00012296390856835713, -1.8953528825824097e-05, 2.7062030595892227e-05, 2.849746051930714e-05, -2.548614630568383e-05, 0.005484947625378494, 0.007298507931544282, -0.019581908199876905, -0.02758925775919845, -0.09451289185151, 0.1020848821022721, -0.0008043096219828234, -0.00011236580334123887, -0.0019064587330495087, -0.00021376705130000075, -0.00010937363775566995, -8.860460291487523e-05, -0.00034463308601565055, 0.0001902945919285133, 0.0011341145063367218, -0.00023373820637661658, 1.2996791851873169e-05, -5.159198007439103e-06, -8.068946605612524e-06, -4.679905394233545e-05, 1.6120315071116544e-05, -3.047525349479649e-05, 7.842037103241955e-05, 1.5458949649324486e-05, 5.6900454407607476e-05, -7.445565197093487e-05, -1.1170819800592836e-05, 1.9239987220956787e-05, 3.1073525072751695e-05, -1.9459329044561804e-06]]}, "dipole": {"__ndarray__": [[3], "float64", [-0.0012253169112841733, 0.00914756695475467, 0.004613280485907488]]}}