{"forces": {"__ndarray__": [[14, 3], "float64", [-0.4915928292694637, -0.02836574192339836, -0.02666624892933159, 0.12072956367467752, -0.039236827412973026, -0.03303021128370274, 0.014029391325871124, -0.009868984570350134, -0.005995601912458156, 0.001468241377866379, 6.431201173770573e-05, 7.383557946769524e-05, 0.0820209528615108, 0.08272006126916392, 0.017639162807679524, 0.0659134753135412, 0.0233447517069546, -0.0577870931777677, 0.21556141253720956, -0.02807335225511407, 0.10648592682075435, 0.002696967517952723, -0.0007462067321057046, -0.0049727626524733335, -0.011450343117187132, 0.0004458750807227107, 0.0038595439163567023, 0.00018748319187746884, -0.00020268488827274617, 0.0003084686456987705, 6.388917566945786e-05, -0.00019753263053281782, -5.0709048685034254e-05, -3.280113351782096e-05, 7.409050368400496e-05, 1.8945700054847955e-05, 0.0003782093037880392, 1.5252732332938304e-05, 0.0001135613354294736, 2.6387240203999733e-05, 2.6987108152149916e-05, 3.18219897755056e-06]]}, "dipole": {"__ndarray__": [[3], "float64", [-0.0009678873797237926, 0.009038795419268721, 0.0045548232403598244]]}}