{"forces": {"__ndarray__": [[14, 3], "float64", [-0.01137744636697318, -0.013928872171932095, -0.0032013697992225973, 0.09357072007014673, 0.0810668214563299, 0.025297932001693033, 0.006856253305815208, 0.01537097263417085, 0.005670254357127855, 7.497655284553185e-06, 0.0001364416432261586, 0.000286095721934836, -9.006239808084294e-05, 9.22233110487258e-05, -0.00011773469533204923, 0.00019052883586123358, -0.00042568288589907673, -0.000597329286948642, 0.0006034805499549364, -0.001396842341566667, -0.00031026691273796194, 0.0009344937617098857, 0.0062740848370318805, 0.0008803227151800109, -0.09417591762390087, -0.08711813899763077, -0.02967756727820252, 0.0005250664219121063, -0.00020580699829622132, 0.0010674662776827917, 0.0029321843765064497, 0.00011760287865769984, 0.0007048066305349811, -3.2434995813548966e-05, 7.605208506129829e-05, 1.4223724662041307e-05, 3.519259776594271e-05, -8.894383499088468e-05, -1.4122233011907056e-05, 2.0443809812529043e-05, 3.0088384788421023e-05, -2.7112233594009444e-06]]}, "dipole": {"__ndarray__": [[3], "float64", [-0.0010677728936251366, 0.008913278194680668, 0.004424940562933421]]}}