{"forces": {"__ndarray__": [[14, 3], "float64", [-0.009710213278234028, 0.0006709723203399514, -0.006996265278886777, -0.017961014747239, 0.07911797944970697, -0.008686955995164086, 0.02167700140618806, -0.4687820237437604, 0.0046043779574743504, 0.04370548258925222, 0.1445176673479949, 0.016727167303655744, -0.0003148014590714385, 0.0004167289474091883, -0.00025732235065862766, 0.0001975700839984782, 7.207159744871003e-05, 0.0002265208017637528, -0.00024283080074463144, -0.00024213220278987714, 2.5039150403583758e-05, -0.008934410035157546, 0.00014357549888455005, -0.005210343595035346, 0.015125439941400544, -0.009184916131726773, 0.009804046530596872, 0.03060686721649528, 0.0978046612013823, -0.0882749207479628, -0.08589026504215792, 0.1486561784568127, 0.07349215034919153, 0.0019939330176116906, -0.010213798832239765, 0.002537570824271487, 0.0048011894432846884, 0.009939791220548727, 0.003120823394530914, 0.004946051664373799, 0.00708324486998951, -0.0011118883441802781]]}, "dipole": {"__ndarray__": [[3], "float64", [-0.001234325666305859, 0.009113072241325914, 0.004458844447721879]]}}