{"forces": {"__ndarray__": [[14, 3], "float64", [-0.120698601020679, 0.03612565536737579, 0.028890462859323524, 0.4282652873011809, 0.04172858130280513, -0.011666706251115702, -0.13108575960581573, 0.01779927172422123, -0.03879886628897027, -0.00958057337009925, -0.004676385545107912, -0.006682414835659048, 0.011797975029746225, 0.0008722777667706513, -0.0039534055806134, -0.00253744284287253, 8.890505873457907e-05, 0.004363817290811689, -0.009724339858195109, 0.008697274224200099, 0.008069299967115827, -0.07060575850531788, -0.02358552995383309, 0.054217902193401356, -0.09377930112141344, -0.08141802306181017, -0.0283350644637599, 0.008814611767227759, 0.0016146470244966591, -0.0010660876700355822, -0.010373570879375463, 0.0031908347146089194, -0.004818553408481927, -5.84578374946605e-05, 6.762661437931203e-05, -0.00028256915521531444, 0.00010229493792598734, -0.0003937137481851517, 1.3247661094287559e-05, -0.000536363994817842, -0.00011142148865604807, 4.8937682104094706e-05]]}, "dipole": {"__ndarray__": [[3], "float64", [-0.0010411472577841418, 0.008941486778330404, 0.004502930455441588]]}}