{"forces": {"__ndarray__": [[14, 3], "float64", [-0.004958203382447184, -0.0010218589291545474, 0.007450167427340601, -0.055336813610679846, -0.10033271189875213, 0.22493809431743347, 0.0012033379477725842, -0.00532281798340434, 0.00947338753352398, 0.0002779884580168247, 0.00017670956154203384, 0.0004896607867535046, -0.0006779958170889385, 0.001050869599464067, 0.0014320301572032903, -0.000333233538687512, -0.0001946664810741982, 0.00018434928488601348, -0.0009394394101801762, 0.0004170649517151706, 1.2269753536020075e-05, 0.05861161746571834, 0.1050256787721619, -0.23553534603245369, 0.000882322222278361, 0.001041274972247536, -0.009007514554105322, 8.866786900119477e-05, -0.0003873331763281548, 0.0002448604625747107, 0.0009319685609569077, -0.0006026420461302469, 0.00022229542454617725, -3.102630444557517e-05, 7.821769938231614e-05, 1.664583482918734e-05, 4.910764163835932e-05, -7.026067195874148e-05, 2.305685079687399e-05, 0.00023170189814739113, 0.00014247563028810318, 5.6042753135922316e-05]]}, "dipole": {"__ndarray__": [[3], "float64", [-0.0011254696862634497, 0.009092931930228277, 0.0042609208016286156]]}}