{"forces": {"__ndarray__": [[14, 3], "float64", [0.0002840624269868275, -0.0002670268451722285, 0.0001503535543967142, -0.009139735348661188, -0.008887529851607904, 0.01575454106413153, 0.06861856670979734, 0.03033279571168435, -0.04780184947485598, 0.0019517645441545603, 0.005523748099657488, -0.009638728295357727, -1.0177219252086833e-06, 6.93584882690015e-05, 4.0239582693262373e-05, 0.00043132659589873557, -0.0002653361964185148, 1.2856798365802555e-05, -6.786545828491631e-05, 3.717445345483101e-05, -6.046186136138818e-05, -8.160558940495835e-05, 3.933317715034499e-05, 0.00015637707219147483, 0.0005681410245447516, 6.0462760049999295e-05, 0.0010995509011081954, -0.06605896569295215, -0.034797660765845805, 0.05363054347664444, 0.002348148857333079, 0.006280802872905712, -0.013192082048946414, 0.001441635898978228, 0.0012656411655447724, -0.0003725981122256263, -2.7109578884972124e-05, 0.0002240791773902976, 0.0003122128627621351, -0.00026734666757997466, 0.0003841577529390027, -9.095551954513287e-05]]}, "dipole": {"__ndarray__": [[3], "float64", [-0.0010127385333700892, 0.008993396409937062, 0.004544467073416449]]}}