{"forces": {"__ndarray__": [[14, 3], "float64", [-0.002668912511340547, -0.007104048102683208, 0.013190877823551512, -0.07058844805170163, -0.02420238462651674, 0.05096510318254175, 0.009172443624907838, 0.008818903190240144, -0.015736450251742577, -0.00014793213662546523, -5.696894972400099e-06, -0.00027000504976371195, -0.00019944279567757453, 0.0007144632382324358, 0.000478736356870169, 0.00019445776649741395, 9.398768141939779e-05, 0.0003647416684734177, -0.0018977634500100787, 0.0001685413691968319, 0.0010249922065338805, 0.06811448732093875, 0.02621066768231669, -0.057419050786750914, -0.0009541661293515157, -0.00537224987401075, 0.008478953850935592, -5.451339547828695e-06, -4.246744382462988e-05, -0.00010781199658656546, -0.0007386328151770111, 0.0008814967969753424, -0.000769342723497304, -3.165904902984468e-05, 7.784342248956512e-05, 1.5947884473489042e-05, 3.0008797838361093e-05, -9.402602040424336e-05, -2.6874926458711875e-05, -0.0002789892317209497, -0.00014503041845897492, -0.00018981723857949476]]}, "dipole": {"__ndarray__": [[3], "float64", [-0.001239278709589526, 0.009051408729832516, 0.004427955736121527]]}}