{"forces": {"__ndarray__": [[14, 3], "float64", [-0.10791610795892122, 0.011272026264458791, -0.12612147982359456, 0.007931257485215575, 0.0020196199134972057, 0.01261865951461673, -0.00016000877119367243, -9.320702647175509e-05, 6.165106924128157e-05, 2.2142138970458448e-05, 3.080943409675929e-05, -2.8181864444471608e-05, -0.0035516432163386537, -0.000705148884924443, -0.0013474095955487604, -0.016553351255884512, 0.0016521456818195809, -0.008580953462649437, 0.1189589745887784, -0.013700586277400019, 0.12327691523233109, 0.0010098649682236509, -7.092316377656493e-05, -2.985549270947583e-05, 0.0002706832254198101, -0.00033625552418765084, 0.00013262915372079824, -2.4236801393519653e-05, -4.1247445017314374e-05, 3.0546516463694244e-06, -1.0667442560701942e-05, -4.5027360330061213e-05, 1.662313871975375e-05, -3.475012429481488e-05, 7.804971761482623e-05, 1.2889065632233179e-05, 3.841508789147066e-05, -8.849372801553733e-05, -1.4468383714488004e-05, 1.942807608826975e-05, 2.823839863638815e-05, -7.320324666870571e-08]]}, "dipole": {"__ndarray__": [[3], "float64", [-0.0008790857800880518, 0.008976584617262535, 0.004430677742522044]]}}