{"forces": {"__ndarray__": [[14, 3], "float64", [-0.0013660846555287403, -0.00028940145232112256, -0.0002325462011311352, -0.009778407753301306, -0.014395544443534452, -0.004717172877405454, -0.10028558183612422, -0.04349503255994482, -0.012688146917413488, 0.5080851159437042, -0.03548107464581148, -0.008193914968520675, -0.0004168475551582727, 0.00018987016733965426, -3.394717211792103e-07, 3.0145323700621653e-05, -5.941750793648515e-05, -2.6432806363183114e-06, -6.713613012881188e-05, 3.859110166793957e-05, -6.490651944381352e-05, -0.00023958802559815367, 0.00018411122047160057, -0.00021258443182735286, 3.697114148780623e-05, -0.00018071961858579517, -9.262618975572164e-05, -0.0019830002340960953, -0.005073760447296769, 0.0009497772273974665, 0.012750596099731963, 0.00895474614280599, 0.0001444032754809355, -0.2187233827765791, 0.0365389096408246, -0.10527469727338173, -0.12459474329190517, 0.08763770681134624, 0.07810924893932958, -0.06344805625020492, -0.03456898440902454, 0.05227614868902858]]}, "dipole": {"__ndarray__": [[3], "float64", [-0.0012595628045686041, 0.009051664370999324, 0.004466258180050197]]}}