{"forces": {"__ndarray__": [[14, 3], "float64", [-6.938453511392825e-05, -0.00015930065307456827, 3.649603554562329e-05, -0.0033268817392860684, 1.4737005964478272e-05, -0.0015127681608116885, -0.0919391837547457, 0.15053942612625612, 0.08110436129460781, -0.009092433862186264, 0.012292246487339266, 0.008911729724588535, -9.7241662361481e-06, 8.959388755387841e-05, 3.4832878511349924e-05, 3.785413945216261e-05, -5.958963326086686e-05, 3.563368417878615e-06, -6.932361729820933e-05, 3.719141135360218e-05, -6.134723820001748e-05, -0.001006992633905903, 0.0008440023903267016, -0.0005140841127894932, 0.00019238861582952297, -0.0004152147535528044, -0.00011067909027205242, 0.0064722671603616765, -0.010602348036287373, -0.003822202712297432, 0.09761579191949242, -0.15603148445254136, -0.08529365424562615, 0.0008637373560271096, 0.0011550164430128515, 0.0010481378319696021, 1.0619980493418154e-05, 0.00015594013278765975, 0.00025467629588161924, 0.0003212651371150572, 0.0021397836441219577, -7.906186952534789e-05]]}, "dipole": {"__ndarray__": [[3], "float64", [-0.00092166141703305, 0.008909434645291665, 0.0043921327537103155]]}}