{"forces": {"__ndarray__": [[14, 3], "float64", [-0.03224192615548679, 0.029359129311700014, 0.09858088039297636, 0.007872146166942503, 0.008338542734290022, -0.4777378620231763, 0.0447934872451839, -0.008232044167999223, 0.10066439265969061, 0.0046717779530372, 0.003942950928928566, 0.0013868526317822158, -0.0012752423136845686, 0.0035895417644460537, 0.0015131451828576275, -0.012403845122707246, 0.010986777945566174, 0.0064144180792136095, 0.003920397084450702, -0.007661197706917718, -0.012887477667345033, -0.050222941655524954, -0.09051450603717454, 0.21873799352797427, 0.025511633795896705, 0.05521950867797019, 0.06462382442770762, 0.016027952355061985, -0.0035741989811175615, 0.009409710100067203, -0.006847182665961285, -0.0016310300574299736, -0.010816446414418679, 0.00019315990524720002, 1.8723530091585038e-05, -0.0002362506052049556, 0.0002551492954105536, -7.638467793997459e-05, 0.00042129423334112123, -0.0002545658878660637, 0.00023418673558637314, -7.447452546530841e-05]]}, "dipole": {"__ndarray__": [[3], "float64", [-0.0010886716086787288, 0.009075973290766181, 0.004602192647402604]]}}