{"forces": {"__ndarray__": [[14, 3], "float64", [0.08269310845396077, 0.07545446642080404, 0.015403823479946363, -0.011607327606700423, -0.01396941969082955, -0.0013261864959996203, 6.223264147792964e-05, -0.00031057863080197066, 3.3264579012668695e-05, 0.00043195109448503717, -0.0001137312090250394, -6.740627991019429e-06, -0.07848845521321572, -0.08415178346174489, -0.01830475752933082, 0.0011055297824992447, 0.005181713889064184, 0.0009577832333713393, 0.004249675907300238, 0.01847212636781008, 0.003348984114727417, 0.00012332350216132283, -0.00039443682216665265, -0.0006152394658065001, -5.836844511012166e-05, -5.660977454879746e-06, -8.982297517972302e-05, -1.361243008386796e-05, -6.083834850756065e-05, 1.049292565023008e-05, -1.0518433783013898e-05, -4.41136960450003e-05, 1.7450098049775832e-05, -3.6142071334928796e-05, 7.908051934266335e-05, 1.2858761821087777e-05, 0.0014760337010085972, -0.00016212880181144408, 0.0005733085883810456, 7.256911733549028e-05, 2.5304441365669988e-05, -1.5218686651712954e-05]]}, "dipole": {"__ndarray__": [[3], "float64", [-0.000991976626179176, 0.008933984681070237, 0.004460728591753655]]}}