{"forces": {"__ndarray__": [[14, 3], "float64", [0.22178818974724218, -0.026136561065736953, 0.11828209786183891, 0.009650193877586598, -0.0026544068558644286, 0.004180867931982797, 0.00010521615796161219, -0.0001844178483471262, 6.414778680235448e-05, 2.7693889498332697e-05, 2.718272734437648e-05, -2.918217487803964e-05, 0.004438935536883319, 0.0012377514062852906, 0.003647505888912895, -0.011120414301735543, -0.0008393712035915494, -0.0017919615434729911, -0.22733873572385843, 0.030218956282943032, -0.12316572043939523, 0.0017690724915791533, -0.0002772997456565798, -0.0008383409666740718, 0.0006920527551070215, -0.0013241130349721903, -0.00036992546625699016, -2.6239404444349482e-05, -4.18090459601063e-05, 7.0820031143456405e-06, -8.74783455767222e-06, -4.9450546368997086e-05, 1.4175149873303513e-05, -2.8116887181281923e-05, 7.737864231575572e-05, 1.7322087072604363e-05, 3.1534190118857946e-05, -8.630207799400756e-05, -1.1859870295599495e-05, 1.9365505801411485e-05, 3.246236560357018e-05, -6.208248623102868e-06]]}, "dipole": {"__ndarray__": [[3], "float64", [-0.0014865545698084727, 0.009146487284326089, 0.004331773868358641]]}}