{"forces": {"__ndarray__": [[14, 3], "float64", [7.513133741706046e-05, 1.8725768758276612e-05, -4.636744507601395e-05, 1.2807975282129458e-05, 5.817460649885776e-05, 0.0002144943449104867, 0.006113931332997142, 0.002033031754791375, 0.003443469628322159, 0.21917440630480375, -0.043173764015920886, 0.10636083379634882, -1.6486160711363435e-05, 8.564679676887959e-05, 3.3332475587512974e-05, 3.6859695834876e-05, -5.7947710532976923e-05, -3.6220781765028225e-06, -6.271959300081289e-05, 3.5279641286509524e-05, -5.6967049189072234e-05, -6.23865864217518e-05, 3.7506548678974924e-05, 4.572023802205762e-05, 1.8967125385953746e-05, -4.7169709042384066e-05, 2.4801898452605196e-05, 0.0014177888746856385, 0.0010462385993022499, -6.49354441441678e-05, 0.00011879388689767372, 0.0008340129248775449, 0.0005318626913209945, -0.22471963436737416, 0.04227847628234125, -0.1137188725749463, 0.008556932643150434, -0.0029647963220854738, 0.004545520790300985, -0.010664392468946739, -0.00018341516572113398, -0.0013092712717339167]]}, "dipole": {"__ndarray__": [[3], "float64", [-0.001453604680391344, 0.008990231145217395, 0.004260293874620196]]}}