{"forces": {"__ndarray__": [[14, 3], "float64", [-0.03949906318644877, 0.10019082577107864, 0.026253597672607033, -0.03882171316020335, -0.495522092803078, 0.01351673679801726, -0.00991830238585114, 0.07793909574510446, -0.003790097924619779, 0.014299011594240617, -0.009015353454002013, 0.010166360946756653, -0.014142955789316247, 0.007713892402502552, 0.008918200501041263, 0.007269570813798663, -0.01118478748423667, -0.00018299799212092874, -0.002660122877803617, 2.52800188201012e-05, -0.0021894140091733992, 0.024095963893952858, 0.10007064850650124, -0.09930405875622211, 0.07890361181948728, 0.22930755728353724, 0.06018863217846691, -0.00884568247989809, 0.0001773971955579475, -0.004991829914909705, -0.011120183569385158, 1.785244980389901e-05, -0.008792699233052642, 4.894689336437359e-05, 5.568228220207951e-05, 2.1262327579689764e-05, 0.0001571782359804399, 3.765915911502019e-05, 0.0001905841530315155, 0.0002337401980819359, 0.00018634292709329025, -4.27674740217502e-06]]}, "dipole": {"__ndarray__": [[3], "float64", [-0.0010435003434496202, 0.009062683529828591, 0.004524136907803348]]}}