{"forces": {"__ndarray__": [[14, 3], "float64", [-0.00579290591851201, -0.0021230226848757854, -0.01252341383626845, 0.03890192832736578, -0.004227221126624404, 0.09960789514346188, 0.046907226703812456, 0.008056927484270941, -0.4982701997042479, 0.013027724064363377, 0.013737730837470362, 0.07590441253732452, 1.4131423583308771e-05, 5.179809180162053e-05, 0.00014506688152015343, -0.00023278406061130237, -8.46163473437712e-05, -6.469824105175108e-05, -1.104595752539849e-05, 0.00015993934628441306, -0.0001139379583779567, 0.01554056087627856, -0.0030187893992999516, 0.009218039121393155, 0.005432159101881914, 0.0011241484663146, 0.002151846402339062, -0.04949202597894715, -0.09658826819851984, 0.22955364087954794, -0.06644202436452097, 0.0788680929661753, 0.10451319620177454, 0.003570078315933231, 0.009787819308997138, 0.000644858788212321, 0.007637074975453778, 0.00845427010037093, 0.0004983484872320839, -0.00906009750855511, -0.014198808845020526, -0.011265054702858912]]}, "dipole": {"__ndarray__": [[3], "float64", [-0.0011707179851431588, 0.008978370699386954, 0.00451089676089874]]}}