{"forces": {"__ndarray__": [[14, 3], "float64", [0.0038661924086158335, 0.009473920080069875, 0.001880455388449786, 0.028301064042218375, 0.06124040424733667, 0.06488286689980226, 0.004735927496516329, 0.009929601980326374, 0.00211298536748568, 0.0001430712916427165, -7.559881398867769e-06, -0.00024991172193926527, -0.0001290710255266642, 0.00033653448155452807, -0.00026046244654506095, -0.0003391077112628945, 0.0010706324648616817, 0.0013210518875287794, -0.0004570211054827026, 0.00010769536606043166, -0.00016538671233433283, -0.008438002755148161, -0.018359091262674904, -0.008930571425660378, -0.02938217875862225, -0.06404312751566872, -0.062030312119425134, 0.0010734792838092365, 0.00041520263653864497, 0.0015126285880277068, 0.0006035548950831594, -0.00018303261518761205, -7.528498402053535e-05, -3.1721506334072445e-05, 7.668356060604505e-05, 1.5683780968465118e-05, 3.3760410193092324e-05, -8.808723346401418e-05, -1.2395353910473162e-05, 2.0053034297395828e-05, 3.0223691039108347e-05, -1.347148426905242e-06]]}, "dipole": {"__ndarray__": [[3], "float64", [-0.0012105468822966544, 0.008873359629227428, 0.004544392431849257]]}}