{"forces": {"__ndarray__": [[14, 3], "float64", [-0.06623314401831273, -0.02731855396514036, 0.060990461723202126, -0.002567505025938758, -0.007152874221347967, 0.011987145561698892, -0.000562437332377424, -0.00016955722666927702, 0.000272615490149205, 2.1032870146825712e-05, 3.30632116463102e-05, -2.2196081772984176e-05, -0.0010980188423073613, -0.0030790061191268026, 0.006774483043375612, 0.06024203995249027, 0.02745984533645341, -0.0637962409776694, 0.01068207376691628, 0.00933481050972223, -0.01699122898079211, 9.283069993048915e-05, 0.0001904183714489153, 0.00040342688338624363, -0.0001323420057959608, 0.0005827333863599564, 0.00039524812947826216, -0.00041920472584032746, 0.0001778769853334437, -2.3490219176737056e-05, -9.1809691510114e-06, -4.7492391802202226e-05, 1.5597299740256856e-05, -3.185604913016471e-05, 7.81722177627772e-05, 1.3782680656556911e-05, -6.031305319543315e-06, -0.00011909833836536146, -1.808731307549314e-05, 2.1742984690372264e-05, 2.966224372468194e-05, -1.5172392001152623e-06]]}, "dipole": {"__ndarray__": [[3], "float64", [-0.0011110850804283369, 0.009056714350791178, 0.0043696315270891194]]}}