{"forces": {"__ndarray__": [[14, 3], "float64", [-0.00021757409045683747, 3.184870664670501e-05, -2.3992891182583055e-05, -0.0010498036055276883, 0.005161295976918989, -0.009397551948833911, 0.0516455422558639, 0.09121070180558662, -0.22919720598062618, 0.0009733952726374595, 0.0011332140467177553, 0.010319125544946869, -1.7959130003314238e-05, 9.958318858078873e-05, 3.261289796621179e-05, 9.35641961515323e-06, -5.0010129918079316e-05, 5.5657912040149796e-05, -6.888300177866987e-05, 3.7270782057793735e-05, -6.140041973235278e-05, -0.00017670975748498654, 0.00038917425655129995, -0.00019535344572895347, -0.0010483155627918645, -0.0002106630157223826, -0.0014829174915960703, -0.05487774226248696, -0.10192956019311142, 0.23909281492935547, 0.004643939137507255, 0.003867901176679285, -0.009646117868725178, 3.4812479469113384e-05, 0.00011464455706838057, 0.0002932212442625476, 3.8658888369116254e-05, -6.0399880449546226e-05, 0.00029163095578740904, 0.00011128295706756532, 0.00020499872239391809, -8.052343793443095e-05]]}, "dipole": {"__ndarray__": [[3], "float64", [-0.0011145107871094575, 0.00881373424652778, 0.004595513174567863]]}}