{"forces": {"__ndarray__": [[14, 3], "float64", [0.0002269590969551985, -0.0004818554286627654, 0.00021876866337624458, 0.0016647512969964655, -0.00019841215624325092, 0.0033891708981174393, -0.033458094012061644, -0.09809173220169794, 0.09367218692041837, -0.004771113542635518, -0.007555760447607317, 0.014756566408586672, 6.47470135279888e-06, 5.4616757225545695e-05, 4.386101488269804e-05, 0.00025929706863326364, -0.00011394567878532623, 1.0047376474422842e-07, -6.63009960134016e-05, 3.4923390942951566e-05, -5.940522688012079e-05, -6.429094370249389e-05, 0.0003427994950779303, 0.0003792797864564554, 0.00017942524907568617, 0.00024816015109500254, -0.00042259149220453044, 0.03438331548043806, 0.0985473712434305, -0.0989643941643236, 0.0034432440530187936, 0.010194010007261676, -0.013251035064726125, -0.0011239892036704776, -0.0006066183818146923, -0.00014563358351096767, -0.0003501480296489983, -0.00232035398159295, 0.00021039932971712622, -0.0003295302187371551, -5.320276862905287e-05, 0.00017272603632482715]]}, "dipole": {"__ndarray__": [[3], "float64", [-0.0011439217308045258, 0.009056937708629028, 0.004320390053326959]]}}