{"forces": {"__ndarray__": [[14, 3], "float64", [0.00014334857890524233, -0.0002819998444811218, 4.784851759259662e-05, 0.010301896462691168, -0.010994012991682749, -0.006680978613584959, 0.136885481703768, -0.08667165378295622, -0.06597213967673995, -0.012448830289730414, 0.005765917618979317, 0.006123738905600548, -1.4189122490417644e-05, 8.95532761171927e-05, 3.433032333196914e-05, 3.754426447396675e-05, -5.88722029461483e-05, -1.8986444270518013e-07, -6.665329950259715e-05, 3.740706062912853e-05, -5.7683070223942455e-05, 0.0006676100010719959, -0.0006749675479361302, 0.0009684787541340947, 0.002881113401475398, -3.052445539193906e-05, 0.0006299369653925243, 0.002369472294640793, -0.003360046438803902, -0.0045319484371955186, -0.14074637595557238, 0.09494224878565842, 0.0688096859502779, 8.8549989920671e-05, 0.0009476233699150597, 0.0007908013091555552, -3.284442516275708e-05, -7.538924783963718e-05, -0.00014444350474345814, -6.612360448826798e-05, 0.00036471640073938916, -1.743755855378413e-05]]}, "dipole": {"__ndarray__": [[3], "float64", [-0.0011510486395449621, 0.009203310782598551, 0.004563198290939147]]}}