{"forces": {"__ndarray__": [[14, 3], "float64", [-0.023634091700032223, -0.09889044387420297, 0.0913664596748747, 0.0001985430860866626, 0.010952711159771963, -0.01087458030119705, -3.423335916862592e-05, -0.00014041621677103938, 3.2202438896971326e-05, 2.8077133049654904e-05, 3.151888771055082e-05, -2.5400677658939164e-05, -0.005139206323800124, -0.006745940431685865, 0.01911754245544425, 0.027210023770876803, 0.09485726139693901, -0.10049220826591437, 0.0007160835864737465, 0.00017787197768153135, 0.001767541243588969, 8.963687316672379e-05, 0.00018597135873698434, 0.00017626777594696702, 0.00038854989812473026, -0.0002904838905710091, -0.0010975497109843152, 0.00018534076011557997, -9.452120121581299e-05, 1.537564053723001e-05, -9.976291183711097e-06, -4.730773128080153e-05, 1.6748132496485734e-05, -3.430078484569938e-05, 7.719902017283925e-05, 1.3627377507802908e-05, 1.482522465683594e-05, -0.00010156805571603713, -1.540682934942769e-05, 2.0728126480256344e-05, 2.814760043090245e-05, -6.189541894442568e-07]]}, "dipole": {"__ndarray__": [[3], "float64", [-0.001023261911029399, 0.008909794011929156, 0.004377948460717651]]}}