{"forces": {"__ndarray__": [[14, 3], "float64", [-0.05620869476795619, -0.09526965924756646, 0.22805353987232566, -0.004290747621858587, -0.00018262661430292723, 0.0062085727840344145, -0.00012383186127932282, 0.00020774980089329962, -5.766698045135697e-05, 3.173302042929824e-05, 3.5873618739858706e-05, -2.4331447238471397e-05, 0.0009192183623145393, 8.610155068008745e-05, -0.009719985030739722, 0.06237167306322127, 0.09902080039144551, -0.23452900419322378, -0.001706272104557662, -0.004550167812705924, 0.008564049804360967, -0.00041342500246777824, -8.805125708384732e-05, 0.0002236364625550042, -0.0005742464241538755, 0.0008137212819740965, 0.0013148745779491464, -1.4644852294893292e-05, -3.9293975527835776e-05, -4.886880860859557e-05, -1.0814974714288222e-05, -4.5097041016109006e-05, 1.8421672188319595e-05, -3.760012773957042e-05, 7.802424888751303e-05, 1.2807731663417327e-05, 3.7597894941429645e-05, -9.496286983372332e-05, -1.832105743295929e-05, 2.005539611675573e-05, 2.758792541567174e-05, 2.274612618523689e-06]]}, "dipole": {"__ndarray__": [[3], "float64", [-0.0008065971098869606, 0.009112557792254962, 0.004339100845617914]]}}