{"forces": {"__ndarray__": [[14, 3], "float64", [0.00010597884140276233, -0.00032153979999841286, -8.20252764744296e-05, 0.004687675879004625, -0.008973101971450875, 0.0038907376258024606, 0.03730002455274268, 0.1410470045056442, 0.01360596788984193, 0.039273010538330405, -0.4732171290620854, 0.013595054626897867, -0.00015355687137472054, 0.00011657241245525546, 2.6041573012126518e-05, 3.439555392578038e-05, -6.135188787062426e-05, 7.59600439255633e-06, -6.965359022324893e-05, 4.0267884378630515e-05, -6.011049663526086e-05, -2.437461052983778e-05, 4.8208332042620954e-05, 0.0001880741414658842, 0.00012310011360427953, 2.1910422647346268e-05, -1.3435548032164352e-05, 0.005248592456686281, 0.007578603440635958, -0.0011375242368529012, 0.005625121539353, 0.01177723105957159, 0.00433662874885294, -0.04428667686344139, 0.06335102275614929, -0.028059399270946677, -0.08211166116017674, 0.15293129095960234, 0.08923660632349131, 0.03424802362069642, 0.10566101094827841, -0.09553421210481522]]}, "dipole": {"__ndarray__": [[3], "float64", [-0.0009933843443044933, 0.009040956177990608, 0.004530607919224605]]}}