{"forces": {"__ndarray__": [[14, 3], "float64", [-2.5207661557945582e-05, -1.1342930833212617e-05, -9.953679981163746e-05, -0.0003377857260242619, -0.0001448942312687783, -9.407260130273147e-06, 0.008098165270232934, -0.010075358394799184, -0.008666841602426615, 0.08810012333053631, -0.15269137125583065, -0.09169903598460045, 6.338355764701429e-05, 0.00028494614655984266, 6.451235993467394e-05, 5.586107943958043e-06, -7.342152295342114e-05, 8.593155313822566e-06, -6.85812590040674e-05, 3.590034468087075e-05, -5.9834378739451934e-05, -6.780053688578342e-05, 3.25787739677585e-05, 2.6923741511062533e-05, 1.999563533418183e-05, -5.0803978204526564e-05, 2.4265524696274366e-05, -0.0003447148465833754, -0.0023394880083205676, 3.843664897618849e-05, -2.286179788829115e-05, -0.0002919452833096924, -0.00040869354920189155, 0.0029029376301061066, -0.0009295016147126445, -0.0004407658212468405, -0.0913886828220339, 0.15329663198055624, 0.09683293710392941, -0.006934556881822699, 0.012958069974467695, 0.004388446861795673]]}, "dipole": {"__ndarray__": [[3], "float64", [-0.0010667580345048381, 0.009126799745297084, 0.004714050608122524]]}}