{"forces": {"__ndarray__": [[14, 3], "float64", [-2.170254246921125e-05, 0.0004361278310205282, -6.366337864419441e-05, -0.006846893951892933, -0.010256593245098738, -0.0013878859354595457, -0.012543312890504442, -0.016545198811230052, -0.07595700973188127, -0.005864670158688938, -0.01768046253768808, 0.5277683641810116, -2.9994189865303432e-05, 8.263495476876685e-05, 6.125828844660074e-05, 4.080893299786321e-05, -5.980839769554137e-05, 5.097882943044148e-07, -6.324251655329588e-05, 3.6315507370011714e-05, -6.208338213176038e-05, -0.00031558092010541746, -0.0003437762529758542, -0.00047156842846449404, -0.0002923055644549486, -0.0001659763046732885, 0.00024374639308901415, 0.009458415803718298, 0.014928172105231617, 0.010226367173272355, -0.006277761803996141, -0.00884642103284595, -0.0007043144552580962, -0.10729528801761197, 0.024326318833171115, -0.10956214158034022, 0.0730773160009596, -0.08897208629872816, -0.119777438502507, 0.056974211818467374, 0.10306075364937319, -0.23031414042942686]]}, "dipole": {"__ndarray__": [[3], "float64", [-0.001172344211748387, 0.009049675109550676, 0.0044448316519007745]]}}