{"forces": {"__ndarray__": [[14, 3], "float64", [4.923743259892325e-05, 0.00035715496044490963, -7.193351865210342e-06, -0.004737568032026984, 0.009208481668523448, -0.003949632385992632, -0.038822037481017126, -0.1445633060541875, -0.013913233538091792, -0.033035087210870985, 0.47443368313880513, -0.013493524695165118, 0.00012789175026320696, 5.996743518153112e-05, 4.262980644984614e-05, 4.034488036584686e-05, -5.8328386191888854e-05, -4.34474232149424e-06, -6.410579218069195e-05, 3.24584575872988e-05, -5.8470616270344225e-05, -9.729934082742157e-05, 3.126058107671737e-05, -0.0001017814742435264, -8.755138305379971e-05, -0.0001252008920361131, 6.12446875216072e-05, -0.005507642346228507, -0.007868313078506424, 0.001133620411234514, -0.005878577467667921, -0.012267345966612445, -0.004498945533696514, 0.043780468823917514, -0.06343361036285165, 0.028296288227785515, 0.0786424302525528, -0.15077645209607876, -0.08665075327523131, -0.034410504085824974, -0.105030449405154, 0.09314409647988676]]}, "dipole": {"__ndarray__": [[3], "float64", [-0.0012632400106806555, 0.009010758930600417, 0.0044618864090840045]]}}