{"forces": {"__ndarray__": [[14, 3], "float64", [0.0007363075690097235, 0.01067942267691123, -0.01098653741621868, -0.023738839873422388, -0.09999438749685492, 0.09319765698436173, 0.0013863726205146428, -0.00014818344688823326, 0.0032045583174851178, 0.00017162063049436227, 2.1393321370957044e-05, -0.0004097433448890138, 0.0004159793394711002, -0.00023859904464808578, -0.0011723917968658492, 0.00019135797114324307, 8.854880902691422e-05, 0.00013150707481305877, 0.00024717495622564274, 5.0279456902841846e-05, -0.00016891268329222996, 0.026403398248398418, 0.09969572643290285, -0.10357142953500793, -0.006351211502154879, -0.009542334795745781, 0.018646482677746143, -2.4780396835557138e-05, 0.00026830948225970965, 0.0003537285726349317, 0.0007170519936324947, -0.000851708030463043, 0.0008853623943529838, -3.088950662316658e-05, 7.657855620658708e-05, 1.5846403227759678e-05, 2.8950406762238345e-05, -9.443038767749707e-05, -2.9380104419555813e-05, -0.00015249245661510903, -1.061553330436828e-05, -9.674754392734625e-05]]}, "dipole": {"__ndarray__": [[3], "float64", [-0.0011131989796676642, 0.008918798547552377, 0.004379990962348714]]}}