{"forces": {"__ndarray__": [[14, 3], "float64", [7.845301871055287e-05, 1.1558218050554153e-05, -4.835679361634402e-05, -0.00016830181953055313, -0.00017704276345297963, -0.000205838290791921, -0.004270321730457376, -0.0070929889768242245, 0.014552766611572326, -0.03471099421476791, -0.10531843506289967, 0.10117044205442959, -8.401562696628943e-06, 9.473959851170306e-05, 3.5610548418907095e-05, 3.746101528769166e-05, -6.131419511830974e-05, 3.637440239957198e-06, -6.97526644337337e-05, 3.623216524224193e-05, -6.068850968188172e-05, -0.00023998663469196866, -2.732232048339679e-07, -6.818227592646364e-05, 1.8552310554586222e-05, -5.238660231525151e-05, 2.352667245910391e-05, -0.00038055172525532706, -0.00012543865351884702, 0.0001818288366492419, -0.000352465061567244, -0.002157504874425844, 0.00026189865846042317, 0.00014389642959412277, -0.0006876341247364616, 0.0031516895537703573, 0.0024671567138263564, 0.012807915820648089, -0.013310837820359517, 0.03745525592542706, 0.10272257267404333, -0.10568749668562379]]}, "dipole": {"__ndarray__": [[3], "float64", [-0.0009143544867467689, 0.009045632180734148, 0.004355222531548137]]}}