{"forces": {"__ndarray__": [[14, 3], "float64", [-4.885689984877324e-05, -5.145416882901481e-05, -8.014527492078306e-05, 3.491947565331738e-06, -0.00022495046699492628, -0.00043646434674071455, -0.001164724836933144, -0.003087966005232388, -0.0005517775122835496, 0.07734003615379004, -0.08895474772431612, -0.1201239869705681, -0.0005885562720385928, 0.00014131297713276277, 1.9479166302149448e-05, 3.267064022152345e-05, -6.189667696105544e-05, 6.627963051378306e-06, -6.83207709510885e-05, 3.705838412665593e-05, -6.05108563863337e-05, -7.56151043774029e-05, 2.253195459401451e-05, 8.06520644561456e-06, 1.9873927970574085e-05, -4.921042368911298e-05, 2.3275191444997157e-05, -0.0003510027186738973, 0.00019091950510268616, 0.0003104778494547608, 0.00012449152278785113, -0.00031480256500820026, 0.0002846316918492639, -0.004714638933632048, 0.009322775341938698, 0.011751411110753222, -0.08110419462189666, 0.09637764969863691, 0.11796299582142006, 0.010595345966016648, -0.013347219830499697, -0.009114079039821352]]}, "dipole": {"__ndarray__": [[3], "float64", [-0.0010821074764298729, 0.009210064863455483, 0.0044924081885992844]]}}