{"forces": {"__ndarray__": [[14, 3], "float64", [7.140610872310439e-05, 1.2719164237215427e-05, -5.0307953079205e-05, -0.00032869319268612283, -2.740321283933671e-05, 0.00024876035658813597, -0.00226766546488101, -0.0024839337254451825, -0.0006812147329366212, -0.10871912961286123, 0.028209207367082222, -0.10958616782801205, -1.0985868838386962e-05, 9.009543020774033e-05, 3.3769045149365523e-05, 3.6660710728591754e-05, -6.075699644854755e-05, 3.3452755254674834e-06, -6.967812465576265e-05, 3.7028374049680524e-05, -6.097321981202858e-05, -6.034379369140532e-05, 4.028860256803646e-05, 4.2309833676217914e-05, 1.9339048416204235e-05, -5.22353997103854e-05, 2.3002237906305683e-05, 0.00036529585653848756, -0.0002063896929879269, 0.00028386181699548786, -0.0007898211442208228, -0.0010814131002850776, -0.0009226144551162031, 0.11731430739238444, -0.02735381058992038, 0.10697638944127343, 0.011483374721816153, -0.00041524083320416835, 0.011716006953279593, -0.01704406663677192, 0.0032918446126962305, -0.00802616677143822]]}, "dipole": {"__ndarray__": [[3], "float64", [-0.000844970380118468, 0.009049132892009948, 0.004478217174755916]]}}