{"forces": {"__ndarray__": [[14, 3], "float64", [0.002809711964279778, 0.0071166142532947145, -0.012835348244080011, 0.07083801155419561, 0.024474538427526116, -0.051691880889497166, -0.008880294433738773, -0.008833459430633036, 0.01589841239436909, 0.00020681937472407906, 6.72647799034996e-05, 0.0002270962590215775, 0.00017652700412334928, -0.0005295805123062779, -0.0004118337484062405, -0.0001170052222001599, -0.00020944053595556227, -0.00035199815499050536, 0.0017183303437438265, -8.84738262315031e-05, -0.0011132210894021029, -0.06886532912500944, -0.026290948080591167, 0.05743489250016841, 0.0010974137734944198, 0.005119589985383593, -0.008297873215638378, -4.607502296177868e-05, -3.943288489360734e-05, 0.0001177289124672334, 0.0007264481943674467, -0.000992538698022845, 0.0008165940237752368, -3.3022234844620845e-05, 7.77778381305641e-05, 1.3200156979996633e-05, 4.1378837870830174e-05, -8.186692679057922e-05, 4.2098243816507603e-07, 0.00032708499195660713, 0.00020995561118536082, 0.0001938101127955767]]}, "dipole": {"__ndarray__": [[3], "float64", [-0.0010130436998523702, 0.009003504292706497, 0.004568699583466415]]}}