{"forces": {"__ndarray__": [[14, 3], "float64", [-0.031763519658257716, -0.5087146111084967, 0.01673291341399751, -0.03490958530851944, 0.09931158480066647, 0.028650615132630636, -0.006198260476075242, 0.0007022742850869515, -0.002180943578000827, 0.0003278603876342883, -0.00030669138849012423, -0.00043959481414629445, 0.07758696019219968, 0.260417810940293, 0.055924414029378866, 0.027398073592959905, 0.09882343101215214, -0.09614824625830204, -0.02523785289864612, 0.05063574163038329, -0.01099449627693423, 0.006966320502545869, -0.010463407610775891, -0.0009499607114023345, -0.01372704525185448, 0.009304381286790673, 0.009148192549277859, -0.0003079189919222638, 0.0004553356737207395, -1.1427810546915057e-05, -0.00030547726090351387, -0.00021816793735470716, 0.0002021083926383919, -2.858532603540159e-05, 8.080289747273631e-05, 1.6772923672684947e-05, 0.00017356260354159958, -6.153214705730266e-05, 5.316731597017741e-05, 2.5467893332268218e-05, 3.3047665608627796e-05, -3.514308233656785e-06]]}, "dipole": {"__ndarray__": [[3], "float64", [-0.0012156779190031378, 0.009052003767940449, 0.004454332229691749]]}}