{"forces": {"__ndarray__": [[14, 3], "float64", [1.2099500909983245e-05, 0.00020207315917996079, -0.0001108016904659154, 0.004886905410713842, -0.00895559836897666, -0.010843209419653941, -0.06377151731782353, 0.0750968750478714, 0.10415933907469485, -0.0001765119410727405, 0.004479392927663374, 0.0007379147173555527, -1.1656815719169457e-05, 8.808140791953832e-05, 3.568809439532739e-05, 3.8243522909301417e-05, -6.015482107128837e-05, 3.5772069938271155e-06, -6.917100885252019e-05, 3.7073316999442526e-05, -5.9495210792190444e-05, 0.0007267288533919481, -0.0008179769626666409, 0.0002544147297898221, 0.0006973140467147116, -8.35335585337946e-05, -6.262349684765856e-05, -0.013336969971180314, 0.01348661140670084, 0.009715827501440061, 0.07025349125647364, -0.08486758637256872, -0.10420347964660087, 0.0004872568758926027, 0.001273139169448291, 0.0009533976749928134, -0.0001377236763476502, 0.0003359520880821231, -0.0002780577189027239, 0.00040151126398979016, -0.00021434844004732283, -0.0003024918163995739]]}, "dipole": {"__ndarray__": [[3], "float64", [-0.0010386401733305888, 0.00890779079707105, 0.0045858699202173765]]}}