{"forces": {"__ndarray__": [[14, 3], "float64", [0.03811101689503729, -0.09928430126318409, -0.026395156317291314, 0.04440318426444986, 0.5030499070007777, -0.009039715320894735, 0.009917551808474053, -0.07926438962052869, 0.00393666544667201, -0.014069761603649754, 0.009164035616750953, -0.010164995579272841, 0.01374940882917873, -0.007227576893532852, -0.008481350491959623, -0.007034904167107232, 0.010911358298721013, 0.00027538189877832965, 0.0024963534023739607, 5.6102102623738696e-05, 0.0020831605054916547, -0.024580971731053995, -0.10043405329814893, 0.09711281729693191, -0.08285255110894046, -0.23649977027920402, -0.06310658776587272, 0.008885973731993617, -0.00016981826003089977, 0.005130205195386283, 0.011356825766927503, -6.731522849357407e-05, 0.008851561172341772, -0.00011081032627307842, 9.928594622202033e-05, 9.324877962723041e-06, -8.366416699008237e-05, -0.000209464556787291, -0.00021116237993695368, -0.00018765159442054127, -0.00012399956518455981, -1.4853833682454653e-07]]}, "dipole": {"__ndarray__": [[3], "float64", [-0.0012095411155669583, 0.008991241146601662, 0.0044690110724191]]}}