{"forces": {"__ndarray__": [[14, 3], "float64", [0.001447863293394608, 0.0003119565165967412, 0.00013644613428706058, 0.009579407593053837, 0.013975428656005373, 0.0045220655819544694, 0.09891837822477516, 0.04225793088655522, 0.013303320147459252, -0.5134277382212697, 0.036818355365216465, -0.00048024569976449295, 0.00037509804233137677, -7.595809444877105e-06, 6.775276932749571e-05, 4.400889249598877e-05, -6.0431378107457295e-05, 5.905472033092268e-06, -6.701468963780776e-05, 3.4199008342548084e-05, -5.393710048659322e-05, 0.00011503858591960272, -9.610229859282979e-05, 0.0002832033514792635, -2.525165538482432e-06, 6.663791678404162e-05, 0.0001322262840860038, 0.0019305770282212734, 0.004872342332669515, -0.0009642156914030659, -0.012529042819741494, -0.008958786876144442, -0.00020103585338847535, 0.2253929734252375, -0.038066424250263235, 0.11043925309627303, 0.12409103628976201, -0.08588241199405434, -0.07531053274517369, 0.06413193952099637, 0.03473490192443668, -0.05188020574668292]]}, "dipole": {"__ndarray__": [[3], "float64", [-0.0009916619583893236, 0.009001988682538547, 0.004530819847069829]]}}