{"forces": {"__ndarray__": [[14, 3], "float64", [0.05907586768545637, 0.09956640412421487, -0.23464522841879074, 0.004354774391053231, 0.0002775659436247799, -0.006399632300443127, 0.00014561594093785759, -0.00023391896643187157, 7.524467000744404e-05, 2.3186235787893267e-05, 2.3930950914882402e-05, -2.6514533504025304e-05, -0.00104594114061692, 9.618600431652482e-06, 0.010257715739823292, -0.06519672326361131, -0.10369289259210986, 0.24108221213663977, 0.0017326184055855387, 0.004875522090885121, -0.008986951368721179, 0.00030343873798462735, 0.00017072074757779857, -0.00013833188006537306, 0.0006258745684908202, -0.0009339699469830134, -0.0012951296560933024, -3.794137426017529e-05, -4.2166454782818395e-05, 5.898160739215162e-05, -7.199942701864012e-06, -4.904419205713968e-05, 1.4425674182103868e-05, -2.708990080019624e-05, 7.758659343897209e-05, 1.6330543305631178e-05, 3.360788848849111e-05, -8.103089006652951e-05, -8.205805098749587e-06, 1.9911768206474046e-05, 3.167399134243178e-05, -4.9164086335803475e-06]]}, "dipole": {"__ndarray__": [[3], "float64", [-0.0014487673582868792, 0.008941757932006045, 0.0046550136834776195]]}}