{"forces": {"__ndarray__": [[14, 3], "float64", [7.308757830047805e-05, 1.8396643981633442e-05, -4.355853074506938e-05, 0.00012688303022192544, 0.00013330553817172928, 0.00019509738593309457, 0.003964534993883503, 0.006814188001750428, -0.014037112613786666, 0.034577442752458956, 0.10537662952887493, -0.09982402898663577, -1.676379331764027e-05, 8.2277215005784e-05, 3.3007571960785785e-05, 3.734608560332973e-05, -5.838809497156712e-05, -4.473172051034314e-07, -6.409781601651846e-05, 3.650214182500783e-05, -5.7950693224135694e-05, 0.00011493156385824632, 7.916301168568738e-05, 0.00015606221965458675, 1.9440036115288708e-05, -4.8210504106873745e-05, 2.4761536009379872e-05, 0.0003185203820418424, 4.1673996506939505e-05, -0.0001668401404158957, 0.0003234237348104587, 0.0020016259536384104, -0.0002199931827483323, -0.0002716199682334898, 0.0008555468932377667, -0.0030551823654753267, -0.0025507979513287125, -0.012642560049610414, 0.013084150542904948, -0.03665233062839759, -0.10269015027598999, 0.10391203457377339]]}, "dipole": {"__ndarray__": [[3], "float64", [-0.0013382747175497826, 0.009006416817136449, 0.004638863447235525]]}}