{"forces": {"__ndarray__": [[14, 3], "float64", [0.027918779710132312, -0.05009832096927654, 0.013861014233304221, 0.008594388065742418, 4.571734861564064e-05, 0.007642491469192735, 0.00021731033383828142, 0.00026867559801443995, -0.000118159268986537, 2.9715384452831714e-05, 2.608495587858298e-05, -2.5487840674622812e-05, -0.01858890281086631, 0.007961787952083483, -0.012179892954160568, 0.009416316038340892, 0.00015292016342016517, 0.004796445181382305, -0.029119846509648467, 0.04328573228367277, -0.013606887161683437, 6.357137928141454e-05, 5.633148085719105e-05, -0.000333359209006679, 0.0014796942373161194, -0.001627050772452589, -5.862730463535268e-05, -2.6133019532764785e-05, -4.262059511322393e-05, 6.022278756465159e-06, -1.0094110415430788e-05, -4.7852769059046727e-05, 1.5738929178092498e-05, -3.1301365341417516e-05, 7.757246818452073e-05, 1.519517597380355e-05, 3.592593012098676e-05, -8.844127094045245e-05, -1.258791529886172e-05, 2.0576736580624027e-05, 2.9464126115815448e-05, -1.905613340303587e-06]]}, "dipole": {"__ndarray__": [[3], "float64", [-0.0012410054411491236, 0.008901083080934211, 0.004465528785534621]]}}