{"forces": {"__ndarray__": [[14, 3], "float64", [-0.21599564511391026, 0.02509956634898866, -0.11351679887050288, -0.009320556860715838, 0.0025065963331155736, -0.0038717944071682835, -8.126799711025463e-05, 0.00015945484629388212, -4.844949761314117e-05, 2.7569959340664678e-05, 3.2730402673278436e-05, -2.1814882896978974e-05, -0.0043709672958621125, -0.0011336448964652138, -0.003449907059466656, 0.010719858754623616, 0.0006846710153599176, 0.0016461159615576333, 0.22153052905174778, -0.028831770344906384, 0.11792975829564643, -0.0018470816066854065, 0.0003471501351946098, 0.0009027377429739594, -0.0006526256438621547, 0.0012050615488200305, 0.0004075312144315241, -2.445110268619163e-05, -4.055134466220176e-05, 3.2142089212353957e-06, -9.293132218572332e-06, -4.4690204990035973e-05, 1.8664833400258743e-05, -3.658553661775415e-05, 7.823205996557162e-05, 1.1812727397444212e-05, 3.990378223911053e-05, -8.961217083439436e-05, -1.4623353895400071e-05, 2.0612741718241786e-05, 2.6806271446970493e-05, 3.553087216362008e-06]]}, "dipole": {"__ndarray__": [[3], "float64", [-0.0007674482560974344, 0.008910708367510192, 0.00465983132273494]]}}