{"forces": {"__ndarray__": [[14, 3], "float64", [8.036605160441999e-05, 1.2781386351685679e-05, -4.9014640279589055e-05, -7.463486639821975e-05, -2.2030812497263406e-05, -7.233628524255704e-05, -0.0009696714375688377, -0.00111430366471128, -0.01138746613768016, -0.0532237797744723, -0.09645699990740278, 0.2299256286708553, -2.630436474683338e-05, 9.659536148550202e-05, 3.993546496990624e-05, 3.7658182814717924e-05, -6.051527618073362e-05, 5.213496592998197e-06, -7.183588180323229e-05, 3.7013374432542656e-05, -6.054184225162219e-05, 0.00012885701535739089, 0.00013431390782128483, 0.0001022830183777407, 1.7587433399954603e-05, -5.24766466574285e-05, 2.4065028012040994e-05, -0.0001143115076165925, -0.00021864529600458231, 8.436426067153746e-05, -2.457967366761839e-05, -0.00011893217640832274, -0.0002846971706601817, -0.001481865728417328, -0.004861591598219085, 0.008004618223497528, -0.003635836529211049, -0.004605552780095382, 0.00906479905625575, 0.05935835108072496, 0.10723034412808645, -0.23539685114311856]]}, "dipole": {"__ndarray__": [[3], "float64", [-0.0008843635483668826, 0.00924808822912318, 0.004452237399617036]]}}