{"forces": {"__ndarray__": [[14, 3], "float64", [0.00013843699987388326, -0.00017179259265138162, 1.877458125048595e-05, -0.0050070683289006705, 0.008688965116954842, 0.010652669359104331, 0.06324586649764302, -0.07373722274555407, -0.10458745102328794, 0.00017090586860200212, -0.004353923116717688, -0.0007945110070847757, -1.369175411735523e-05, 8.900352293083183e-05, 3.302032460267837e-05, 3.6576791248944264e-05, -5.9527033741353544e-05, -4.1819070161326516e-07, -6.468195697348594e-05, 3.5658781027554056e-05, -5.913178919854031e-05, -0.0008591274016177792, 0.0009034533687343103, -0.00016389157003041628, -0.0006549202937703423, -1.7466353419518608e-05, 0.00011781272420905848, 0.01273151373863612, -0.01331086067866871, -0.009340165079218424, -0.06903642157709938, 0.08326539603716049, 0.10449238140312313, -0.0005401982619078217, -0.0010980775036494906, -0.0009171140822856098, 0.0002074915143789261, -0.000500945446731009, 0.00024924016492013453, -0.0003546818359958257, 0.00026733864432441906, 0.00029878418459748933]]}, "dipole": {"__ndarray__": [[3], "float64", [-0.0012150417755976465, 0.009150091605852095, 0.004409833155798063]]}}