{"forces": {"__ndarray__": [[14, 3], "float64", [-0.08179379062710178, -0.07546478458771184, -0.01503058354527118, 0.011762757826052536, 0.013916694830269458, 0.0011107236391742267, -3.246687129357045e-05, 0.00028479397190280816, -2.044372624824771e-05, -0.000359990322714211, 0.00016781765379127764, -4.292706618088957e-05, 0.0775756833565763, 0.08499260401546918, 0.018514743480609473, -0.0009764627884252794, -0.005438168248968386, -0.0010076777535680246, -0.004560227175128771, -0.018855970712650896, -0.0038287444450484163, -0.0002526287190951152, 0.0004701793860954747, 0.0007005429266603885, 9.628741802456385e-05, -9.428085504154021e-05, 0.0001379720093068748, -3.7021705907401153e-05, -2.1816691130067692e-05, -1.4973717063148614e-07, -7.494921560402648e-06, -5.0011396925660545e-05, 1.541490934072826e-05, -2.85431778276101e-05, 7.651703584588756e-05, 1.6237663762270866e-05, -0.0013554024275733777, -1.724502139425245e-05, -0.0005772301461174093, -3.0699864024999394e-05, 3.367062044777701e-05, 1.2121790752306458e-05]]}, "dipole": {"__ndarray__": [[3], "float64", [-0.0012587971835730939, 0.00911808725389862, 0.004532257709298879]]}}