{"forces": {"__ndarray__": [[14, 3], "float64", [0.11041916644688558, -0.011111694500213267, 0.1262682232585499, -0.008079630613359267, -0.0022567928873698175, -0.012866009353860921, 0.00018670399443258484, 7.55176125212865e-05, -4.893527047138292e-05, 3.311064154413716e-05, 2.9169936228092114e-05, -2.265399473719876e-05, 0.003622850659279528, 0.0008286387816200805, 0.001410581808579487, 0.017214761192361896, -0.0020269120434830506, 0.008969970756204933, -0.12202200554099742, 0.014144808641845788, -0.1237800203006306, -0.0011280411251857862, 0.0001462186424442424, 0.00012212834319133995, -0.00023658311044369844, 0.00024009702223057775, -7.835866041496518e-05, -2.6484908589348225e-05, -4.1068313858388464e-05, 7.1872809586629764e-06, -7.3859578455316686e-06, -4.906819952189261e-05, 1.6259724947165972e-05, -3.001422997249231e-05, 7.756838109981e-05, 1.620179350365996e-05, 3.302358044684525e-05, -8.745929470070529e-05, -1.208764036079307e-05, 2.052897144311076e-05, 3.097622115833699e-05, -2.4877454581433144e-06]]}, "dipole": {"__ndarray__": [[3], "float64", [-0.001369855776596241, 0.009078411703984086, 0.0045656985527612725]]}}