{"forces": {"__ndarray__": [[14, 3], "float64", [7.625464847434354e-05, 1.1091614217983455e-05, -4.555639873354457e-05, -5.006850718565027e-05, -0.00010159923808394206, -0.00022660585095254937, -0.006286599094278623, -0.00198659490059573, -0.0036164199949168517, -0.2249470809024592, 0.04494011279011018, -0.11112009767451732, -8.887370061425137e-06, 9.151924402143906e-05, 3.535278605974866e-05, 3.795154527622672e-05, -6.177436710207085e-05, 6.886560881734361e-06, -7.118830111327847e-05, 3.747218919614469e-05, -6.170379730285064e-05, -6.1023816501889926e-05, 4.047725302183937e-05, 4.3057330182503454e-05, 1.906705514895923e-05, -5.3428853644536485e-05, 2.3469395447226216e-05, -0.0014998692795553778, -0.0011550850382782175, 7.728703458475414e-05, -0.00012812471098907276, -0.0009373273601241643, -0.0004953589076683726, 0.23050099243073, -0.04396088973617276, 0.11880411604473985, -0.008771083678859114, 0.002900758223628644, -0.004863449300061355, 0.011189659981373919, 0.00023526817980521554, 0.001439022772257017]]}, "dipole": {"__ndarray__": [[3], "float64", [-0.0007962515101189177, 0.009065897870217714, 0.004736207199145547]]}}