{"forces": {"__ndarray__": [[14, 3], "float64", [-0.00013973927204657206, 0.00030570543324777205, -0.00024835152311494286, 0.008833011404730591, 0.008842629263062965, -0.015907633580554265, -0.06893813090610679, -0.0305136905772261, 0.048652130087225944, -0.0019612984463431953, -0.005231711579762142, 0.00938310147895873, -2.4426982479354823e-05, 0.00010808388821543953, 2.8365043682071185e-05, -0.0003698429666169314, 0.00015385262409677424, -1.0455404547188223e-05, -6.607674377472727e-05, 3.559579754395324e-05, -5.8214063003384074e-05, -4.0981896393147846e-05, 3.8188219228968076e-05, -6.723279012033332e-05, -0.0005303107133223823, -0.00016248597011756273, -0.0010671509423601155, 0.06674069445498182, 0.0346184853344753, -0.053728315767320955, -0.0024268067594910925, -0.006397019605668085, 0.012871654268700924, -0.001475918577670369, -0.0010782384783378253, 0.0003961934349213137, 9.659880692182333e-05, -0.000404558561408101, -0.0003301758329349797, 0.000303228597610403, -0.0003148357873516023, 8.60855904674088e-05]]}, "dipole": {"__ndarray__": [[3], "float64", [-0.0012385178023445588, 0.009064475814273908, 0.00444652949712741]]}}