{"forces": {"__ndarray__": [[14, 3], "float64", [0.03395114037034839, -0.016027577506829017, 0.5075838626243718, 0.02821125262972998, -0.02708381479913876, -0.09866878639546271, -0.003998883667093757, 0.0069705819913897064, 0.012639036183788097, -0.0001575029662551115, 6.752343375348258e-05, -4.610601263157554e-05, -0.01551654946815236, -0.052062755896986626, -0.058044428058808606, 0.05917189861399269, 0.08976734819471625, -0.22764326458892573, -0.11769130952424002, 0.014268959847871692, -0.12649041487228607, 0.013181979314223474, -0.010913077589223023, -0.007466420211721235, 0.0033034616736473507, -0.0050494702061341995, -0.0019346424160361529, -0.00022361393805633956, 0.00022647544078253717, 2.5356378229053535e-05, -0.00010465947819031542, -0.00012842842847254419, 8.195636376532071e-05, -3.199064098179329e-05, 7.817997578522854e-05, 1.0238967357323637e-05, -0.00011435954736910072, -0.00014117131493782988, -4.807254736874999e-05, 1.9136628396862728e-05, 2.7226857423536603e-05, 1.6845857300378825e-06]]}, "dipole": {"__ndarray__": [[3], "float64", [-0.0010586936946949744, 0.009028153848840476, 0.004479314318760231]]}}