{"forces": {"__ndarray__": [[14, 3], "float64", [0.0001709733002644922, -0.0003997449149113262, -2.586532760365061e-05, 0.006648760040916999, 0.010075192739724773, 0.0014608250108906165, 0.012447655427062115, 0.01657765533302306, 0.07444091197425162, 0.002004069466079902, 0.009502741174838361, -0.5205068835495699, 6.170480726532376e-06, 9.415366327864204e-05, 7.760522065635185e-06, 3.4064004772207665e-05, -5.989333723175745e-05, 2.693634513434229e-06, -7.060802350975221e-05, 3.642074804649538e-05, -5.655580553911059e-05, 0.00018156581637022813, 0.0004187742502639814, 0.0005437815885187988, 0.00032443325667510706, 6.0224454988350894e-05, -0.00019790930275764376, -0.009563350457891088, -0.015120092223428777, -0.010036006561536876, 0.006219437003048377, 0.00856690465278347, 0.0008277409511581007, 0.1100834082564788, -0.023647156902880752, 0.10975026026223912, -0.0742141828750213, 0.0919661983180055, 0.12026631532082811, -0.05427239569597216, -0.09807137795649865, 0.22352293128254117]]}, "dipole": {"__ndarray__": [[3], "float64", [-0.0010780223420038296, 0.009008667838058218, 0.004545032881492494]]}}