{"forces": {"__ndarray__": [[14, 3], "float64", [0.00498309664927989, 0.0008989655641097738, -0.007335607303194817, 0.052983889096856696, 0.09619893305914119, -0.21911811338471074, -0.0012393010588545826, 0.005065546208143065, -0.009173253603244282, -0.00021739803188530412, -0.0001131834403328694, -0.0005257281894988336, 0.0006379374058784963, -0.0008517110398035448, -0.0013352028645407575, 0.0003945968511038167, 7.02473053478999e-05, -0.00017761925216943261, 0.0008013690287756633, -0.00033477726363097585, -0.00013969083600344622, -0.05633245821280027, -0.10063820105410838, 0.22973692336750526, -0.000741163520719442, -0.0009846876538184672, 0.008588710322201761, -0.0001350051396135346, 0.00029228400454840074, -0.00022921755859577398, -0.0009357909536972502, 0.000506057393305398, -0.0001959861089074597, -3.3689068241059364e-05, 7.741389638749297e-05, 1.2496627476134613e-05, 2.2843202670170158e-05, -0.0001051069050310397, -4.8541065413666144e-05, -0.00018892624875247566, -8.178007425874186e-05, -5.9170150903152134e-05]]}, "dipole": {"__ndarray__": [[3], "float64", [-0.0011259334834662741, 0.008963275837903732, 0.00473164744961653]]}}