{"forces": {"__ndarray__": [[14, 3], "float64", [7.5762762473393e-05, 1.4963719020935194e-05, -4.5982374390175086e-05, -2.0002423306504655e-05, -2.0618927108572985e-05, -2.011993197555571e-06, 1.2614665725251504e-05, -9.355374805772889e-06, 6.707062280284493e-06, 2.7559871401500513e-05, 2.997359691554315e-05, -2.5442996311518212e-05, -1.2669643593169669e-05, 8.856713260317671e-05, 3.4359232981560504e-05, 3.739791041827116e-05, -5.984958655491809e-05, 1.60364654672471e-06, -6.694663671334892e-05, 3.6370051411509136e-05, -5.932565771835051e-05, -6.169038622077438e-05, 3.898798725290008e-05, 4.4396906071824394e-05, 1.9018597363887004e-05, -5.0281119651919905e-05, 2.4139264416090735e-05, -2.5365681314998273e-05, -4.1171906802414e-05, 5.1324262516253464e-06, -9.022447953533084e-06, -4.705714768034782e-05, 1.6434541179976133e-05, -3.235961825864085e-05, 7.780852149647319e-05, 1.4555625695308731e-05, 3.5707012757447614e-05, -8.795822030554266e-05, -1.3267102882645046e-05, 1.9996017221887998e-05, 2.9621274209499748e-05, -1.2985809227808627e-06]]}, "dipole": {"__ndarray__": [[3], "float64", [-0.0011258220812190851, 0.009027714083582017, 0.004496744360649456]]}}