{"forces": {"__ndarray__": [[14, 3], "float64", [0.08020204938592805, 0.251541827368389, 0.050622906449044124, -0.0008352766131333786, 0.007321541345520796, 0.0034228814824769126, -0.00022978567150954923, 0.00030721752978899564, -2.911417924422596e-05, -7.123546959010452e-05, 5.843404185267341e-05, -1.981393144049733e-05, -0.08261264481330696, -0.25897346318025183, -0.05592206596904748, 0.003189288930699004, 0.006854350824677948, -2.1754199441423106e-05, 0.0011522458261626898, -0.007467087274011449, 0.0007307320687172602, -0.000677927401619495, 0.0003687820833697985, 0.000990846535909512, 2.2571502164112753e-05, 0.00022383858125684473, 0.0002625624972077746, -4.4383797306552064e-05, -7.229468654027668e-06, -5.783230691205718e-06, -8.021681866625207e-06, -4.604533007733389e-05, 1.598102447906122e-05, -3.5292255926266975e-05, 7.85004275071649e-05, 1.3010993503435927e-05, -5.77840216515719e-05, -0.00028410757854748235, -6.711191679837181e-05, 6.196080957308814e-06, 2.344062917934892e-05, 6.722375325730899e-06]]}, "dipole": {"__ndarray__": [[3], "float64", [-0.0009744948367636647, 0.008797097504895364, 0.004412462665346526]]}}