{"forces": {"__ndarray__": [[14, 3], "float64", [0.00040586738487245527, 0.0001498584551671987, 0.00010165513347228986, -9.245647580859437e-05, 9.826698057893502e-05, 0.00021422200195684988, -0.013269394079904379, 0.004597873041628795, 0.00767502610231259, 0.12449574662725943, -0.08100775028927201, -0.07456245542967507, 0.0013784797770347188, 2.0624212942101798e-07, 0.0005865702410693421, 7.92079158724384e-05, -3.9228859443419696e-05, 3.5490667682943395e-06, -7.115525685439303e-05, 3.616692422974202e-05, -6.20329026226592e-05, -5.598137738492839e-05, 4.5761224991764644e-05, 5.750020497719638e-05, 1.84763217628803e-05, -5.317969525761291e-05, 2.2171467877619757e-05, -8.403475796683252e-05, 0.0003536387290925361, 1.289796123866354e-06, -7.87970769142649e-05, -7.227806824566646e-05, -0.00015665851560687147, 0.008809232740420028, -0.012657715973644144, -0.011437479594384568, -0.12342806158992034, 0.09109429225229888, 0.08117911370838046, 0.0018928698475327171, -0.0025459109642552327, -0.003622471280649382]]}, "dipole": {"__ndarray__": [[3], "float64", [-0.000997902265981461, 0.009176787188795539, 0.004605275007082757]]}}