{"forces": {"__ndarray__": [[14, 3], "float64", [-0.0007652045827315627, -0.010487179333493914, 0.01072651895854, 0.023859140127469092, 0.10052477896858725, -0.09189918794769139, -0.0013883344106473765, 0.0001447574903601867, -0.003133040807211328, -0.00010840060707508995, 3.8305915024397405e-05, 0.00035274792733319205, -0.00044866895384513585, 0.0004156772585642387, 0.0012526646961323097, -0.0001156460732285684, -0.00020679686371927265, -0.0001272223295302506, -0.0003771489955205033, 1.6944937078682224e-05, 4.8221295249369805e-05, -0.026109450408571492, -0.09997648229324786, 0.10196476457029563, 0.005996768743507292, 0.009062368399739208, -0.018126947190809078, -2.3686422766742638e-05, -0.00034505589391758593, -0.0003337070612689954, -0.0007219580319507684, 0.0007464119463271694, -0.0008361292733193543, -3.3860240411505154e-05, 7.903098689577405e-05, 1.3243148840077316e-05, 4.2536662218509704e-05, -8.158247667682862e-05, 2.926832200505259e-06, 0.0001939131935535784, 6.88209584779996e-05, 9.514718123987939e-05]]}, "dipole": {"__ndarray__": [[3], "float64", [-0.0011379852666470241, 0.009135324418130482, 0.004616690759994775]]}}