{"forces": {"__ndarray__": [[14, 3], "float64", [0.00017636382705582781, 4.200628051569617e-05, 7.244366430218126e-06, 0.00029021952013494524, 0.00010221407484063763, 7.3997138106006704e-06, -0.007766096937235233, 0.009649558600925335, 0.008208769997006224, -0.08544965872438008, 0.15102458037426206, 0.08923422382709727, -8.143940069684497e-05, -0.00010890028321819772, 6.746742390186829e-06, 6.880454639755992e-05, -4.630756396086894e-05, -5.336412835069588e-06, -6.527173572775519e-05, 3.6832687119619824e-05, -5.87998640510787e-05, -5.564085739534277e-05, 4.542772919499939e-05, 6.176043673278575e-05, 1.8043217195912344e-05, -4.9776851505948616e-05, 2.399908634518558e-05, 0.0002840244979418636, 0.0021912743793918825, -2.705593836872194e-05, 4.016345577652903e-06, 0.00019089867158611997, 0.0004283065624792166, -0.0029586119732267105, 0.0010878923642004088, 0.0004060025252865291, 0.08883446560911518, -0.15167163298227343, -0.09392865978921923, 0.006700782065243287, -0.012494067481078393, -0.0043646012531042755]]}, "dipole": {"__ndarray__": [[3], "float64", [-0.001184938193361288, 0.008926579935995703, 0.004280473885638492]]}}