{"forces": {"__ndarray__": [[14, 3], "float64", [-8.367849875080734e-05, 0.0005215132307584862, -0.00031638294950633937, -0.0016850170637002994, 0.00014926447001968832, -0.003453307814227507, 0.03355402405769491, 0.09789729681404132, -0.09479003739984602, 0.005179768682542095, 0.007892616576886101, -0.015294869604280727, -3.255451018254895e-05, 0.0001234683828866558, 2.4495713158994646e-05, -0.00018701450578258603, -6.428385382088509e-06, 2.9670020779003363e-06, -6.755695491778524e-05, 3.7816992074707654e-05, -5.9225872975684175e-05, -6.1307240676245e-05, -0.000270567923428049, -0.0003002231760540647, -0.00014429827538803164, -0.00034865128750221096, 0.0004788303531097664, -0.035044754032907, -0.09851466662494972, 0.10040429173775163, -0.0033204964028030063, -0.010573747128889538, 0.013545791112948515, 0.001077180235615945, 0.0007677798236808084, 0.00018137866061849415, 0.0004348940015713546, 0.002210395080440633, -0.00024363630021969395, 0.00038081050768347266, 0.00011390997936294492, -0.00018007146255537027]]}, "dipole": {"__ndarray__": [[3], "float64", [-0.0011079231463691566, 0.009001412418678134, 0.004672087182577392]]}}