{"forces": {"__ndarray__": [[14, 3], "float64", [8.002184635180083e-05, 1.719603887898192e-05, -4.169385477004378e-05, 0.00028017875309187354, -1.5438272841028155e-05, -0.0002495509604317933, 0.0022242114520972666, 0.002493168843600754, 0.0006687041475868876, 0.10685138797066403, -0.02813905441231265, 0.10973920728471173, -1.4364853209007724e-05, 8.70023825599319e-05, 3.4931751184985175e-05, 3.816476330212025e-05, -5.8925298631330984e-05, -1.7619906009313525e-07, -6.416988426991172e-05, 3.5704858633039346e-05, -5.766053129280257e-05, -6.309132152208117e-05, 3.7685488794387096e-05, 4.645800282828702e-05, 1.871242708536109e-05, -4.830212857762429e-05, 2.5283546017973712e-05, -0.00040346383866293127, 0.00012062454648943368, -0.0002730614293011232, 0.0007603935372513617, 0.0009675473775444399, 0.0009479037518971069, -0.11508078000632045, 0.02699569544298488, -0.10706752977005721, -0.011163761738017218, 0.00042703977555158946, -0.011475308571263857, 0.016536560892157236, -0.0029199446426746156, 0.007702492831949325]]}, "dipole": {"__ndarray__": [[3], "float64", [-0.001408991766116192, 0.009005969534565856, 0.004511816074470651]]}}