{"forces": {"__ndarray__": [[14, 3], "float64", [-0.017588637374630487, -0.0538416920968163, -0.05834901376343628, -0.00395476864530019, -0.008859181395646834, -0.0014402026017755207, 0.0002442390383981522, 0.00028296617619332756, -0.00010571783410872221, -7.118328486781652e-06, 3.861215282036765e-05, 1.2573018425576657e-06, 0.01823168046661134, 0.05714313546172419, 0.0521726648352374, 0.00679905495179243, 0.019254706164193114, 0.010156667047504344, -0.0037282994208867105, -0.012346323510826183, -0.0013907474415631373, 0.0003917940116775355, -0.0011877253301198721, -0.0013528423119525239, 0.0001722253576099643, -0.0004546985616677918, 0.00031551152127446346, -3.130727078325466e-05, -3.145684250834968e-05, 3.3064093437757483e-06, -9.002221721288876e-06, -4.7521577285474016e-05, 1.5098251255563672e-05, -3.1370400407403265e-05, 7.75483030933966e-05, 1.3962511348391291e-05, -0.0005269776705992555, -5.926935100777609e-05, -3.311196207845934e-05, 3.848750672680896e-05, 3.0900407853512464e-05, -6.831962890478966e-06]]}, "dipole": {"__ndarray__": [[3], "float64", [-0.0011708703400668, 0.009153798218925473, 0.004367442723615822]]}}