{"forces": {"__ndarray__": [[14, 3], "float64", [-0.00026684664419276993, -0.0001252391080268129, -0.00019970745243823654, 5.0190197214823044e-05, -0.0001425703141710927, -0.0002201790125787633, 0.013025045221559685, -0.004688851609478571, -0.007466364701481204, -0.12420261790102716, 0.07968028780890891, 0.07273321485828978, -0.0014529561968090155, 0.00018004620751352885, -0.0005406136306579288, -5.835286184846657e-06, -8.131509436352684e-05, -4.4222404377755655e-07, -6.278533720366552e-05, 3.655399234544078e-05, -5.6641450147098824e-05, -6.735127582193188e-05, 3.217487214988269e-05, 3.1243980388741813e-05, 1.9534394578190423e-05, -4.7404483271409045e-05, 2.6096940766769037e-05, 3.966318920065298e-05, -0.00043117251586879935, 9.028100690614022e-06, 5.9727729428406476e-05, -2.151869750573145e-05, 0.00018859868861567842, -0.008518549459155766, 0.012236030292596825, 0.011209874329527024, 0.12324004640334252, -0.0891039453718943, -0.07927001156488507, -0.0018572650349293742, 0.0024769240210659647, 0.003555903137953912]]}, "dipole": {"__ndarray__": [[3], "float64", [-0.0012530661024974243, 0.008877571227000515, 0.00438687125667914]]}}