{"forces": {"__ndarray__": [[14, 3], "float64", [0.00967404546520336, -0.0007372490453779929, 0.006853960696806357, 0.01787579667798863, -0.07807783741542214, 0.008347196645916436, -0.027224723247790836, 0.4667926100464548, -0.004604678749255922, -0.04205619411489221, -0.14109328642080743, -0.016385594578518358, 0.0002805757680075437, -0.00022620960831490615, 0.0003246314425470397, -0.00012190022593934958, -0.0001913010579667676, -0.00021508150243339084, 0.00010099220317458409, 0.0003128016205203453, -0.00014365914401194874, 0.00871945167483821, -0.0001488525397055417, 0.005173863930535789, -0.015186678794491211, 0.008914091856483446, -0.009844148435123337, -0.030239062432302514, -0.09818112663357677, 0.09017887702910085, 0.0894013927172656, -0.15084411008882903, -0.07537820322619578, -0.002024806045505976, 0.010085587243669461, -0.0024408579076487507, -0.00449227107951395, -0.009782626101374162, -0.003000962075916091, -0.004706618566041019, -0.006822491855753818, 0.0011346558741980282]]}, "dipole": {"__ndarray__": [[3], "float64", [-0.0010149757918062185, 0.008944051554124394, 0.004534380266211078]]}}