{"forces": {"__ndarray__": [[14, 3], "float64", [0.032194745759861226, -0.028012064863101694, -0.09778421809222508, -0.011541141075318326, -0.014409970560387519, 0.483070236155638, -0.04341415001422196, 0.008790376659856073, -0.09961945702307869, -0.004566929987547898, -0.003896011543835363, -0.001462041066974513, 0.0011647715590870258, -0.003360216959851494, -0.001443596907986149, 0.012029568998871348, -0.010896412867262869, -0.006192502834032317, -0.0041282436725074215, 0.007587042240720057, 0.012597308378690832, 0.05253704906143341, 0.09472122454097606, -0.22531973960501023, -0.025193579193947976, -0.055076983384456664, -0.06532090745857108, -0.015641612626902557, 0.003270104424030769, -0.009098879278035111, 0.0066975689166045285, 0.0014060540012189328, 0.010679969347241004, -0.0002479114679511973, 0.00013692163701236145, 0.00026211307004658156, -0.00017925335581550205, -9.331421788606646e-05, -0.000435278285046171, 0.0002891170983546791, -0.00016674910703192884, 6.6993599343285e-05]]}, "dipole": {"__ndarray__": [[3], "float64", [-0.0011624231861592572, 0.008980966996777789, 0.004390283314912504]]}}