{"forces": {"__ndarray__": [[14, 3], "float64", [0.0006547228871589234, 0.009681809818285403, 0.004999068500392283, 0.08235316081933203, 0.2360827493244628, 0.05644780092398884, 0.001806823033689988, -0.009260619906717473, 0.0011530492213737257, 0.000151510429692869, 0.00010348393090892987, 8.79092181975712e-05, 3.215546450915701e-05, 0.0003694684530744841, 0.00044121223037683926, -0.0006057502781729836, 0.00017757627783552407, 0.0008798383713832849, -0.0013468097390401377, 0.001614098558858285, 0.0002320205543460682, 0.005293678827475573, 0.00947100919265705, 0.0011265910481400162, -0.08844978902508792, -0.2475090417736188, -0.06550746060913207, 8.346313813911302e-05, -0.000340663069365676, 0.00015954623261562188, 4.363382409864239e-06, -0.00041174427164098853, -1.8283590345521034e-05, -2.9218694713763266e-05, 7.762957441491048e-05, 1.6529644829065822e-05, 3.281331392264056e-05, -8.74652406947443e-05, -1.4353946876272105e-05, 1.887644068485506e-05, 3.170913154105547e-05, -3.4677992886049963e-06]]}, "dipole": {"__ndarray__": [[3], "float64", [-0.0012748941107738742, 0.008869908264333594, 0.004322287529368327]]}}