{"forces": {"__ndarray__": [[14, 3], "float64", [0.011279475596868614, 0.01388727083292674, 0.003261786887029215, -0.0938735391796674, -0.08055022551262633, -0.02539601272722578, -0.006599853979625511, -0.014943557500454592, -0.00528830960558524, 4.7165846322626265e-05, -7.420834138038152e-05, -0.00033066836743488433, 6.45946978447764e-05, 8.436929568378614e-05, 0.00018537653191598859, -0.00010941773666332684, 0.0003074667921871658, 0.0006026486148452111, -0.0007412172846925544, 0.001490456699976397, 0.00019705659897644828, -0.0011174000200770257, -0.006069291368194896, -0.0007440581245641616, 0.09447145196118259, 0.08593816225619187, 0.02919881674219401, -0.0005734093554121426, 0.00011793933105305527, -0.0010414147659717078, -0.002871378541450297, -0.00021014100480543126, -0.0006477966396629402, -3.233363896360249e-05, 7.954958407569942e-05, 1.4850508154026915e-05, 3.625024901566661e-05, -8.699138897497226e-05, -1.2420411404866654e-05, 1.9611385318262854e-05, 2.9200324342083856e-05, 1.447587350639134e-07]]}, "dipole": {"__ndarray__": [[3], "float64", [-0.0011814545680906682, 0.009144309288806989, 0.004569723416742038]]}}