{"forces": {"__ndarray__": [[14, 3], "float64", [7.133703468036281e-05, 1.7176836900807294e-05, -4.3045513995727686e-05, 3.654556487988417e-05, -1.79201291414795e-05, 6.908230987523725e-05, 0.0009992428333812564, 0.0011353650407771173, 0.010974273887980003, 0.050995059211387674, 0.09231679352448531, -0.22392343808542783, 1.027507612682624e-06, 8.053050462767491e-05, 2.8695260587957397e-05, 3.7173861524624886e-05, -5.918751494983594e-05, -1.977367840113963e-06, -6.207318109011883e-05, 3.573387803926266e-05, -5.8126302118658106e-05, -0.0002546985232913006, -5.758411450488269e-05, -1.2928709133436927e-05, 2.0445095111810058e-05, -4.810647332254709e-05, 2.4194701428966538e-05, 6.27150610230062e-05, 0.00013412186372444555, -7.426208359306597e-05, 8.007980449240616e-06, 3.425661792916045e-05, 0.00031656747892160086, 0.0012676771597606323, 0.004774142988000452, -0.007724230291249308, 0.0035466635577566883, 0.004152872202241311, -0.008790627002968617, -0.056729123163186373, -0.10249819522480617, 0.2292158217175335]]}, "dipole": {"__ndarray__": [[3], "float64", [-0.0013654434872158567, 0.008809987335113028, 0.004542166553159122]]}}