{"forces": {"__ndarray__": [[14, 3], "float64", [7.845174935388416e-06, 0.00031926702499711286, -0.00014227497732651511, -0.010738894182150592, 0.011489095369657186, 0.006861934608864611, -0.13788383473096846, 0.08856818402262442, 0.0676960896243427, 0.012831593828424663, -0.005731309441497249, -0.006373984474511538, -1.116589322780805e-05, 8.754836724532953e-05, 3.43781918635815e-05, 3.7167586617646154e-05, -6.077877796414285e-05, 3.4245836287678922e-06, -6.719746580011829e-05, 3.530634552442078e-05, -6.096457595212286e-05, -0.0007974875482454846, 0.0007639468340061724, -0.000899324672735724, -0.0029224754338648793, -7.066540105363986e-05, -0.000603971919097303, -0.0024060777238598357, 0.0034084530481387574, 0.004610241882651141, 0.14190328963540527, -0.09760908912950714, -0.07050067227961139, -0.0001583903432817153, -0.0007867164025614648, -0.0007593892066508253, 0.00010568362924654979, -0.00010226073066825756, 0.00011936063646598413, 9.99434667690718e-05, -0.000310981128941798, 1.5152578068224187e-05]]}, "dipole": {"__ndarray__": [[3], "float64", [-0.0011030189282899175, 0.00885260139225981, 0.004430615560288959]]}}