{"forces": {"__ndarray__": [[14, 3], "float64", [-0.08396579624155795, -0.25984450348775223, -0.05332397312972906, 0.0006745397815206774, -0.007621558395881379, -0.0035306100200980894, 0.00025806242489808724, -0.00033574614144230784, 4.413994707652977e-05, 0.0001261372117458719, 1.8216611062038908e-06, -3.1335819706891405e-05, 0.08668110603994002, 0.26755182568407204, 0.0588051190525333, -0.003244904876168356, -0.007189484283440078, -9.987103374386654e-05, -0.0012206625415755032, 0.007954684023948921, -0.0008054215785720959, 0.0005662055484100798, -0.00028546320394783373, -0.0009115446876890315, 1.4708803936382887e-05, -0.0003301680745969852, -0.00022485925028640932, -5.649970849573135e-06, -7.608405809376883e-05, 1.639428620837639e-05, -1.0026384908782297e-05, -4.8097481732875924e-05, 1.6903851402712882e-05, -2.9418365416967608e-05, 7.711971220397535e-05, 1.6105149793810693e-05, 0.00012199838340832915, 0.00010974837384563963, 3.829687325182754e-05, 3.3700186618547105e-05, 3.5905671711659516e-05, -9.343640440679942e-06]]}, "dipole": {"__ndarray__": [[3], "float64", [-0.0012789365809698, 0.00926015919899981, 0.0045827296289895165]]}}