{"forces": {"__ndarray__": [[14, 3], "float64", [0.01839819786771133, 0.05497897343550504, 0.058510933441494564, 0.003890869447107516, 0.008537539134882302, 0.001515966850406772, -0.00021249057442448237, -0.0002989453265682963, 0.00011764854363675657, 6.094844440227901e-05, 2.2024511735913418e-05, -5.22402445329819e-05, -0.01858244080539506, -0.057473769302231845, -0.05283699525690716, -0.006832842975279702, -0.019438759447505827, -0.009814912991427028, 0.00336825638884188, 0.012198361956805027, 0.0013664013124712895, -0.0004990062172678166, 0.0012374837740457365, 0.0014142748292337464, -0.0001308723873378423, 0.000345162428484968, -0.0002667466350870287, -1.9433812974580534e-05, -5.081713402751392e-05, 6.856777421094919e-06, -9.049807154041414e-06, -4.6579398543571425e-05, 1.7765902352491085e-05, -3.339095554215378e-05, 7.806493260757591e-05, 1.512522065303007e-05, 0.0005998448086602189, -0.00011703728448729074, 1.5164320545171863e-06, 1.410578653275009e-06, 2.829771929775453e-05, 4.4058182313708e-06]]}, "dipole": {"__ndarray__": [[3], "float64", [-0.0010785854529038843, 0.008897926019427101, 0.004623829818578591]]}}