{"forces": {"__ndarray__": [[14, 3], "float64", [0.1186400963457024, -0.035375856166239894, -0.027460167073767975, -0.4295647694476586, -0.041397520116904896, 0.007679344571761679, 0.13436406483757884, -0.018034624276107768, 0.04029080135453007, 0.009777252755503806, 0.00474764501933045, 0.006813670494023741, -0.011574291231739855, -0.0006380766553517743, 0.0038948735291766704, 0.002569082051824307, -0.00014490725247220677, -0.004278479671739832, 0.009243778798613489, -0.008245263763340107, -0.007945716889971203, 0.0708186320779725, 0.024022054392344314, -0.054032763746872964, 0.09365993748336915, 0.07971949770697281, 0.028668167797821345, -0.009161226483280402, -0.001736113837843388, 0.0010592609212350982, 0.010664998918378072, -0.0034225234883239974, 0.005081741087921826, 4.842423001231444e-06, 8.699190647022373e-05, 0.0003265975365213234, -4.063316430311737e-05, 0.00023460151560737345, -3.469063100877549e-05, 0.0005982346350386012, 0.0001840950158583544, -6.263927963169515e-05]]}, "dipole": {"__ndarray__": [[3], "float64", [-0.0012088827655929218, 0.009115154156856209, 0.004494568710938116]]}}