{"forces": {"__ndarray__": [[14, 3], "float64", [7.210886834993209e-05, 1.798073747908516e-05, -4.633420293936085e-05, -9.850792486486223e-06, -4.206025733368313e-05, -6.0743693408455117e-05, 0.01442208256296107, -0.010271993891364375, 0.009608484100376664, -0.03662730109775473, 0.0632063357471914, -0.023736103379926845, -1.1406438860101573e-05, 8.922976599597263e-05, 3.4611620020419315e-05, 3.705249983300422e-05, -5.9224773364996176e-05, 1.7852538982740418e-06, -6.73359513773135e-05, 3.66009775525075e-05, -5.954735280009842e-05, -6.172819377222174e-05, 4.02033927776426e-05, 4.481840953647155e-05, 1.7282814523732765e-05, -5.043659845368653e-05, 2.3031283626603523e-05, 0.0011364677136461471, 0.0006441097457631887, -3.452198038256122e-05, 0.000849201636604477, 0.001016529201997299, 0.0011902007344316698, 0.04284348679613939, -0.05625815929985012, 0.027049055519534848, -0.012597709165065042, 0.0008883883948179884, -0.009097505191152946, -0.010002351252741322, 0.000742496856792289, -0.004917231120814145]]}, "dipole": {"__ndarray__": [[3], "float64", [-0.0011046335104845546, 0.00917292391577441, 0.004508083529380767]]}}