{"forces": {"__ndarray__": [[14, 3], "float64", [7.945971294764798e-05, 1.2011816057222616e-05, -4.5602673861763334e-05, -2.9298593476119397e-05, 1.5331707413040936e-06, 5.746403125006231e-05, -0.01463953776335807, 0.010023481750455275, -0.009664353255432459, 0.03790208706390813, -0.06358892189430854, 0.024236406687210537, -1.3970191654686652e-05, 8.784904116821481e-05, 3.4094979301660126e-05, 3.777669828374278e-05, -6.044616778438537e-05, 1.3478063217835633e-06, -6.648280662563471e-05, 3.6122785672531656e-05, -5.906611349269422e-05, -6.16624311783326e-05, 3.775098472593569e-05, 4.4015414245731146e-05, 2.07802482312331e-05, -5.007549341343673e-05, 2.5278344846312568e-05, -0.001207223676267587, -0.0007302640123677041, 4.5366262877200035e-05, -0.000885285596382357, -0.0011244588684724045, -0.0011811009095834433, -0.043323487826151814, 0.05728359919511616, -0.02728497542465133, 0.012290248705615877, -0.0011282720452827012, 0.009076364869149577, 0.009896596456107676, -0.0007999102623075176, 0.004714759981818875]]}, "dipole": {"__ndarray__": [[3], "float64", [-0.0011530373854323254, 0.008882466138587368, 0.004482498100406751]]}}