{"forces": {"__ndarray__": [[14, 3], "float64", [0.0003650150768278636, -7.789962727762147e-06, -6.422187451579903e-05, 0.0010773809055962366, -0.004964857050964329, 0.009112809179051886, -0.04952589265232773, -0.08734214598293565, 0.22327124948605906, -0.0009434131266462626, -0.0011409160742278455, -0.009947814044872652, -7.316379544052113e-06, 7.740901100115716e-05, 3.6163441004875365e-05, 6.735308408430787e-05, -7.054404044260436e-05, -5.219331344428919e-05, -6.501448554409946e-05, 3.5479734393116574e-05, -5.726685769271757e-05, 4.889473290538023e-05, -0.0002983772582568507, 0.0002787259312426797, 0.0010607281954001665, 0.00010618350125549566, 0.0014970476775492644, 0.052571262059996425, 0.09756824578400078, -0.23298139891763311, -0.004502106206024193, -0.0037279361155761154, 0.00941013210711734, -0.0001073779866068692, 3.4766135796707204e-05, -0.000263676670806569, 3.0920865516425724e-05, -0.0001258778528625727, -0.0003176589313789697, -7.043408363371051e-05, -0.0001436398284544292, 7.810278832023817e-05]]}, "dipole": {"__ndarray__": [[3], "float64", [-0.0011376721096182458, 0.009240004756467008, 0.004397353177164078]]}}