{"forces": {"__ndarray__": [[14, 3], "float64", [-0.003680334737422763, -0.009162127166860696, -0.0020393225638322856, -0.028698999993465205, -0.061941350940341026, -0.0650515703235056, -0.004484673535468946, -0.009718753829783046, -0.002154275770590362, -8.164239643212407e-05, 6.710319085783202e-05, 0.0001917775613854181, 9.874501153821592e-05, -0.00015078766105759226, 0.0003218451351172956, 0.0004025094913071513, -0.0011612300040148218, -0.0012888696252515185, 0.00032033776441984683, -4.751953662400245e-05, 4.559376559651216e-05, 0.008337187931600739, 0.018408908679950053, 0.008660003510137008, 0.029485819526427152, 0.06409172407869976, 0.06267892095358123, -0.0010934724998930205, -0.0004863610954122717, -0.0014672749957914534, -0.0006300433728113506, 8.029542476226272e-05, 0.00010510931083495334, -3.305265861269202e-05, 7.893071160762923e-05, 1.3402603612018717e-05, 3.7685507119186524e-05, -8.7820697855518e-05, -1.4121079458134253e-05, 1.9933961694683852e-05, 2.8988846070874098e-05, -1.2184818341989081e-06]]}, "dipole": {"__ndarray__": [[3], "float64", [-0.0010396517646123534, 0.009184679332471527, 0.004452368357317694]]}}