{"forces": {"__ndarray__": [[14, 3], "float64", [6.927380531570063e-05, 9.397651350809414e-06, -4.667707436442617e-05, -0.0005966267925905505, -0.00023699432374072626, 0.0002704927450390539, -0.0019947801574307406, -0.004949353125618668, 0.009224233378736407, -0.0636002180989379, -0.03413948791987578, 0.05507208410937169, -6.531448332973326e-05, 0.00010245292894983423, 5.320421024443658e-05, 3.913993590919619e-05, -5.9093826048673235e-05, 1.5018682939792387e-06, -6.627684362299595e-05, 3.695865715563682e-05, -5.985564810019164e-05, -0.00036884725154444733, -0.00013717133351147582, -0.0001692362318864286, 1.858590593454873e-05, -4.916989934415455e-05, 2.40893304701655e-05, 0.00026180049748456723, -0.00040138306087799145, 9.721144882669002e-05, 7.523257302742708e-05, -0.0003433085885466734, -0.000365113977299162, 0.011065277671857198, 0.010037808908588, -0.016725139774723553, -0.0017971334536509341, -0.006926430960892009, 0.010457704905053902, 0.05695988669157888, 0.037055774892411436, -0.05783449928966237]]}, "dipole": {"__ndarray__": [[3], "float64", [-0.0011412792500254088, 0.009131496848487415, 0.004421820380227128]]}}