{"forces": {"__ndarray__": [[14, 3], "float64", [0.0060166607310201455, 0.002247437254861061, 0.012598324975303582, -0.040173583507754136, 0.0034835882323970735, -0.10067503897566517, -0.043805328422313765, -0.00127370453315975, 0.4914666573573802, -0.012981143081975802, -0.01378785449792761, -0.07449728845320312, -3.9592510124741016e-05, 0.00012502520532561522, -7.833729290065008e-05, 0.0003081808964821177, -3.344778480745429e-05, 6.8170693531479e-05, -0.00012361016135595872, -8.879224669558048e-05, -3.340478065315795e-06, -0.01610175612640084, 0.003320817236762286, -0.00942672377993043, -0.005522185133291086, -0.0012072928862984903, -0.0021161315497733022, 0.047060027384525395, 0.09201141328166668, -0.2229059363819838, 0.0671972926357974, -0.08128272210981177, -0.10422075980106357, -0.0034865616008750884, -0.009486992822335841, -0.0007043729706968165, -0.0075041277902726765, -0.00841500984099919, -0.0005976850952759112, 0.00915572668653925, 0.014387535511022996, 0.011092461752342296]]}, "dipole": {"__ndarray__": [[3], "float64", [-0.001082649185884538, 0.009076035530983118, 0.004484285773336916]]}}