{"forces": {"__ndarray__": [[14, 3], "float64", [0.013807228962323883, -0.006144452852748188, 0.0038857952250425432, 0.1310726122399506, -0.009809221331972541, 0.04340962742729597, -0.4454445406719321, 0.02478455613884509, 0.04771038543057745, 0.10036146115124717, 0.038627160020938606, 0.012162141189042458, 3.675310202976653e-05, -0.00014471755369198575, -0.00018873697736280793, 0.0006107174159344285, -1.530733029550657e-05, -0.00012368427875356243, 1.8803098084907197e-05, -0.00016142213069911344, 0.00010773389898719913, -0.008941515022877662, -0.0013297329574194481, 0.0012723519481976776, 0.006666976841567391, 0.0017700163463168904, 0.004549021521355747, 0.0685928721744597, 0.03331416786736676, -0.05064803214134803, 0.13810588678438712, -0.09186384064547778, -0.06478593667554434, 0.006267891098340546, 0.014828689315171936, 0.0023636063815329796, -0.013214668995489398, -0.008056527427992904, 0.0012524746114443673, 0.002059521821974535, 0.004200632541659031, -0.0009667475604679288]]}, "dipole": {"__ndarray__": [[3], "float64", [-0.0011668290084473757, 0.008951039833960272, 0.004420721471103139]]}}