{"forces": {"__ndarray__": [[14, 3], "float64", [0.0001991775526835015, 8.076965196140266e-05, -1.1266108724915313e-05, -4.459241358647682e-05, 0.00017681962045877243, 0.0004200925467228522, 0.001235002687967684, 0.003032130377566034, 0.0005451491894562941, -0.07605406418233605, 0.08690444097406551, 0.11993378957191635, 0.000561621169449069, 3.5912058261998515e-05, 5.410549115121718e-05, 4.2383370915855475e-05, -5.766042748389099e-05, -3.4854986038737205e-06, -6.555864209699867e-05, 3.566973204066159e-05, -5.813014890261923e-05, -4.8311592902151595e-05, 5.484724029765166e-05, 7.965977358148139e-05, 1.8171838945084063e-05, -5.1325270918892396e-05, 2.500067771448912e-05, 0.0002914356392132773, -0.00026296958277790216, -0.0002988307215977982, -0.00013930069924674267, 0.00021053903132770956, -0.00024275082416505295, 0.004688289839439585, -0.008854709761091536, -0.011440169979733837, 0.0793463090943973, -0.09435484201249514, -0.11774430776410613, -0.01003056366284259, 0.013050378368787223, 0.008741143795291681]]}, "dipole": {"__ndarray__": [[3], "float64", [-0.0011702682941382445, 0.008844380913606481, 0.004497753962080987]]}}