{"forces": {"__ndarray__": [[14, 3], "float64", [-0.00035751687271392657, -0.009352635896458843, -0.0049142949039629345, -0.07889236193374939, -0.2297339969355091, -0.053921932417623795, -0.0018311914844190056, 0.008842991226649879, -0.001180899167682679, -9.543077754192674e-05, -4.361833854156727e-05, -0.00013825777100034704, -5.646445749321292e-05, -0.000184576751804815, -0.00035881864032295347, 0.0006679724787336614, -0.0003031723034047088, -0.0008676999980505967, 0.001182560907939122, -0.0015109725933303668, -0.0003444237150113928, -0.005202007562537588, -0.009133851820007085, -0.0009000927865452084, 0.08473549373166572, 0.2408286684102847, 0.06273462022309975, -0.0001394658964339064, 0.00025613568152402303, -0.00015724189243954893, -3.577974736967546e-05, 0.00031800173243216764, 4.778602698725934e-05, -3.54791337200192e-05, 7.799045470550765e-05, 1.2594381587083217e-05, 3.8588107675306744e-05, -8.849423051264129e-05, -1.2241021254266923e-05, 2.1082639964651157e-05, 2.7531363973250957e-05, 9.01682220407632e-07]]}, "dipole": {"__ndarray__": [[3], "float64", [-0.0009778475946497093, 0.009185824277436203, 0.004669451815325191]]}}