{"forces": {"__ndarray__": [[14, 3], "float64", [8.14301221968843e-05, 2.0270078261510442e-05, -4.504481172364569e-05, 0.0005377852566363974, 0.00018452182517963447, -0.00027310851687386753, 0.002076660653472674, 0.0047027053822069126, -0.0089919720848564, 0.06397550038979664, 0.034515267884442945, -0.056074159638874264, 3.795496069423806e-05, 7.495067130340507e-05, 1.6116940017183206e-05, 3.5652762100356614e-05, -6.0582151244228225e-05, 1.6477371931908325e-06, -6.752693509997623e-05, 3.577065042242778e-05, -5.8755492576052554e-05, 0.00023722733058886136, 0.00020930399573389048, 0.00025145243800334826, 1.9417750649547418e-05, -5.137764659899072e-05, 2.4208282223636015e-05, -0.0003087700019454596, 0.0003088775744909719, -8.451996606056189e-05, -9.085800964207288e-05, 0.0002514313927411264, 0.000391061230089479, -0.01078289094694364, -0.009860255998425608, 0.01684819207143903, 0.001952211324034965, 0.006705965008848137, -0.010162704841635327, -0.0577037946565396, -0.03703684866736153, 0.0581575866536341]]}, "dipole": {"__ndarray__": [[3], "float64", [-0.0011150184562087656, 0.008921254937121693, 0.00457374213765884]]}}