{"forces": {"__ndarray__": [[14, 3], "float64", [0.0002152683232988444, 0.00018092641220732116, -0.00012494575121551688, 0.0032849643438108353, -7.11687591029041e-05, 0.0015229155301838154, 0.08926746236010058, -0.14896847792983053, -0.07906488441993657, 0.008822057429667044, -0.011755070726426335, -0.008508122127728838, -1.5621471619557784e-05, 8.754126670560948e-05, 3.389007119898698e-05, 3.6964630783424646e-05, -6.009827295391328e-05, -3.8321595898993896e-07, -6.456376635092548e-05, 3.55522116337353e-05, -5.7306034405883324e-05, 0.0008670498829022129, -0.0007541686769164423, 0.0005947280015794322, -0.00013536599703436994, 0.0003145444486587702, 0.00015272042657683667, -0.006209600291403542, 0.010167126185414967, 0.0037695085117296053, -0.09494873110400959, 0.1541554890197615, 0.08287917090256189, -0.0009077114398505224, -0.000985972917842692, -0.001000760865174401, 6.135749475063583e-05, -0.0003268706842430151, -0.00027069152062909316, -0.0002735303950453296, -0.002019351577066331, 7.416049121946256e-05]]}, "dipole": {"__ndarray__": [[3], "float64", [-0.001329485655633019, 0.009147593323059896, 0.004600906491790239]]}}