{"forces": {"__ndarray__": [[14, 3], "float64", [-0.027368384626526562, 0.022989593948799403, -0.514232770319534, -0.028115897112184065, 0.02558083926633809, 0.09769467784272085, 0.004072703856030113, -0.0068802720560153935, -0.012482424098906023, 0.0002114998658890064, -7.29393149214806e-06, -8.265910275083134e-06, 0.01492704675218973, 0.051811767070750234, 0.058818853840554984, -0.0621601621898447, -0.09436282290553619, 0.23504975331728156, 0.11400744874772101, -0.014593286380184636, 0.12588356624906588, -0.012846091110666247, 0.01080263566940184, 0.007317976557572026, -0.0031635214246335305, 0.004859432230024152, 0.001985728494960822, 0.00017502503348848202, -0.00030867847318004734, -1.4841035019151482e-05, 8.544605042120906e-05, 3.300105910702721e-05, -4.76319620044114e-05, -3.2799538699466554e-05, 7.744832505784693e-05, 1.885367548524159e-05, 0.0001869117752943875, -3.439039330228765e-05, 2.0806963806188732e-05, 2.0773921520640448e-05, 3.2026570232590884e-05, -4.283615709401876e-06]]}, "dipole": {"__ndarray__": [[3], "float64", [-0.0011940388223453235, 0.00902356852400769, 0.004516817818974751]]}}