{"forces": {"__ndarray__": [[14, 3], "float64", [0.024613286074698325, 0.49864698376040545, -0.022098441837973767, 0.03659724458105062, -0.10016106008838985, -0.028708710253636836, 0.006266274632554968, -0.0007061962880939839, 0.0021877852825956438, -0.0002734621615687881, 0.00037201942826617574, 0.0003962908313544707, -0.07349519459148073, -0.2509601801647048, -0.053013874176711606, -0.02697060187075059, -0.09828538146546906, 0.09856397623260314, 0.025988001399012178, -0.04944202823998897, 0.011403790669905836, -0.00725772983289445, 0.010703919740055063, 0.0009691178370933683, 0.014094732691601837, -0.00972810979584675, -0.009490670324738241, 0.0002647666443538306, -0.0005480817864600149, 2.8382263267559696e-05, 0.0002957626885524244, 0.00012196393829046197, -0.00017176276286482348, -3.622227639790463e-05, 7.483406095193252e-05, 1.2294355538383319e-05, -0.00010145337938333214, -0.00011489037207048031, -7.906392403359797e-05, 1.4595400652428638e-05, 2.6207273056211744e-05, 8.85807600977777e-07]]}, "dipole": {"__ndarray__": [[3], "float64", [-0.0010317186433945098, 0.009006238653845578, 0.004540258740041673]]}}