{"forces": {"__ndarray__": [[14, 3], "float64", [-0.02925178908799075, 0.049980034644639446, -0.015001507756596399, -0.008344197959835776, 1.4403974151857973e-05, -0.00760298940224861, -0.00018646522762354455, -0.00028621979157523753, 0.0001305380061118199, 2.5324685245954143e-05, 3.389413091790719e-05, -2.538246540452848e-05, 0.01873501616862184, -0.007453336808997397, 0.012363286435972131, -0.009248925682558327, -0.00013806200418821604, -0.004624872908466756, 0.029883225606236675, -0.043605928142428085, 0.014225190658502229, -0.0001933329215106258, 2.2983316047279134e-05, 0.00041834896405191965, -0.0014077421952302719, 0.0014978959072035646, 9.673409236839097e-05, -2.4554027930472716e-05, -3.972703680947087e-05, 4.23236235892752e-06, -7.993095144538769e-06, -4.621415636029328e-05, 1.7153301171758055e-05, -3.349339096049461e-05, 7.805069958698585e-05, 1.3871721695963217e-05, 3.553852511253314e-05, -8.750888241962185e-05, -1.3976592929536864e-05, 1.938860356776243e-05, 2.9734150231506126e-05, -6.264165863696115e-07]]}, "dipole": {"__ndarray__": [[3], "float64", [-0.0010043245970380863, 0.0091518591735169, 0.004529900694428132]]}}