{"forces": {"__ndarray__": [[14, 3], "float64", [0.06607536950714948, 0.027052817645823502, -0.060223045672944384, 0.002538979865863579, 0.007148310888941826, -0.012444834571449712, 0.0006105751222807914, 0.0001498341265686401, -0.0002684539334980426, 3.490190984152538e-05, 2.7119446632054666e-05, -2.8945684180427704e-05, 0.000983744131860976, 0.003352338457285964, -0.006859381294738327, -0.05947746455297727, -0.027328557995099968, 0.06366881025480597, -0.011152566748038793, -0.009330355499139582, 0.016768657867376878, -0.00021862937358853822, -0.00011660713070999043, -0.0003242791432042346, 0.00016761205477187403, -0.000690878257657039, -0.00034618531197979984, 0.0003819657422901147, -0.0002685437521593795, 3.45125575078071e-05, -8.805431594978604e-06, -4.6602145378788515e-05, 1.7263900607472825e-05, -3.295084075239259e-05, 7.744813468768419e-05, 1.528603883724031e-05, 7.901278082099236e-05, -5.587083055320001e-05, -8.373999570648132e-06, 1.82558320735945e-05, 2.954691075842815e-05, -1.0310075681378477e-06]]}, "dipole": {"__ndarray__": [[3], "float64", [-0.0011358764711037047, 0.008999484875544642, 0.004620999941963016]]}}