{"forces": {"__ndarray__": [[14, 3], "float64", [-0.013934473189364442, 0.006320294140983528, -0.004189184729501809, -0.13437718083582562, 0.01001675912184607, -0.044816524734628306, 0.4463016703733314, -0.02406745387583511, -0.042974695064711556, -0.09884791923032442, -0.037482153949239094, -0.012811709833915923, -5.766741181104355e-05, 0.0003438262718184453, 0.00026822723896603257, -0.000562507552810812, -0.00011058786242993369, 0.00014650128213570114, -0.0001683075350397724, 0.00024252156279651433, -0.00023940573170788736, 0.009114313172363742, 0.001445983628098445, -0.0011683574941347182, -0.006787900512354728, -0.0018649368672504943, -0.004671562414536481, -0.06896110594925386, -0.03370925677459602, 0.050456285800467626, -0.1366553725299266, 0.08932696613994269, 0.06228019309656858, -0.006131067013431849, -0.014239616846646014, -0.002129598239355998, 0.013079984814548464, 0.007807035437359865, -0.0011494126814968622, -0.002012466600099292, -0.004029380126849892, 0.0009992435058510858]]}, "dipole": {"__ndarray__": [[3], "float64", [-0.001086684858236948, 0.00910637039013956, 0.004570611067632253]]}}