{"forces": {"__ndarray__": [[14, 3], "float64", [0.4969264288431524, 0.027881620597321084, 0.03483990721919716, -0.11860411292220756, 0.03836819635662561, 0.03143212616625323, -0.01371213526369075, 0.009516571461444101, 0.005816029157476721, -0.0013456899089108218, 7.070489052459889e-06, -0.00011897241662048593, -0.08245621121520982, -0.08131609191679838, -0.01834860524682352, -0.06639904017878721, -0.02391336918830423, 0.057420265285072894, -0.22221556734637882, 0.02913930760240609, -0.11198747736623743, -0.0027816942727718337, 0.0007595109852243535, 0.004964889070887559, 0.011208109598330622, -0.0005659706263589367, -0.0036892662289700635, -0.0002361144100589743, 0.00010819956445626736, -0.0002747781139340552, -7.202410677680784e-05, 8.755444475888517e-05, 7.595738948215394e-05, -3.167539698384936e-05, 8.144350529911349e-05, 1.032845257898129e-05, -0.0002945099840278804, -0.00018639504186016356, -0.00013455527996892986, 1.423656432177998e-05, 3.235176673346867e-05, -5.848088394094134e-06]]}, "dipole": {"__ndarray__": [[3], "float64", [-0.0012831059441276063, 0.009015862470425743, 0.004433839233790857]]}}