{"forces": {"__ndarray__": [[3, 3], "float64", [0.003393748762375815, -0.00145218080962959, 0.057933801943687496, -8.221336856317547e-06, 3.498862882083165e-06, -0.11586753243263517, -0.0033855274255194753, 0.0014486819467471057, 0.05793373048894764]]}, "dipole": {"__ndarray__": [[3], "float64", [-2.3781755410664054e-07, 1.0269362060572356e-07, 0.007843039524545152]]}}