{"forces": {"__ndarray__": [[3, 3], "float64", [-6.888291224493267e-06, 1.3569764000197497e-06, -0.023015228848492535, 0.004103147572167406, -0.0017547276939282777, -0.005973748449659669, -0.004096259280941486, 0.0017533707175289158, 0.028988977298152224]]}, "dipole": {"__ndarray__": [[3], "float64", [-4.5266644861884327e-05, 1.9471685192359543e-05, 0.003921942725668531]]}}