{"forces": {"__ndarray__": [[3, 3], "float64", [-0.404079434762663, 0.19831706483795747, -2.8668525213789876e-15, 0.37263696410058517, -0.21411256200732173, 7.405462831928743e-15, 0.03144247066208048, 0.01579549716936479, -4.538610310549755e-15]]}, "dipole": {"__ndarray__": [[3], "float64", [-0.004096541356912002, 0.005664798479382098, -3.431353305471117e-17]]}}