{"forces": {"__ndarray__": [[3, 3], "float64", [0.39731422223009566, -0.20244186888583282, -2.7851111803791717e-15, -0.3663709474405388, 0.21784882883042764, 7.119402189591986e-15, -0.030943274789557936, -0.015406959944594949, -4.3342910092128126e-15]]}, "dipole": {"__ndarray__": [[3], "float64", [0.004139681524042623, -0.005703383846576862, -3.685575478266484e-17]]}}