{"forces": {"__ndarray__": [[3, 3], "float64", [0.3656744849532066, -0.21784018147502887, 3.4370999917202913e-14, -0.7390596256416057, 0.43195056863768233, -1.8072684247470507e-13, 0.3733851406884011, -0.21411038716265338, 1.4635584255750216e-13]]}, "dipole": {"__ndarray__": [[3], "float64", [0.008234264130241266, -0.011367000975908103, 2.33983034251861e-15]]}}