{"forces": {"__ndarray__": [[3, 3], "float64", [0.04335990646731983, -0.030638169577483405, -3.883523776666565e-10, 0.894051716668674, -0.3547277170529075, 7.76990912519986e-10, -0.9374116231359934, 0.3853658866303912, -3.8863853485332925e-10]]}, "dipole": {"__ndarray__": [[3], "float64", [-0.013485592818658292, 0.004082432240142692, -1.4171313546155843e-11]]}}