{"forces": {"__ndarray__": [[3, 3], "float64", [-0.044557164136267056, 0.03175731576327857, -3.92171608912308e-06, -0.9500333007644028, 0.385101408992799, 7.934184761784426e-06, 0.9945904649006712, -0.4168587247560774, -4.012468672661348e-06]]}, "dipole": {"__ndarray__": [[3], "float64", [0.01360471989505784, -0.004153536322844101, -1.6060607118532307e-07]]}}