{"forces": {"__ndarray__": [[3, 3], "float64", [0.9374708590680899, -0.3853895895577203, -3.3671248950641092e-15, -0.8941669180791869, 0.3547737440445169, 3.0268644380470064e-15, -0.04330394098890443, 0.030615845513204013, 3.4026045701710427e-16]]}, "dipole": {"__ndarray__": [[3], "float64", [0.013479167734869575, -0.004079705036509591, -1.1897749653963227e-16]]}}