{"forces": {"__ndarray__": [[3, 3], "float64", [0.0033887405642578, -0.0014450914257500775, -0.05792899082507137, 3.205383448458964e-06, -1.125337985838572e-05, 0.11585798160807192, -0.0033919459477084668, 0.001456344805608385, -0.057928990783000546]]}, "dipole": {"__ndarray__": [[3], "float64", [1.448013192927652e-07, -2.2829888835583035e-07, -0.007843107905780992]]}}