{"forces": {"__ndarray__": [[3, 3], "float64", [-0.03143262555638476, -0.01579396745685677, -3.563369116628913e-15, -0.3726500810478446, 0.21410882672737525, 9.374443241869173e-15, 0.40408270660422685, -0.19831485927051867, -5.811074125240257e-15]]}, "dipole": {"__ndarray__": [[3], "float64", [0.004095075874682786, -0.0056641359713590095, -1.2518151050769887e-16]]}}