{"forces": {"__ndarray__": [[3, 3], "float64", [0.004078334812469582, -0.0017451168686806193, -0.02898780863069146, -0.004062281874403993, 0.0017382403632131061, 0.005973748297435459, -1.605293806193234e-05, 6.876505467256708e-06, 0.02301406033325601]]}, "dipole": {"__ndarray__": [[3], "float64", [4.920218291508294e-05, -2.105263691213842e-05, -0.003922044277444137]]}}