{"forces": {"__ndarray__": [[14, 3], "float64", [-6.718156075313221e-07, 1.1148460744502484e-06, -2.760487531663057e-06, 2.04342278357607e-05, 4.17023292723043e-05, 0.0002304393926145963, 0.006953317056640036, 6.0702489071240214e-05, 0.004417830365265286, 0.20416054789317498, -0.06713655346596188, 0.10006608252024184, -6.6703674977812226e-06, -4.482891800674884e-06, -4.981525089249628e-06, 3.612774863127494e-06, 9.767208165571378e-07, -5.273066654031092e-06, 2.547565231405341e-06, 5.981866643503583e-06, 4.440347472488923e-06, -2.4997452949953604e-06, -8.558656146418652e-07, 3.523286956908444e-06, 4.120162411423594e-06, -1.1863815860107411e-06, 3.0148245232115397e-06, 0.0016166529128494778, 0.0010034817574753356, 0.0001384805707761875, 0.0002010159275909473, 0.0008155737436316425, 0.0006844652701000318, -0.20865325334960796, 0.06801827720886, -0.10735146404146385, 0.007619032389813413, -0.003999147087345703, 0.00413415258542712, -0.011918185632401913, 0.0011944147304631953, -0.002317950042639235]]}, "dipole": {"__ndarray__": [[3], "float64", [-0.0009312445325327878, 0.008426979718809237, 0.005421255166310576]]}}