{"forces": {"__ndarray__": [[14, 3], "float64", [0.49823522972340034, 0.023992846996768794, 0.035650363815725436, -0.115109539183529, 0.03631111594851947, 0.03383576167637921, -0.012551709659109468, 0.009354045436810947, 0.0062996947429140035, -0.001373151406834773, 0.00011875152532448502, -0.00010099821411065788, -0.09330214021197678, -0.08707124971064983, -0.03575976423931535, -0.075880581836116, -0.03878910083828057, 0.06631268588980627, -0.20779204529169942, 0.05574234674354731, -0.10717116424982127, -0.003797674444019792, 0.0014785821435320064, 0.0053613265174215505, 0.012108222697555262, -0.0013930798566961773, -0.004069406905645202, -0.00016463573035217546, 0.00015728249767159603, -0.00026742649034749934, -3.343130100681162e-05, 0.00014487845706558203, 5.7153987902903315e-05, 2.06759927876401e-06, 4.828486194204629e-06, 3.4847264016519666e-06, -0.00033313403063739346, -5.578044733200158e-05, -0.0001432096306471524, -7.476924952871526e-06, 4.532617524722487e-06, -8.501626663542434e-06]]}, "dipole": {"__ndarray__": [[3], "float64", [-0.0007762836795565936, 0.008402426123345998, 0.005602915169720742]]}}