{"forces": {"__ndarray__": [[14, 3], "float64", [-0.10357628893840694, 0.030557808649401334, -0.12732100307330904, 0.008374534775661139, -0.00044248829930595095, 0.013821388474823414, -0.00014939329803631578, -3.1690829464078595e-05, 2.4910210973666377e-05, -2.0594600319782713e-06, 1.6516191219875352e-06, -2.802467119552964e-06, -0.005987491761161109, 0.001148023990301519, -0.003272532759493519, -0.014347750846790689, 0.003954452432647413, -0.007945180327238182, 0.11428479565281059, -0.03451843469029957, 0.12472048680161969, 0.0010178615476672198, -0.00016281048763887028, -8.007243171607171e-05, 0.00039395664961071363, -0.0005103455958843061, 5.7911904766420206e-05, -1.4599423412825765e-06, 4.243519039878669e-06, -2.2238493536387247e-06, -7.466768423518238e-06, 1.6684055011340662e-06, -5.094415592811439e-06, -9.817721747778015e-07, 1.5660046321039248e-06, 5.514639977188488e-06, 4.135745273812266e-06, -2.9755998464443264e-06, 1.9024187927669767e-06, -2.3915836568134723e-06, -6.691182062280294e-07, -3.205127130272165e-06]]}, "dipole": {"__ndarray__": [[3], "float64", [-0.00039097524477837764, 0.008315249198155494, 0.005599560874193913]]}}