{"forces": {"__ndarray__": [[14, 3], "float64", [-0.004077250439172882, -0.009225330887428123, -0.004008046487249625, -0.04605451971573313, -0.08091384567228022, -0.08639162879600681, -0.005441274094131329, -0.007950115529117048, -0.003783036208795643, -0.0001269310089733809, 7.771667395459041e-06, 0.00018769058801989212, 7.329649149034418e-05, -0.0003135957882115456, 0.00019256082341315256, 0.0004179191518076628, -0.0009481583439463612, -0.0015059783062318205, 0.0005123634568560656, -0.00029815318472406623, 5.251907223714187e-05, 0.008403790332502206, 0.01471543767117971, 0.01079294687304922, 0.04804174557737882, 0.08480672179405792, 0.08596843845430163, -0.0010567469388152628, -9.516226926707357e-05, -0.0015799057624836608, -0.0006946318027015294, 0.00021437188101681504, 7.0026890454507e-05, 3.0223703880712556e-07, 2.391461953128858e-06, 5.9188435089300174e-06, 3.714834908087311e-06, -2.2732014418784394e-06, 2.4452208879718458e-06, -1.7780824548414013e-06, -5.959918659998031e-08, -3.951205104431338e-06]]}, "dipole": {"__ndarray__": [[3], "float64", [-0.0005079712233959413, 0.008567798541577415, 0.005677067633831547]]}}