{"forces": {"__ndarray__": [[14, 3], "float64", [-0.06495054374607326, -0.10396256755399556, 0.1973452033916453, -0.0045328387537722425, -0.002096036730835994, 0.006888768041282817, -8.980573965633168e-05, 0.00025412391150397124, -4.527492433395627e-05, 7.504972013509925e-06, 5.5489806663266435e-06, 1.75230254612014e-06, 0.002254665449186102, 0.002621328193993699, -0.01217633498735845, 0.07108001187501245, 0.10836967496966353, -0.20154863101596326, -0.002748458076599337, -0.005776837982915701, 0.007962717102101266, -0.000390706042589478, -0.00013835910840851102, 0.00011835128875816741, -0.0006169396960288955, 0.0007124298045827005, 0.001507733255680498, -6.973595601054264e-06, 1.4994415413735689e-05, -5.3488078232992994e-05, -7.3927379316657705e-06, 1.4400362134321206e-06, -3.310555541699278e-06, -3.579185891015487e-06, 1.8351939473204628e-06, 5.5003274012973995e-06, 7.190249386425418e-06, -6.235796575784858e-06, -1.91404808554034e-06, -2.1349714558639806e-06, -1.3383332537492976e-06, -1.0720998985614828e-06]]}, "dipole": {"__ndarray__": [[3], "float64", [-0.00031172702143269983, 0.008488453843632072, 0.005554153591510582]]}}