{"forces": {"__ndarray__": [[14, 3], "float64", [0.00027458355967126724, 1.9573267024461875e-05, -3.806279208525255e-05, -0.0001431188880272094, -0.006324130540921424, 0.008233761328558756, -0.05608890523082102, -0.09611782221742526, 0.19396010173848793, 0.00028260862949305897, 0.0017344568226263467, -0.012032993373891467, -4.5932910575889526e-07, -9.265759096332391e-06, -3.726701416755657e-06, 1.5663253693282154e-05, -4.426150913328154e-06, -5.370164555235586e-05, 3.226744045184656e-07, 6.574054174163751e-06, 4.1802100948442595e-06, 7.143042193152023e-05, -0.00040468309470212876, 0.00014065388416839255, 0.0009723859378816371, -0.0001790650203670492, 0.001581964626648725, 0.060053219096117716, 0.10689114505056983, -0.20111842386090736, -0.005594640165367018, -0.00589346882955039, 0.009818862298419564, 0.0001379098857831491, 0.00011245107821669369, -0.00023998940363753515, 8.312280886019148e-05, 0.0003193282247888467, -0.00027761698207334334, -6.412265451531003e-05, -0.0001506668844240154, 2.49906731858746e-05]]}, "dipole": {"__ndarray__": [[3], "float64", [-0.0006135063425243302, 0.008609090587026606, 0.005622892056165657]]}}