{"forces": {"__ndarray__": [[14, 3], "float64", [0.20734574106895037, -0.05375921154216038, 0.11365445233908583, 0.008922350254438395, -0.0038088674890424208, 0.003974176003088592, 5.296214575817868e-05, -0.00021065354257615985, 4.208268158580565e-05, 2.561195525887059e-06, -1.3518227931459265e-06, -4.259670013695947e-06, 0.005552770983744125, -0.0005384417989262248, 0.0046824953667409085, -0.01240584409868411, 0.0006180904619815851, -0.0029132589288524673, -0.21182272955527937, 0.05918859189028868, -0.11808021355312495, 0.0018590999098379829, -0.00034827377358735034, -0.0008339115201313877, 0.000501697728525234, -0.0011449173541006566, -0.0005207142809974382, -3.4258198548468713e-06, 3.60557001250105e-06, 1.4290711076718563e-06, -5.62840179576112e-06, -2.330890359632124e-06, -7.935089555944703e-06, 5.165662647564631e-06, -1.3083899372898178e-07, 9.84746535810203e-06, -2.6557028413832844e-06, -4.811501343416056e-07, 4.432808761489485e-06, -2.0653709729375053e-06, 4.372280390933261e-06, -8.622693052596703e-06]]}, "dipole": {"__ndarray__": [[3], "float64", [-0.0009490689353033016, 0.008569161252538805, 0.005511578556219288]]}}