{"forces": {"__ndarray__": [[14, 3], "float64", [-0.00015594283219233404, -0.0001746559716064163, 5.124245538842455e-05, -0.004655603864122783, 0.002422581548345866, 0.0006976077490323039, -0.08452971790205324, 0.14139424953703025, 0.08789132561217908, -0.007425827681728791, 0.01038925246991475, 0.00942134504009058, 6.828855952114127e-08, -1.427815348993067e-06, -2.9666890332360107e-06, 4.123839978324814e-06, -1.6959439944122144e-06, 1.3843260928497202e-06, -3.2682972330844574e-06, 8.71516310341557e-06, 1.6697369504753838e-07, -0.0010023153050934665, 0.0011369533983092203, -0.0005447985990171071, -0.00016660559180525073, -0.00032359201465567087, -0.0002202800806222106, 0.0072494923798473625, -0.011849254936316863, -0.006079513573275978, 0.08943988071971515, -0.14582987973071992, -0.09277575565124543, 0.00083126490961669, 0.0006447059419164348, 0.000964665395338829, 7.410837945879815e-06, 0.00013504139406381998, 0.00033704460624511807, 0.00040704049856601357, 0.0020490069599581966, 0.00025853243513155124]]}, "dipole": {"__ndarray__": [[3], "float64", [-0.0004387743706038189, 0.008284073458202921, 0.00553729532982365]]}}