{"forces": {"__ndarray__": [[14, 3], "float64", [4.00881174981241e-06, -5.619382197459957e-06, -1.9787664367120424e-06, 3.701597520316815e-05, 1.7748266797054152e-05, 4.73112761390294e-05, -0.012417492290775201, 0.01257053396207555, -0.008020297831663066, 0.06183879719484284, -0.08118233794676036, 0.03909793891477237, -4.754830896577882e-06, -3.1046588172399713e-06, -3.945708778268383e-06, 4.304027143966488e-06, -1.867744031892937e-06, -1.3724001387514358e-06, -2.4258269369472903e-07, 7.046458028266832e-06, 2.855815832936732e-06, -2.033911578980714e-06, -8.969381403211641e-07, 2.2699344407744342e-06, 5.76774929935354e-06, -3.7105438196454197e-06, 3.538169268980225e-06, -0.0011421807349224775, -0.0004700398585005654, -0.00011516031777383601, -0.0007743390616907839, -0.0006440420152232624, -0.0011457975219790332, -0.06911949911528657, 0.07572368423994755, -0.043365089778641154, 0.01081138328148037, -0.003135357491145857, 0.007829974237032043, 0.01075926548812425, -0.0028720363482125405, 0.005669753977925633]]}, "dipole": {"__ndarray__": [[3], "float64", [-0.0007261737514310123, 0.008259833368638716, 0.005613505436111316]]}}