{"forces": {"__ndarray__": [[14, 3], "float64", [0.00015948084298715698, -0.00028201936761067275, 0.00014418547225178742, -0.010471512666761263, -0.009841647620400708, 0.013507296754586194, 0.07820376145482824, 0.04351699788302068, -0.05540710943557089, 0.0031915321907544187, 0.007252202678006095, -0.009309883053855796, 5.660417036660884e-06, -1.9623236800725585e-05, -3.89908921445451e-07, 0.0003623883779504819, -0.00023130194451830707, -4.043362397429137e-06, -2.2604075800898337e-06, 8.820339125810582e-06, 1.1267626548238526e-06, -2.956302910783173e-05, -1.6820478804757363e-05, 7.68886201177885e-05, 0.00046119953388291967, -0.00010392993932855064, 0.0010645281026147731, -0.076487080698186, -0.04940462544451198, 0.061310993184424296, 0.003182471814882895, 0.007141728018705358, -0.011567038183883122, 0.0016584314782497305, 0.0011490510127435097, -0.0001361037809523449, -8.61385842544429e-06, 0.00043329055177861826, 0.00038527522239229016, -0.00022589545051265018, 0.00039787754859564096, -6.572639346075072e-05]]}, "dipole": {"__ndarray__": [[3], "float64", [-0.000517447081388283, 0.008333589764166248, 0.00572816574954143]]}}