{"forces": {"__ndarray__": [[14, 3], "float64", [0.03597621086803783, -0.09704898982117154, -0.027067353344840065, 0.04997120635860439, 0.4968934073870329, -0.003650489280696958, 0.019500614169508004, -0.08478695507491445, 0.009987926038425238, -0.011417945561069067, 0.012084798620733913, -0.00820272902273594, 0.012275243912850101, -0.006679913590546741, -0.00840944298056718, -0.007518844430289455, 0.012703381551242779, 0.0022377226051192014, 0.0036730539155188893, -0.0019265460806857132, -0.00033171476393916636, -0.03816084637338313, -0.122606408869453, 0.10413471761735646, -0.08464962328291059, -0.20368295651282994, -0.08291851038620156, 0.009921209353594397, -0.0023993357345146156, 0.006562558723434474, 0.010773986979503776, -0.0024072786895259087, 0.007854411961243443, -4.2952967002879184e-05, 2.0680375452983084e-05, -7.291190161171145e-06, -9.429457175425374e-05, -6.97636708042496e-05, -0.0001521984303682399, -0.0002070183712082237, -9.411989001669784e-05, -3.7607546069323854e-05]]}, "dipole": {"__ndarray__": [[3], "float64", [-0.0007105328759487915, 0.008382112616861864, 0.00564823985540567]]}}