{"forces": {"__ndarray__": [[14, 3], "float64", [-0.08986192173001252, -0.2277388985613913, -0.0786282460605916, -0.00013531401593885756, -0.006902393683460817, -0.0043710237236601005, 0.0001842437936645598, -0.00040594425590097087, 5.9814933007641e-06, 0.00013370715889657382, -4.866434125878577e-05, -9.771392189079905e-06, 0.09304531665337802, 0.23300265276899246, 0.08552690990416523, -0.004742714646590822, -0.008667308321872196, -0.0027819522216380567, 0.0005092035852806516, 0.010943152109864112, 0.0012508123522115555, 0.0005880883798357924, -0.00012214109761678475, -0.0008053914120699206, -3.180401222160101e-05, -0.0001765131135743458, -0.0003215643677558818, 1.5386278513726575e-05, -3.5965596873045935e-05, 6.878955319168566e-06, -7.027450528851836e-06, -1.118920501594397e-06, -4.878640312369805e-06, 3.6221681705189214e-06, 1.1391398640544291e-08, 8.625915306024406e-06, 0.0002851737518757502, 0.0001466713769783729, 0.00013481321177414668, 1.404008567646287e-05, 6.460245217590967e-06, -1.1194013859651851e-05]]}, "dipole": {"__ndarray__": [[3], "float64", [-0.0007478843148890941, 0.008594553605284386, 0.005789843135884821]]}}