{"forces": {"__ndarray__": [[14, 3], "float64", [-3.877109885609625e-06, -8.553459545883243e-08, -3.3793950610404365e-06, -3.1984462799985296e-05, -2.205340013695743e-05, -4.5937977592720693e-05, 0.012299945951022264, -0.012837218029587483, 0.007962992944912843, -0.061546080486332706, 0.08066347298775746, -0.03897033086911164, -1.0273408072890498e-06, -1.2388005382464814e-06, -3.0234921389158484e-06, 3.4549040907963575e-06, -1.3915883699884351e-06, 4.192644416257661e-07, -2.3820679421822785e-06, 8.217367493742429e-06, 1.617732900841104e-06, -1.3957221801629014e-06, 2.0403772778860693e-06, 2.7177494992376426e-06, 2.4192699514420553e-06, -4.45570031321814e-06, 6.421253393275128e-07, 0.0011217949282021583, 0.0004794849234359396, 0.00011305513655310322, 0.0007509067436777362, 0.0006413726415232544, 0.0011179332654336503, 0.06961379468711319, -0.07485572165562017, 0.04368794812481791, -0.011205601951459117, 0.003101123511100534, -0.007904348584784926, -0.010999967342650614, 0.00282645290057179, -0.005960306025209063]]}, "dipole": {"__ndarray__": [[3], "float64", [-0.000530442501246834, 0.00853291986454745, 0.005717752139224018]]}}