{"forces": {"__ndarray__": [[14, 3], "float64", [-0.0757456700722135, -0.04269711156893507, 0.06845854750072364, -0.0036093581432738112, -0.007532241467826827, 0.010320326081019, -0.0006014672294091499, -0.00014730600814085416, 0.00022189791866864886, -3.3003643958723244e-06, 3.957703831753513e-06, 3.4109331176520383e-06, -0.0020162163941303745, -0.004555996375060526, 0.00711498097342333, 0.07037746088024287, 0.04367055258592626, -0.07230063045770445, 0.011969722578911567, 0.01034369863808683, -0.014616999999538393, 0.00014566095453495936, 9.245267481126317e-05, 0.00039893915128257084, -0.00010746963004530354, 0.0006005545146367537, 0.00042249713385393247, -0.0003609735161915359, 0.00025010679389513864, -1.1038937759460427e-05, -6.133048578918175e-06, -6.386105687715848e-07, -6.2504157496421515e-06, 1.4803124730890008e-06, 1.3759836219449468e-06, 6.324942200652865e-06, -4.374817693631427e-05, -3.0037667178086802e-05, -7.766234538283295e-06, 1.1849011933473848e-08, 6.328028998491495e-07, -4.238588999447412e-06]]}, "dipole": {"__ndarray__": [[3], "float64", [-0.0005837004527461732, 0.008435201742514819, 0.005531110616472146]]}}