{"forces": {"__ndarray__": [[14, 3], "float64", [0.00015514953680379208, -0.0005644254172328905, 0.0002030676956991201, 0.0007577576164302647, -0.002421936089937059, 0.00557167326721849, -0.046717882131213626, -0.11839069475247947, 0.10198868359713954, -0.005743402129913571, -0.008467788205488398, 0.011217182147463749, 1.443331243023688e-05, -4.115593251462273e-05, 2.055765322187228e-06, 0.00025204864283685574, -9.108677253790888e-05, -1.0597186432131213e-05, -6.397164200793483e-07, 6.09979510394494e-06, 2.1477998956895608e-06, 1.3666499005655496e-05, 0.00019921134960086283, 0.0004048528238923609, 0.00037759853688665686, 0.0003087627728854013, -9.391538102638271e-05, 0.04864965900519925, 0.12071471733004484, -0.10778612682545899, 0.0041935750607834995, 0.011448952473298085, -0.011215550399193867, -0.0010047565880074646, -0.00047357255353082514, -0.00032505450146445966, -0.0005549245214599038, -0.002157642532757411, -0.00010621826009156838, -0.00039228312336186624, -6.944146445503819e-05, 0.0001477994570366467]]}, "dipole": {"__ndarray__": [[3], "float64", [-0.0006248719612905809, 0.008475414502813337, 0.005492571063676619]]}}