{"forces": {"__ndarray__": [[14, 3], "float64", [0.004168365836688702, 0.009561384766678858, 0.004006452734284251, 0.04627216771647115, 0.08130139854619671, 0.08629913338302618, 0.005681884206833824, 0.008201804123128003, 0.0037837260964651755, 0.00013938317131366194, -6.8150175122700205e-06, -0.00019584368142201236, -8.321789665830187e-05, 0.0003203987623396566, -0.0002064754815859081, -0.0004223426743264888, 0.000972187791058415, 0.0015425450808760524, -0.0005208100821944285, 0.0003027326864506637, -5.1750020640260806e-05, -0.008465004014058069, -0.014828763668135195, -0.01118659189957943, -0.048526486557957854, -0.08570601657595606, -0.08553190778500858, 0.0010823598991549735, 0.0001064304624518045, 0.0016187049221934291, 0.0006743354100575934, -0.00022384307761097496, -8.55321036382089e-05, 2.1867469869515095e-06, -5.047086264103272e-07, 8.409567322282206e-06, -1.0496442843352546e-06, -2.2602300145891807e-06, 3.638272137352553e-06, -1.7721180271817407e-06, 1.86613955174559e-06, -4.509084429363568e-06]]}, "dipole": {"__ndarray__": [[3], "float64", [-0.0007424707979301734, 0.008224877839690519, 0.00566013799705201]]}}