{"forces": {"__ndarray__": [[14, 3], "float64", [0.10581014978166164, -0.030901273566432352, 0.12774061533194417, -0.008461783013565139, 0.0002994923613796971, -0.014127063958212324, 0.00015120354292318648, 3.424667532365762e-05, -2.666254037056431e-05, 7.898130394118325e-06, -5.724115414936176e-07, 2.6176581833844627e-06, 0.006194407980380019, -0.0012396461649532926, 0.003277784418892923, 0.014853348395472869, -0.0042888128601051385, 0.008224845055068434, -0.11714448451429675, 0.03542711403121228, -0.1251387656885234, -0.0010162301671837574, 0.000162042664271427, 8.942244730916798e-05, -0.00038748660983346377, 0.0005042396055260594, -4.6375228413070104e-05, -3.6276339992745877e-06, 4.405119094016407e-06, 1.7072784368351887e-06, -4.205323842471351e-06, -2.436825978928363e-06, -5.823223403612602e-06, 3.47080968709175e-06, 3.277683098096355e-07, 8.811520513975557e-06, -1.472184258217207e-06, -1.5998485603052943e-06, 4.1346543787948835e-06, -1.1891935403203337e-06, 2.4734524542036337e-06, -5.247725804194314e-06]]}, "dipole": {"__ndarray__": [[3], "float64", [-0.000857833544102735, 0.008475337238588844, 0.005737286285744675]]}}