{"forces": {"__ndarray__": [[14, 3], "float64", [0.0014614020038260294, 0.012318671945224596, -0.009229186066936334, -0.03820462167319562, -0.12307558095658681, 0.10134621205116336, 0.0004507965918134312, -0.0023612627992221653, 0.005474691994658133, 0.0002042586915195201, 3.892692628290752e-05, -0.0002820610625907145, 0.00036960504034283883, -0.00013069837330272703, -0.001058733293212258, 9.799197558409058e-05, 8.952907251047578e-05, 0.00014120000324567675, 0.00034486357159139503, 5.916578359745619e-05, -0.00016123485727019584, 0.0419671617798863, 0.12442879853539209, -0.11239197354991148, -0.007376299083292128, -0.01044382972657911, 0.014989435797519612, 1.5634134898987183e-05, 0.00020798336065543191, 0.00041855196077696496, 0.0007874778986457973, -0.0011366467749238218, 0.0008322448279142039, 2.6972763407042814e-06, -5.2818177491039e-07, 8.493715429270222e-06, -3.0163902683501345e-06, -4.080710832480956e-06, -7.5619983068226835e-06, -0.00011795181769260725, 9.551899559978621e-06, -8.007952247910335e-05]]}, "dipole": {"__ndarray__": [[3], "float64", [-0.0006061403481440311, 0.008313668189652297, 0.0055131060947064756]]}}