{"forces": {"__ndarray__": [[14, 3], "float64", [-4.1203727715134315e-06, -1.3476337671937048e-06, -5.3047696710965596e-08, 1.680947202463067e-05, -3.5443156382085733e-05, 4.782848616255495e-05, -0.00017929836959504228, -0.0017757652957037609, 0.01296718263356991, 0.057780173141671526, 0.09973801681211955, -0.19300572706365374, 9.430912189552873e-06, -9.12637803782741e-06, -8.890050778569752e-06, 3.860764953064239e-06, -7.182285833139116e-07, -3.625271383179307e-06, 3.0141839552484795e-06, 6.53043451646116e-06, 3.2381643148717884e-06, -0.00023081529456859824, -7.591173870410827e-05, -9.649655072521644e-05, 5.558755943862456e-06, -2.3308888807197115e-06, 2.3450763643348495e-06, 5.839624144019378e-05, 0.00015787845028797517, -2.9475315146229613e-05, -6.199954364617247e-05, -0.00025458299100844224, 0.0002813785808859509, 0.002296433345337326, 0.005679877258837325, -0.006926626318864808, 0.0045580681421673345, 0.006750546949485181, -0.009177307421835576, -0.06425551137910143, -0.11017762359417894, 0.1959462280987861]]}, "dipole": {"__ndarray__": [[3], "float64", [-0.0008504987629620518, 0.008201489518902412, 0.005655123168503963]]}}