{"forces": {"__ndarray__": [[14, 3], "float64", [0.03575318317727797, 0.07884231537581403, 0.07850716687048645, 0.004005468981408864, 0.008422591030215493, 0.0032731686170477383, -0.0002761552246623436, -0.00024003123441064585, 6.16238124274869e-05, 3.39173452942897e-05, -6.4391721737397815e-06, -2.529794640233512e-05, -0.03673700420709774, -0.08330249087415793, -0.07432525341928378, -0.0072250088354589735, -0.015951600154442545, -0.012235555786106972, 0.0044728610509123055, 0.010833762696479883, 0.003294676992812725, -0.0004793089242092117, 0.0010451503349366614, 0.0016068322237253732, -0.00010282520069716141, 0.00046709421452052687, -0.00019704415476308774, 5.379738296573334e-07, -1.2688363626377106e-06, -5.541721297927933e-07, -5.76208817459877e-06, 1.1534793873735234e-07, -4.099035377738218e-06, -2.4587960020730105e-07, 1.405292656990085e-06, 7.4832388539145804e-06, 0.0005812702322612074, -0.0001099041875548654, 3.566661689815586e-05, -2.092840108399802e-05, -6.998334608108272e-07, 1.1861418118742904e-06]]}, "dipole": {"__ndarray__": [[3], "float64", [-0.0005711562210218339, 0.008214000314099546, 0.005758274665928628]]}}