{"forces": {"__ndarray__": [[14, 3], "float64", [-3.7385986418864947e-06, -4.726237017443295e-06, -7.360459772064998e-06, -0.000315237071977632, -1.7703176466412578e-05, 0.00023855966098982936, -0.004473209099671053, -0.00043139535634222016, -0.0023761757329695456, -0.10263131009471113, 0.043531659346497074, -0.10756996673410582, -1.143882181354473e-06, -7.095056912730717e-07, -3.8044223786931034e-06, 3.0473564163726154e-06, -2.8691397588073954e-06, 1.2183329706937253e-06, -3.988396613047801e-06, 8.731511596389077e-06, 5.806458500670668e-07, -1.8887430703425963e-07, 1.9154194221667357e-06, 5.279193700042303e-07, 4.533038509881283e-06, -5.988646432484022e-06, 8.354266057418084e-07, 0.0001467825397648457, -0.0003356121604097703, 0.0002465937076373607, -0.0009475669968096307, -0.0009647091814561914, -0.0012975466810544976, 0.11060846368293951, -0.043925811819669536, 0.10495542337047518, 0.012217285312201629, -0.0031167101188018863, 0.01294995055999168, -0.01460372891491928, 0.005263929064529436, -0.007138835593610934]]}, "dipole": {"__ndarray__": [[3], "float64", [-0.0003418474289870476, 0.00837696818815862, 0.005662331842732707]]}}