{"forces": {"__ndarray__": [[14, 3], "float64", [3.7929400311709306e-06, -1.0495318443418097e-06, 1.9314909015592425e-06, 0.0003102571385154529, 1.174231314039701e-05, -0.0002344104527230031, 0.004316675072181064, 0.0005108556638047867, 0.002348299926700762, 0.10092452459241558, -0.04328684880054376, 0.10763654998738927, -4.615687022561364e-06, -3.6157287656137025e-06, -3.1649513383014726e-06, 4.703491551170097e-06, -4.046425690361653e-07, -2.1452685160305344e-06, 1.3414569863045952e-06, 6.543232883587038e-06, 3.877478634216883e-06, -3.290465724066837e-06, -7.421422887385968e-07, 4.378388795123466e-06, 3.6526211741659853e-06, -2.195169261964301e-06, 3.3261479089066793e-06, -0.00013955240603664596, 0.0003391661559810099, -0.00024464808441671627, 0.0009175807308777211, 0.0009404224159266645, 0.0012689125995537433, -0.10849998093208099, 0.043142178192568464, -0.10510450125447689, -0.011985104826685617, 0.0032427091716819936, -0.012598421086325591, 0.014150016273817815, -0.004898761130714759, 0.006920015077913726]]}, "dipole": {"__ndarray__": [[3], "float64", [-0.0009117526610828539, 0.00841440612207327, 0.005668014300273674]]}}