{"forces": {"__ndarray__": [[14, 3], "float64", [6.803838460862322e-08, -2.8843108117680285e-06, -2.694136324294284e-06, 2.021224397042332e-06, -2.351320720218906e-06, 4.187896423454605e-07, 6.060760806484254e-07, 8.721001662901821e-07, -6.990810362009826e-07, 2.855795351773719e-06, 5.278485013347417e-07, -1.21984623816308e-07, -2.8727939034469148e-06, -2.147120285585971e-06, -3.473659058605709e-06, 3.8596206240973424e-06, -1.6463930679246633e-06, -4.459815501261752e-07, -1.3450111795959993e-06, 7.643690773787281e-06, 2.2203601328374345e-06, -1.7106081210662855e-06, 5.832801267849582e-07, 2.4716284546825936e-06, 4.083256648447012e-06, -4.1024172111823244e-06, 2.074766306004426e-06, -2.5482604916702e-06, 4.30747973833492e-06, -2.4700023097082985e-07, -5.832264996153026e-06, -3.9285647919342773e-07, -5.466583690649065e-06, 1.2665231840641855e-06, 9.431553711499354e-07, 7.173708659834997e-06, 1.3191856689772555e-06, -2.270231958198127e-06, 3.031581239806882e-06, -1.7707816477257584e-06, 9.170958554401805e-07, -4.242407920652131e-06]]}, "dipole": {"__ndarray__": [[3], "float64", [-0.0006257166826973277, 0.00839567235432507, 0.0056669665415666785]]}}