{"forces": {"__ndarray__": [[14, 3], "float64", [4.3708880849347825e-06, -4.375595856970872e-06, -5.379661482715669e-06, -1.1846619167894952e-05, 3.1384588980586365e-05, -4.5495656612320767e-05, 0.00017638778222398203, 0.0018581685334836393, -0.013403040401409645, -0.05993198037711076, -0.10362902447678059, 0.19695214705152822, -1.5095012363037908e-05, 4.782332394291081e-06, 1.8319122541842766e-06, 3.892546708543607e-06, -2.577062155216283e-06, 2.745872616619056e-06, -5.699634513641796e-06, 8.7607387711624e-06, 1.1948450856925089e-06, 0.00022339909859821132, 7.57099452930972e-05, 0.00010114727920291538, 2.599791787179583e-06, -5.889737727333192e-06, 1.7863713601748943e-06, -6.331475213000251e-05, -0.00015044804490567555, 2.8132510514487063e-05, 5.2205093106789794e-05, 0.00026220858933742087, -0.00028974779628810954, -0.002460808100983633, -0.005952684509852602, 0.007132710416604963, -0.0048098511965235635, -0.0070953110495800996, 0.009491585908581358, 0.06683574049228365, 0.11459929574859762, -0.19996961865195514]]}, "dipole": {"__ndarray__": [[3], "float64", [-0.0004002701646145313, 0.008591395908435863, 0.005680561283830525]]}}