{"forces": {"__ndarray__": [[14, 3], "float64", [-0.00016419480185791415, 0.0002845109669761405, -0.00015369577163335267, 0.010190051718834643, 0.009844730331611812, -0.013587848429934662, -0.07853278459976315, -0.04352785473506474, 0.05576019170587724, -0.0032068639406991235, -0.006949004545142746, 0.009094544722934498, -1.1424847323358502e-05, 1.5521594501276393e-05, -6.610490530336664e-06, -0.00036593546883004256, 0.00023673238762604863, 2.9865597967145987e-06, -4.7169595848993923e-07, 6.4983404973586904e-06, 3.2942912309605575e-06, 2.6778985186401317e-05, 1.7361765507066e-05, -7.111016821843545e-05, -0.00045144583640463275, 9.713061807380438e-05, -0.0010743026990078233, 0.0771484300760202, 0.04899871375328291, -0.061006173957017726, -0.0032405369807868437, -0.007083017455373729, 0.011202975713949827, -0.0016182381780659786, -0.0011151817862142548, 0.00015019752089973445, 8.208799522656068e-06, -0.00044159429854034947, -0.00037045232777478996, 0.00021842677012526139, -0.00038454693774028856, 5.6003329427393187e-05]]}, "dipole": {"__ndarray__": [[3], "float64", [-0.0007331546383066356, 0.008460234253638507, 0.005603898690056271]]}}