{"forces": {"__ndarray__": [[14, 3], "float64", [3.690019704484753e-06, -6.014123502581538e-06, -5.708676047354921e-06, -0.00010651714206902042, -9.821672949105066e-05, -0.0002526530194830609, -0.005149038614658949, -0.007965271147782877, 0.010940658437012626, -0.04999713382585411, -0.12721707644725608, 0.10865661426248498, 3.990463999430846e-06, 3.285512235455712e-06, -1.915606016698941e-06, 3.5994545417388264e-06, -3.5599302490166886e-06, 1.814368718678698e-06, -4.770472014413476e-06, 8.026612150734161e-06, 6.519916797556124e-07, -0.00012393805621036658, 1.0506908615435194e-05, -8.816979291664052e-05, 3.3094386547479486e-06, -6.40222341086008e-06, 1.1127834930991159e-06, -0.00040052696595308375, -6.717576259788177e-05, 0.00015405082465570237, -0.0005164856819114664, -0.0020486181001487433, -7.275998259071842e-05, -0.0012761576171431814, -0.0028552531086460144, 0.00516923674116831, 0.003540933434224867, 0.014121390121076294, -0.010821267054306765, 0.05401904556468933, 0.1261243784190068, -0.11368166527785105]]}, "dipole": {"__ndarray__": [[3], "float64", [-0.0003751492670256949, 0.008434140899153241, 0.005540811604225852]]}}