{"forces": {"__ndarray__": [[14, 3], "float64", [-0.035542337460230285, -0.07886756540508569, -0.07817267761448206, -0.0040826004676150435, -0.00876499401676551, -0.003257588234111148, 0.00028484104102295704, 0.00024596101260505795, -6.419100555465118e-05, -2.9558995441997068e-05, 8.251477051311143e-06, 2.5019152953092068e-05, 0.03686054103014427, 0.08392261529379062, 0.07358679790708766, 0.007189971791870262, 0.015992375430126885, 0.012618221811713879, -0.004719883635486326, -0.011094888558977141, -0.0032550103488453268, 0.0004927333682692338, -0.0010716024209002195, -0.001638405108612243, 0.00011414372220976044, -0.0004869780445433688, 0.00020192594983970457, -5.68199486389337e-06, 1.0043492114407198e-05, -1.9711639416581622e-08, -5.90626157622856e-06, -8.940327755581608e-07, -6.841116926736018e-06, 2.741113770734507e-06, 4.830479635462365e-07, 6.843775626200761e-06, -0.0005763008514357553, 0.00010468490940645103, -3.454130881831011e-05, 1.7297599362467047e-05, 2.5078159899654433e-06, -9.534148230650021e-06]]}, "dipole": {"__ndarray__": [[3], "float64", [-0.0006786821949233244, 0.008574736702314057, 0.005572835638683813]]}}