{"forces": {"__ndarray__": [[14, 3], "float64", [5.539153996062595e-05, -5.437139075235273e-06, 3.571694871182129e-05, 0.0003248962594893839, 6.543935190297679e-05, -4.296987641189023e-05, -0.006439966839971021, 0.008220394226138364, 0.008385080894879503, -0.07621116727878156, 0.1380867617801983, 0.09450733070068824, -0.0002716371437384228, -0.00015094138644796608, -0.00010982762152383167, 3.1937380967361095e-05, 8.369734327367072e-06, -4.362562702337729e-06, 4.669368214301917e-07, 7.983707568272772e-06, 2.9153543673528915e-06, 1.8107277603338887e-06, 2.3612258055063066e-06, 1.43171543325512e-05, 3.349447112869095e-06, -3.165106855839588e-06, 2.0762536857939616e-06, 0.00042781187434028805, 0.0021596379612242415, 0.00032066845566247387, 2.6955795593183485e-05, 0.00013415025590466975, 0.0004745699747769888, -0.004028123819477054, 0.003107081959532865, 0.0031065031341155364, 0.07908072601402111, -0.13795689648331175, -0.09979549027265143, 0.006997549105901835, -0.013675740086912155, -0.006896528537930826]]}, "dipole": {"__ndarray__": [[3], "float64", [-0.0006857785785364521, 0.008344710494088943, 0.005432675465481103]]}}