{"forces": {"__ndarray__": [[14, 3], "float64", [-0.0015824360669219495, -0.01205358816003909, 0.009036640470791106, 0.037833105791862574, 0.12279743476783665, -0.09916919769007056, -0.0005046676314279256, 0.0023585252752290863, -0.005328270262908474, -0.00019109176502663146, -3.762699483683554e-05, 0.00027355108360358794, -0.00037941179399640336, 0.00012292690715280666, 0.0010577913009991718, -8.87387196491403e-05, -9.14610075221624e-05, -0.0001412550968964631, -0.0003433609733581034, -5.011137916071521e-05, 0.0001636042963703248, -0.04103148143379372, -0.12404753609572224, 0.10980682922934071, 0.006969314739839391, 0.01008851999343164, -0.014560027929158028, -1.8592324393948766e-05, -0.00019438341608646876, -0.0004066450196895883, -0.0007821187588229707, 0.0011145304618122556, -0.0008238886149920005, -1.8967780039327616e-07, 2.4092299000129407e-06, 5.836022558997981e-06, 5.640499392136624e-06, -5.913364556074883e-07, 1.3503074434418945e-05, 0.00011402811409677966, -9.048245539269188e-06, 7.152913561659188e-05]]}, "dipole": {"__ndarray__": [[3], "float64", [-0.000644855800435752, 0.008475823767406666, 0.005823044479875246]]}}