{"forces": {"__ndarray__": [[14, 3], "float64", [0.00011863649631618805, 0.000281577091518573, 9.67582364892121e-05, -0.0019658162793604775, 0.01216584664728384, -0.0017861184130517883, -0.03852629669856573, -0.13262448212699238, -0.022165488354403785, -0.0351928135966137, 0.4840687724208551, -0.019578591690301236, 0.00016572644348286493, -5.163136106232723e-05, 3.830395567906777e-06, 7.190544061244261e-06, 2.8006373461523134e-07, -5.490272479904172e-06, 5.867258845250879e-07, 3.2613241910754594e-06, 3.364830155808033e-06, 1.5414848633434038e-05, 3.918173937082418e-05, -4.662164621499178e-05, -6.408861243677497e-05, -4.843415934990053e-05, 9.103320788120408e-06, -0.007244146517431555, -0.008704215039883504, -0.0018337314130731056, -0.006625042355051056, -0.010366140095410864, -0.006103808614556087, 0.06866171620780794, -0.08101052990042754, 0.043645358862032343, 0.0698623278118343, -0.13769702474729967, -0.09237754267500975, -0.04921339501856163, -0.12605646185652714, 0.10013897743405623]]}, "dipole": {"__ndarray__": [[3], "float64", [-0.0007438747092069442, 0.00838774986469528, 0.0056356835067748355]]}}