{"forces": {"__ndarray__": [[14, 3], "float64", [-0.03725034168412407, 0.09828888459749768, 0.026911283455733098, -0.045999039087658226, -0.4926460442863714, 0.009557790845721146, -0.01932140944747764, 0.08336455477359749, -0.010003319616848637, 0.011509561158381877, -0.01195978872650383, 0.008230413183251016, -0.012591029056419274, 0.006901741074178269, 0.00877934231244145, 0.007661611236933597, -0.01291018471123416, -0.002154378146979218, -0.003756520585482682, 0.0019536224817387152, 0.00041447243280393065, 0.03850394390423692, 0.12325669847409058, -0.10720700165480401, 0.08115861097707283, 0.1987330973576684, 0.07940492234359839, -0.009767884636626797, 0.002452019900410992, -0.006360514906935065, -0.010499775457923254, 0.0024216149148036117, -0.007785823236404518, 4.6361278573066374e-05, -1.912378734836618e-05, 2.2126156443286725e-05, 9.843826514297735e-05, 6.61172235505048e-05, 0.000161455940409322, 0.00020747313536985105, 9.679071392167167e-05, 2.923089156988722e-05]]}, "dipole": {"__ndarray__": [[3], "float64", [-0.0005416220277581097, 0.008408579544646102, 0.005685232194604536]]}}