{"forces": {"__ndarray__": [[14, 3], "float64", [0.0014619033079055909, 0.008506793128887087, 0.006251734650657756, 0.08392684258347072, 0.203357691346122, 0.07644300804655924, -0.0002629148810755, -0.011649734793133895, -0.0011930376833701388, 0.00011155570258035658, 4.444680726123854e-05, 0.0001289054241472339, 6.317012442907374e-05, 0.0001717876177282434, 0.0004814685271892347, -0.0006109204634909948, 5.5701336186464776e-05, 0.0007265370260018091, -0.0011505205613893212, 0.0017075225397811154, 0.0005157771190111955, 0.00712250978116011, 0.010415714951221379, 0.003935695043048457, -0.09022846397717187, -0.21198702908526537, -0.08697511214235233, -0.00010551406289219672, -0.00030957567599825187, -0.00018192798258852435, -0.0003280277003400909, -0.0003157435944343187, -0.0001380436697688098, 4.2014506740444285e-06, 5.726294538060617e-07, 9.073507721991776e-06, -1.1306710752292035e-06, -1.341668066160029e-06, 1.9285281391779146e-06, -2.690632784360344e-06, 3.194460256933963e-06, -6.00639439581928e-06]]}, "dipole": {"__ndarray__": [[3], "float64", [-0.0007676669362745504, 0.008306628760754052, 0.005474826126995859]]}}