{"forces": {"__ndarray__": [[14, 3], "float64", [-0.0013010461741259248, -0.008278005109576552, -0.006026484687906208, -0.08087828467995002, -0.1990650908150753, -0.0734487924241749, 0.00021231570320086787, 0.01122904368859579, 0.001092044518587995, -0.00010535020842788293, -4.357865644313128e-05, -0.00012843987782631204, -6.761689711657487e-05, -0.000171306744848162, -0.00047273989129771837, 0.0006068382647091782, -6.6913570496018e-05, -0.0007240077862707363, 0.0011190150796323978, -0.0016577813196593566, -0.0004989702555243233, -0.0068121248538983775, -0.010117085508705766, -0.003730807823492165, 0.08682433935318777, 0.20753423698491635, 0.08363430222769422, 9.553255064777071e-05, 0.0003200536712017718, 0.00017316698448192937, 0.0003051683551103205, 0.0003197189208551004, 0.00012382592410381982, -1.6601789615768015e-06, 1.31802758813663e-06, 5.278526613349882e-06, 3.7619489684887733e-06, -3.233458936310975e-06, 4.0726569528082165e-06, -8.882629770221352e-07, -1.3761094152800587e-06, -2.4480919422466976e-06]]}, "dipole": {"__ndarray__": [[3], "float64", [-0.0004842669921716979, 0.008486191753562305, 0.005857999903967812]]}}