{"forces": {"__ndarray__": [[14, 3], "float64", [0.0038104316139622777, 0.00766024806316799, -0.01114967949160444, 0.07955369901292822, 0.03841119228728716, -0.059190243486414676, -0.010209068922869718, -0.009803282341118118, 0.013594801201875024, 0.00015260737979334545, -1.5727371504536932e-05, 0.0002661873234649083, 0.00014777076198025304, -0.0005820681171542462, -0.0004904315745036808, -0.0001433803603091973, -9.237379447660834e-05, -0.00039113582392796354, 0.0018128143547803384, -0.00013121513299629777, -0.0010001968198180612, -0.07825255495140927, -0.041416047204631906, 0.06578278134182877, 0.002298332467777549, 0.006850637803694804, -0.008356173436211981, -3.1038551487175076e-05, -1.1791885169419187e-05, 7.409589772469214e-05, 0.0005397130583643994, -0.000997271110318517, 0.0006102375429114744, 5.094567777062832e-07, 1.2605993183356602e-06, 5.640373034668637e-06, 6.8439455097949485e-06, 1.2445309859838872e-06, 1.729783278950664e-05, 0.0003133207342013477, 0.00012519367291542039, 0.00022681911885169903]]}, "dipole": {"__ndarray__": [[3], "float64", [-0.000519678944619349, 0.008356328384495392, 0.0057564287912511515]]}}