{"forces": {"__ndarray__": [[14, 3], "float64", [0.00643159217849051, -9.249535594651703e-05, 0.013743536769830669, -0.03747096342535597, 0.009762543719767095, -0.10106335712581041, -0.04905969655519956, -0.0013894564024285322, 0.48836139489764596, -0.021012579986388488, -0.021891809254895492, -0.08095766402883746, 1.268842802304354e-05, 4.106974689537288e-06, -6.724188875481134e-05, 0.00023082703658460518, -1.8890715079385276e-05, 4.556470238133573e-05, -4.33956818856249e-05, -7.332120404620372e-05, 2.845033690244441e-05, -0.013740508911874155, 0.005541903185411999, -0.008539217743775513, -0.007637970373281108, 0.0011656310438698026, -0.00379728755604695, 0.05446379522721941, 0.10086402865707435, -0.19362988221471336, 0.07181513978634875, -0.088250774488345, -0.12229290551014363, -0.00444708745107649, -0.007905434462686626, -0.0023792447717329653, -0.008333512853092414, -0.008478498432151482, -0.0025304127796578705, 0.008791672581487057, 0.010762466734766066, 0.013078266912711738]]}, "dipole": {"__ndarray__": [[3], "float64", [-0.00056361322083276, 0.00842979282266301, 0.005668811286255417]]}}