{"forces": {"__ndarray__": [[14, 3], "float64", [6.951314391643061e-07, -6.985378870336793e-06, -2.5993029614133545e-06, -1.3318769009873979e-05, -4.7639038256446455e-05, -0.00023808466658955542, -0.007182165180551734, 7.53180963329009e-05, -0.004649209356693982, -0.20898518998775978, 0.06972572657462438, -0.1041868433739552, 8.905925586507281e-07, 2.245751293073821e-07, -1.99467457051054e-06, 4.117179477073543e-06, -4.298768763437244e-06, 4.427875414829381e-06, -5.243532989283371e-06, 9.317157539446148e-06, -1.288484797329273e-08, -9.495034612828961e-07, 2.0311155071069264e-06, 1.4054310733279175e-06, 4.045349221159289e-06, -7.047167284854418e-06, 1.1291096980929489e-06, -0.0016601014383927177, -0.0010213053724640946, -0.00014241508913086684, -0.00020532204410657917, -0.0008278110205431149, -0.0006947077732626747, 0.21346388825566845, -0.07080650407495101, 0.11186284346785631, -0.007845519071776955, 0.004162039419671977, -0.004391124871457866, 0.012424173019683883, -0.0012530661176725288, 0.0024371861094277733]]}, "dipole": {"__ndarray__": [[3], "float64", [-0.000319215245154653, 0.008364233873127257, 0.005915480773397727]]}}