{"forces": {"__ndarray__": [[14, 3], "float64", [-0.00961144445482613, 0.0029543827208551735, -0.005530188360910989, -0.02670493485720197, 0.08468581148655989, -0.01538309405426238, 0.013962636337208126, -0.47255329595248696, 0.00413217515386918, 0.04318045476455522, 0.1325464035094936, 0.02520065878037657, -0.0002705436978222136, 0.00040635923149583673, -0.0002465296253459104, 0.00015199208616249792, 8.200515221988958e-05, 0.000262451573388885, -0.00021413975574853308, -0.0002606992462009039, 3.466668836547473e-05, -0.009882572603342559, 0.0023411719568502826, -0.006719077853356354, 0.012598490738067986, -0.011539104555854813, 0.008045539333619641, 0.04336873378124796, 0.1180538607755522, -0.09666709968147291, -0.07843366936182365, 0.13972019249808915, 0.0801851792898939, 2.764115098721154e-06, -0.012862999272804787, 0.0004903441320695972, 0.005287266543280848, 0.008475207836513, 0.004330825999041023, 0.0065649663651432665, 0.007950703859719084, 0.001864148624723405]]}, "dipole": {"__ndarray__": [[3], "float64", [-0.0007150449436558458, 0.008503561573773867, 0.005644635465615217]]}}