{"forces": {"__ndarray__": [[14, 3], "float64", [-3.499101568102883e-06, 2.5218495539992407e-07, 3.353475933814871e-07, 0.00011159919515119039, 9.271261551945622e-05, 0.0002450994200609855, 0.004826265792100707, 0.0077210514125538076, -0.010513959528354112, 0.049127826691401054, 0.12644865774473957, -0.10639148254331834, -9.583923935562105e-06, -7.69644554349036e-06, -5.123719792631618e-06, 4.133094143175007e-06, 2.610598261983962e-07, -2.712166508582199e-06, 2.1092283233517643e-06, 7.256578067950542e-06, 3.7947499374483265e-06, 0.00012065687167348726, -8.093339238417414e-06, 9.324300613335193e-05, 4.819748809443995e-06, -1.8326092776753522e-06, 3.038585274297436e-06, 0.0003819786378495026, 7.469441678301859e-05, -0.00015028306016666107, 0.000488740317330559, 0.0019887779233979616, 6.098638252078214e-05, 0.0011740927035314888, 0.0028439783775786954, -0.004989771417913277, -0.0035913998637176, -0.013686817286563789, 0.010628354515817026, -0.052637739391092134, -0.12547320263279851, 0.11101848042871633]]}, "dipole": {"__ndarray__": [[3], "float64", [-0.000876501867929038, 0.008354330023864022, 0.00579298409228744]]}}