{"forces": {"__ndarray__": [[14, 3], "float64", [0.00941035033409856, -0.003026692402661762, 0.005434865153109365, 0.026426597923313835, -0.08345850268678126, 0.015198106974784048, -0.01768142099234019, 0.4719268543598474, -0.005244837181595753, -0.041861248941078004, -0.12977857649548635, -0.02454203859853538, 0.000256601985741708, -0.0003938017091212617, 0.0002394540020520571, -0.00014330352939379614, -8.634297236294001e-05, -0.0002528140048834114, 0.00020137983107156927, 0.00027372873118609447, -3.122147174453261e-05, 0.009720850206213454, -0.0023781468010308825, 0.0065235541842953515, -0.012593757377080421, 0.011335814032445527, -0.008104947936407706, -0.04369304313303232, -0.11924147450186579, 0.0992299713450249, 0.08128421085175089, -0.1417441034782779, -0.0820898043932351, 1.712589586423227e-05, 0.01254767927215604, -0.00045282196497894084, -0.005045422563563213, -0.008241925223710079, -0.004134304648871575, -0.006298920491566248, -0.007734510124336719, -0.001773161459013745]]}, "dipole": {"__ndarray__": [[3], "float64", [-0.0005344147321139004, 0.008288733256852775, 0.005689416154278863]]}}