{"forces": {"__ndarray__": [[14, 3], "float64", [0.00033439828277291713, 8.27335105491855e-05, 0.00017349890769978246, -4.430360493800796e-05, 9.272376451498306e-05, 0.0002124909874218772, -0.013763929139171209, 0.005116835954242372, 0.00847064005158462, 0.11749627636271139, -0.07166985655786762, -0.07793680866028345, 0.0013225934293136427, -0.0002832261239641376, 0.0005640730359775375, 4.9002235005634516e-05, 1.5849089304829438e-05, 5.37502413129752e-06, -5.355512317797289e-06, 8.197816491421696e-06, -5.950953597874317e-07, 3.854950183329252e-06, 4.898551060181098e-06, 1.6362534370028485e-05, 3.375030870366851e-06, -6.557695382551946e-06, -3.142394405890256e-07, -7.45465712831775e-06, 0.0005706474079021615, 8.276292997206632e-05, -6.493093514077945e-05, 5.228870638793029e-06, -0.0001388785639670358, 0.007870470209717864, -0.011279001861270229, -0.012237448642468344, -0.11583456536177665, 0.08098725679308878, 0.08554090230694389, 0.002640568709898088, -0.003645729519308863, -0.0047520605765813675]]}, "dipole": {"__ndarray__": [[3], "float64", [-0.000493993653826845, 0.008519709947145016, 0.005781842957444241]]}}