{"forces": {"__ndarray__": [[14, 3], "float64", [-0.20260295921569293, 0.05166625201508211, -0.10930412198235565, -0.00859881263792936, 0.003625448870805708, -0.0036789174790927037, -5.397625129788147e-05, 0.00020488176835921872, -4.182513130959858e-05, 3.2647254462566663e-06, 2.3932239468050613e-06, 3.909213786527406e-06, -0.005427819492161317, 0.0004127768143019541, -0.004511299289979995, 0.011909980535818078, -0.0006015869302871676, 0.0027605115029542596, 0.20708840319058602, -0.056776572400332, 0.11344221457147069, -0.0018158122577701422, 0.0003400957771468322, 0.000815626536343899, -0.0004958073154919898, 0.0011243537976637788, 0.0005125443848255788, -1.6374503099153428e-06, 4.993240540530253e-06, -1.9020866697519446e-06, -6.035436436665305e-06, 1.5301212398641765e-06, -3.0253979975761994e-06, -2.6254096933518327e-06, 2.0092312705941588e-06, 4.516666832802244e-06, 5.322861122117825e-06, -4.067487814822464e-06, 1.6781733914154102e-06, -1.4858461888474921e-06, -2.5080419228879127e-06, 9.031780116222618e-08]]}, "dipole": {"__ndarray__": [[3], "float64", [-0.00030362669686349934, 0.008224320262337373, 0.005820830639523812]]}}