{"forces": {"__ndarray__": [[14, 3], "float64", [0.00014950639222284647, 0.00016022054750335082, -5.4278222848852366e-05, 0.004572476733739663, -0.0024069844363318873, -0.0005959963309707684, 0.08228576541164805, -0.14006689903644598, -0.08589820482413286, 0.0071729714617710496, -0.010051446596303283, -0.008959194296444517, -5.825518443335907e-06, -2.8587596464581826e-06, -3.9768522412876395e-06, 3.614651016664973e-06, -1.5832484727039979e-06, -2.3003373150152925e-06, 5.922349035646612e-07, 6.57256690405384e-06, 4.2724446962346166e-06, 0.0009767275035968788, -0.0011142441243583254, 0.0005390516923717514, 0.00019257579151282423, 0.00031187140617014843, 0.0002179748777611436, -0.00697746198128414, 0.011440398683532468, 0.005989152269189313, -0.08715626550672817, 0.1444923863351428, 0.09028034147914013, -0.0008121528519472367, -0.0006407191671889188, -0.0009402372024830389, -3.0798858827519024e-06, -0.0001383207122326724, -0.0003182204077961017, -0.0003994444361264854, -0.0019883934582722793, -0.00025838428892673617]]}, "dipole": {"__ndarray__": [[3], "float64", [-0.0008123868480843419, 0.008509189274149842, 0.005796203635241325]]}}