{"forces": {"__ndarray__": [[14, 3], "float64", [-0.09300469782035355, -0.08209678132639824, -0.03173913771538532, 0.012918040314382925, 0.012447459596038334, 0.0031500828787080107, -1.543044747178384e-05, 0.00026155500778511854, 1.4264615611926662e-05, -0.00036295528228892155, 0.00016638923093496792, -1.106495683676093e-05, 0.08946887331160305, 0.09159760174344347, 0.037038661686177914, -0.0019517381982207412, -0.006281526386522465, -0.002359550721670314, -0.005578924295861042, -0.01668860472028413, -0.006296358859206438, -0.0001541309187093978, 0.00037428465849918217, 0.0006918692284393119, 6.767801491249374e-05, -6.914491834708817e-05, 8.054747349288603e-05, -1.108453810954563e-05, 2.1887215102903346e-05, -2.6084777688060704e-06, -4.578437555214076e-06, -3.3466864818353406e-06, -6.7602637809140246e-06, 5.064531754142961e-06, -9.305305989939635e-07, 8.903142181517439e-06, -0.001324124994358798, 0.00026363412891921157, -0.0005766365497235802, -5.1991239723514406e-05, 7.5229879089330055e-06, 7.788519760765385e-06]]}, "dipole": {"__ndarray__": [[3], "float64", [-0.0007616131442277629, 0.008501800795671243, 0.005723451757472626]]}}