{"forces": {"__ndarray__": [[14, 3], "float64", [-0.03833678855590528, -0.120827206479982, 0.09944287152027256, 0.00109637277086967, 0.012674666367470168, -0.009158478233803231, -2.370563106732491e-05, -8.238675126330652e-05, -1.8604735014952145e-05, 4.630680523286918e-06, 2.474297753529205e-06, 1.474409914152675e-07, -0.0059904573318936725, -0.008351474562573744, 0.015727352675570783, 0.04319993048798091, 0.11843122786500118, -0.10924317748506734, -0.0005691639747752059, -0.0017759185389724847, 0.0040666888168412775, 8.984594369494908e-05, 9.041696355197974e-05, 0.00014581224067541603, 0.0003222732944741037, -6.367866343462356e-05, -0.0009608715636951086, 0.00023329430086590702, -8.514950719874539e-05, 1.9710730899093083e-06, -7.018354972416483e-06, -3.373582892748493e-07, -4.8541733682635585e-06, -1.3930329954609936e-06, 7.07920029377678e-07, 5.931819264188968e-06, -1.646454049656572e-05, -1.233954148912207e-05, -1.4861123739189775e-06, -1.356056303467889e-06, -1.002010602906215e-06, -3.3032833815081786e-06]]}, "dipole": {"__ndarray__": [[3], "float64", [-0.0004857710531907631, 0.008295987315440838, 0.00552916466680189]]}}