{"forces": {"__ndarray__": [[14, 3], "float64", [-0.00016304280946921636, 0.0005729066692906992, -0.00021428132189910595, -0.0007062485263638799, 0.0024298802217838375, -0.005721634912422172, 0.04737204392733652, 0.11889947672656075, -0.10398134999089337, 0.0060995721011538944, 0.008729097905916729, -0.011636727949895932, -2.0925488414605452e-05, 3.8115835951363155e-05, -9.260368042848823e-06, -0.0002483196772807376, 8.789608243659551e-05, 9.699941997654539e-06, -2.025926796813783e-06, 9.194212019818933e-06, 2.309607153536145e-06, -1.919152567163169e-05, -0.00020315761745370048, -0.0004122700858176354, -0.0003735613501947874, -0.00032086551585430365, 0.00010766184278526441, -0.049775649972394684, -0.12116613516871572, 0.11007280127683527, -0.004160538420886171, -0.011839819062453866, 0.011477422248792593, 0.00101980671946108, 0.0004759735860069958, 0.00034976331633272543, 0.0005759083379251741, 0.0022150073632310817, 0.00011642733476133644, 0.00040217261159481777, 7.24287612793591e-05, -0.00016056093968688011]]}, "dipole": {"__ndarray__": [[3], "float64", [-0.0006266255900520281, 0.008318483622983408, 0.005841140158114316]]}}