{"forces": {"__ndarray__": [[14, 3], "float64", [0.012555031391015022, -0.0075022692826646675, 0.003409932446595676, 0.12553794477027316, -0.019122360827188396, 0.04157158320357445, -0.4457947124917303, 0.015747353689833016, 0.051833525311302246, 0.10562762675585587, 0.038491716637097315, 0.02006515681198427, 1.7554211483955082e-05, -0.00017602880093972983, -0.0002771900206288749, 0.000603823694910935, 2.044249821407746e-05, -8.097990404951462e-05, 4.58219310240933e-05, -0.00024138564669651607, 0.0001469861454824077, -0.010197237179049419, -0.00047228049621712923, 4.681151559257627e-06, 0.007383079139339053, -0.00021126239825665585, 0.005460740574433213, 0.07819346283022213, 0.04682805029959412, -0.05693140160722991, 0.12943300081623713, -0.0843678840183554, -0.0699699027252349, 0.007174729390011334, 0.012552908065660123, 0.004532405484720927, -0.01374272777773866, -0.00660562810972474, 2.7645229550982888e-05, 0.0031626025181460886, 0.0050586283896439585, 0.0002068178979396626]]}, "dipole": {"__ndarray__": [[3], "float64", [-0.000674791585171976, 0.008342888786954834, 0.005578123659027084]]}}