{"forces": {"__ndarray__": [[14, 3], "float64", [-0.00034710106727833806, -9.173815503253311e-05, -0.00018620927479513563, 4.6406228640771215e-05, -0.00010001028176408838, -0.0002146396330906332, 0.013477765136344147, -0.005209191067695828, -0.008324252793145002, -0.11741365556347831, 0.07069554391772064, 0.07636455077858313, -0.0013734709884584708, 0.00028963191346846763, -0.0005938460746439347, -4.288514819005461e-05, -1.9875409873835286e-05, -6.5508442517525665e-06, 2.6233719111180247e-06, 7.074386467578454e-06, 5.012737133396477e-06, -7.228301963994987e-06, -3.7588689960001676e-06, -1.1466395587423184e-05, 4.763449592525487e-06, -1.6647148135666976e-06, 4.450690964561821e-06, 9.372187841194382e-06, -0.0005599030942238327, -8.289328698602312e-05, 5.2569481634779135e-05, -5.233902530695088e-06, 0.0001277403772256708, -0.007593684094616872, 0.010741923234043993, 0.011966097078545738, 0.11583521331822014, -0.079233902325018, -0.08365945414790533, -0.0026506880101976535, 0.003491104368246114, 0.004611460787952854]]}, "dipole": {"__ndarray__": [[3], "float64", [-0.0007569243702562107, 0.00827059651589613, 0.0055503399182399915]]}}