{"forces": {"__ndarray__": [[14, 3], "float64", [0.03439034191560162, -0.02920357703107722, -0.10303799566811585, -0.007106208675562388, -0.008892140073604877, 0.47878449505910003, -0.041564908344060486, 0.015433535650340476, -0.09966875013916984, -0.006815513415153949, -0.0017998634615449677, -0.0035653945521199105, 0.0031635655526226847, -0.00424094396635383, -0.003258341408905021, 0.010336110580777519, -0.009139486972380227, -0.006893551931970351, -0.0038564885614995083, 0.006180181589199811, 0.013859004083549321, 0.060296638359564836, 0.10224931125118139, -0.19299407372482782, -0.04274549306186059, -0.07525495354466351, -0.08675957331667342, -0.013373153569231739, 0.005512852960930133, -0.008236615460393948, 0.0075124360377319165, -0.0006951551670248507, 0.01193531866109139, -0.00022720213018885384, 4.7101102745856984e-05, 0.00024251025709257063, -0.0002096974002603759, 4.586648338733406e-05, -0.0004468284002897167, 0.0001995727115198043, -0.0002427288211355596, 3.9796541632067854e-05]]}, "dipole": {"__ndarray__": [[3], "float64", [-0.0006708492638832579, 0.008360691766469239, 0.0055504968452623924]]}}