{"forces": {"__ndarray__": [[14, 3], "float64", [0.08615916629359675, 0.22166810144543872, 0.07516800225180048, -4.340089959409318e-06, 0.00668081761832597, 0.004220699172285325, -0.00018059882031811652, 0.0003942258370257034, -7.013294834123831e-06, -0.0001269493815572221, 4.988165336091817e-05, 9.247615314879477e-06, -0.08906232344796527, -0.22692756139450176, -0.08181809068107092, 0.004527142770882913, 0.00838410460871044, 0.0025782480121216804, -0.0004395578190298206, -0.01044126079056067, -0.0011356077992549268, -0.0005803722469767868, 0.0001314628009421763, 0.0008070927889398276, 3.8505452639700215e-05, 0.00016652538087433483, 0.0003125224143052914, -1.976882329282488e-05, 4.3307966718661174e-05, -7.135945501605064e-06, -4.645215055885025e-06, 3.1130485733787396e-07, -6.036983614348962e-06, -1.0859104127619075e-06, 1.8775665428952433e-06, 5.718926030414195e-06, -0.000287498197879933, -0.00014727083988756042, -0.0001303620192372772, -1.7674564671864633e-05, -4.523157846483815e-06, 2.7155427158299302e-06]]}, "dipole": {"__ndarray__": [[3], "float64", [-0.0005045585822876826, 0.008197195709493689, 0.005545920912745763]]}}