{"forces": {"__ndarray__": [[14, 3], "float64", [-0.0014442070610078304, -0.00015475353790058173, -0.0002652120179946372, -0.010560112368308599, -0.011628838250983323, -0.0069936088142705695, -0.10560014692233168, -0.04317513333887642, -0.021014210939891368, 0.5035181795939256, -0.03543574738609645, -0.014082015268306712, -0.00038369712487886014, 0.00013140708187967245, -3.5757332131233455e-05, -3.039992108032251e-06, 8.979821013015126e-08, -5.17245858299762e-06, -1.1137996634366582e-06, 1.028022861131438e-05, -2.851406141567336e-06, -0.00014943094690475224, 0.00020508752266312744, -0.00022466873419190716, 2.1300109428696027e-05, -0.00011880561460260446, -0.00013675230051665225, -0.0032143637295023566, -0.005993239789316924, -0.00031935570947552846, 0.013129300116482862, 0.007346312821009751, 0.0013575369873488005, -0.2036995376110138, 0.06036866027307593, -0.0995821823723168, -0.11770955712924895, 0.07788229323015124, 0.08255581058088503, -0.0739035731348682, -0.04943761303782501, 0.05874843978558599]]}, "dipole": {"__ndarray__": [[3], "float64", [-0.0007640714528348049, 0.008432626795199138, 0.005634866774372011]]}}