{"forces": {"__ndarray__": [[14, 3], "float64", [-0.012398956132299157, -0.012101096374635106, -0.005050584247389195, 0.10399224988098793, 0.08334328395151851, 0.042720331295483006, 0.007581451051313394, 0.01278624853962334, 0.0077482489743485134, -1.6665373882717836e-05, 6.906742708568486e-05, 0.0003397323176114322, -6.652994239685233e-05, 3.2686954247808963e-05, -0.00011267073739352908, 0.00011713919187985469, -0.0003178131517092173, -0.0006286866794458682, 0.0004975090208514982, -0.0013088627257752754, -0.0003855153971184628, 0.0022309514391699115, 0.0072608841996053405, 0.002358942643183978, -0.10526590630443843, -0.08920162364848404, -0.04875765906328619, 0.00045403498627760133, -0.00037584152984157726, 0.0009867453560694582, 0.0028741057948868743, -0.0001848773990301226, 0.0007781772975691189, 1.2803565017082321e-06, -7.343770830811988e-07, 6.71410582939531e-06, 6.383116134609393e-07, -3.01573808215983e-06, 1.9252057407783456e-06, -1.3022804657351367e-06, 1.693872560781441e-06, -5.701071201561966e-06]]}, "dipole": {"__ndarray__": [[3], "float64", [-0.0005812802827666672, 0.008285127100410012, 0.005566302184216463]]}}