{"forces": {"__ndarray__": [[14, 3], "float64", [6.644094531718977e-05, -0.00016677153363896626, 2.8143675917376046e-05, -0.004510222777677962, 0.0077155585146241375, 0.011910783665393724, 0.06823617916095528, -0.08018729657969825, -0.12183575074868831, 0.001337996538612869, -0.005897918528396639, -0.0029158991549208518, -4.166140396255236e-06, -1.594365066773861e-06, -4.852667576617779e-06, 3.0925647131067957e-06, -1.022129042733093e-06, -2.635137732826643e-06, 1.124066143985845e-06, 6.547397084484681e-06, 2.5948081288380895e-06, -0.000615018640903805, 0.0008308775155044427, -6.547970277290983e-05, -0.0007648238265553756, 0.0001265694607063519, 8.389518052129081e-05, 0.01112325908341636, -0.011210835439339031, -0.009805052359721103, -0.07390191305691375, 0.09045768351163519, 0.12342055729844793, -0.000679844107440395, -0.0011192149007188533, -0.001267087926257218, 0.00013383176482866432, -0.0004830805113553386, 0.00017164082722476352, -0.00042593557410026386, -6.95024122989056e-05, 0.0002791422420358131]]}, "dipole": {"__ndarray__": [[3], "float64", [-0.0007280626751776081, 0.008545471008483636, 0.005609150721495261]]}}