{"forces": {"__ndarray__": [[14, 3], "float64", [3.1248736688356825e-05, -0.000333296757901006, 5.639739436193937e-05, 0.009290638645041642, -0.010385761242789037, -0.007472009453365659, 0.12844727745728782, -0.07907727655261969, -0.07039947281522894, -0.01282627651979366, 0.0064936284327192645, 0.007203220461788939, -4.120338985388468e-06, -9.716186198547933e-07, -3.409497525378717e-06, 4.148368701922979e-06, -4.321593852158019e-07, -2.0053726970498765e-06, -1.1208536433636315e-06, 8.478048891530624e-06, 3.853702244199948e-06, 0.0005423538931086068, -0.0007791787098308103, 0.0007985732222623111, 0.0028083774925053576, -0.0003156530909357032, 0.0006743441035047373, 0.0032130026649008075, -0.004096436540348059, -0.005643484743905623, -0.13160807849794992, 0.08718812327791658, 0.07388574337627174, 0.00020207130573744674, 0.0007666141764874284, 0.0009424440810978826, -5.698659167847512e-05, 3.0333823999724463e-05, -9.69165830014181e-05, -4.253576192170386e-05, 0.000501828912415023, 5.272212419169511e-05]]}, "dipole": {"__ndarray__": [[3], "float64", [-0.0006285560948374996, 0.008558137768495845, 0.005744692051543162]]}}