{"forces": {"__ndarray__": [[14, 3], "float64", [-0.49417876955349554, -0.02638295618882344, -0.029030034186260757, 0.11727481233889363, -0.03690626085115249, -0.035304712853556484, 0.012791484076004962, -0.009668574143153058, -0.006509107261999395, 0.0014465203243042284, -0.00011443928318983097, 0.00010904123917023371, 0.09322470995163257, 0.08884955913539377, 0.03554093183034629, 0.07529331094527639, 0.03827249940564361, -0.06620522589715223, 0.20215355436467747, -0.05357459611969906, 0.10233193227686647, 0.0038501238092263196, -0.0015702336137121118, -0.0054887125203510875, -0.012397596445745, 0.0013687193421860699, 0.004177750435992315, 0.00015882238768908147, -0.00016113886449871983, 0.0002874277085514148, 2.935271803792347e-05, -0.00016092944814052158, -7.627842995044258e-05, 6.995380764624806e-07, -3.0600030726778056e-06, 1.1018017756427388e-05, 0.0003483705133079197, 5.4067460994226024e-05, 0.00015597795461881305, 4.605032113759165e-06, -2.6568287762900646e-06, -8.314031036844716e-09]]}, "dipole": {"__ndarray__": [[3], "float64", [-0.00047417988750276586, 0.008389011037973994, 0.005726914687646965]]}}