{"forces": {"__ndarray__": [[14, 3], "float64", [-0.02795409277837525, -0.5081710508972204, 0.018063912030545807, -0.03348155918019002, 0.09706269590725188, 0.029808368283882582, -0.0075465894964661185, 0.0029953883257885037, 8.916300809847951e-05, 0.00015398205649850048, -0.00027988539132597386, -0.00045565743772057375, 0.08378098315754005, 0.2281861506415382, 0.08082663126561397, 0.042446621816773805, 0.12065778197555854, -0.1042996678553297, -0.052610940932504735, 0.0629545284643761, -0.03051937987108799, 0.007640711388131755, -0.01208000565400748, -0.0029605472218383606, -0.011908994090607103, 0.008276063957792321, 0.009200195772892194, -0.00028149510594363525, 0.0005654018324944156, 2.9431252650943935e-05, -0.0003354397963033925, -0.0001693530490797257, 0.00015690515647258992, 5.277051813817266e-06, 3.721845207299847e-06, 8.991434027286182e-06, 8.820665854297559e-05, -5.493611873298074e-06, 5.7424668486857474e-05, 3.3292510890305397e-06, 4.0556534991350424e-06, -5.770486695185859e-06]]}, "dipole": {"__ndarray__": [[3], "float64", [-0.0007142715703597307, 0.008432177973022812, 0.005618908327941048]]}}