{"forces": {"__ndarray__": [[14, 3], "float64", [-3.121172768368365e-05, 0.0003354628214290158, -6.324676067258121e-05, -0.009605359972439689, 0.010893172110964766, 0.007689396112372074, -0.12918243476293378, 0.08059165898782075, 0.07195843954591181, 0.013170091474296439, -0.006496854410439544, -0.007368529830157761, -1.6439001987857642e-06, -3.353794584799197e-06, -3.553371868411316e-06, 3.490372966008442e-06, -2.810110886646431e-06, 1.1424269892682187e-06, -1.52692758285019e-06, 6.778228971318969e-06, 5.923366624975482e-07, -0.0005478061562777266, 0.0007902637539041634, -0.0008096246846612147, -0.0028760557535747236, 0.00031771333311823695, -0.0006949869742670626, -0.003210541347609636, 0.004262329504801216, 0.005779807686286714, 0.13239457103634567, -0.08939590305606279, -0.07560880659907841, -0.00020428205592409093, -0.0007585733158028003, -0.0009226063507182033, 6.0514609441423404e-05, -3.6734916716297135e-05, 0.00010345908914057861, 3.219511117542659e-05, -0.0005031491365169999, -6.148262593892365e-05]]}, "dipole": {"__ndarray__": [[3], "float64", [-0.0006254248621964076, 0.008234052090509914, 0.005589777794979446]]}}