{"forces": {"__ndarray__": [[14, 3], "float64", [-6.665566429963778e-05, 0.0001615518030552321, -3.372740027062862e-05, 0.004464425191133964, -0.007924316702277789, -0.012187729759630686, -0.06927493635491444, 0.08206601009473227, 0.12209254984899373, -0.0014414181003128109, 0.00604832632686715, 0.002935032466396273, -1.585843416534559e-06, -2.751838632471044e-06, -2.110345677835584e-06, 4.6591563477564745e-06, -2.249537108688847e-06, 1.7002506385579153e-06, -3.785255448051223e-06, 8.729375932161176e-06, 1.8659169412021518e-06, 0.0006071295267220744, -0.0008251110514548637, 7.457846848041417e-05, 0.0007759419230474618, -0.0001353000683768948, -7.170292834837368e-05, -0.011651389404777111, 0.011482981724348487, 0.010122782469973586, 0.07559052893624815, -0.0925785481222003, -0.12377338328391438, 0.0006995984324559689, 0.0011445994916489558, 0.001299387167963063, -0.0001327584376831331, 0.0004917996633680178, -0.00016725938667789481, 0.0004302458948963837, 6.427884009809254e-05, -0.00029198348486833174]]}, "dipole": {"__ndarray__": [[3], "float64", [-0.0005247889136801448, 0.008247623728663358, 0.005727261362402776]]}}