{"forces": {"__ndarray__": [[14, 3], "float64", [0.0754214765474085, 0.042545270766660453, -0.06817339274986849, 0.0036428051339842268, 0.0076460366781448946, -0.010757692499758827, 0.0006259225528588305, 0.00014791304764320376, -0.000231857524278378, 9.828515350318777e-06, -2.720438236234366e-06, -3.8655051934192264e-06, 0.0019392561046151296, 0.004710004605029586, -0.007302742178885457, -0.06966650157472891, -0.04373181594222701, 0.07269161043772546, -0.012341010866817137, -0.010380850012174855, 0.014576990369417429, -0.0001516976157212028, -9.428529795191551e-05, -0.00040532065117515126, 0.00011248373637707732, -0.0006171112081096959, -0.00041758183554008687, 0.0003673514299376328, -0.0002503565965957058, 1.0643887818722968e-05, -5.476142383448776e-06, -1.286751699092877e-07, -4.683709628893804e-06, 9.731729028328602e-07, 5.270639645234591e-07, 7.980402964545663e-06, 4.8140126972041784e-05, 2.635028042884398e-05, 1.4116895352429848e-05, -3.5511207569524823e-06, 1.165728593529905e-06, -4.205338949978505e-06]]}, "dipole": {"__ndarray__": [[3], "float64", [-0.0006631316783164201, 0.008356901276652062, 0.005800579969834265]]}}