{"forces": {"__ndarray__": [[14, 3], "float64", [-0.00011484939122287495, -0.0002856014215288977, -9.959092795821243e-05, 0.0019805176641833036, -0.011880405199521691, 0.0017703083181627938, 0.037278563227971274, 0.12970096685297705, 0.021547536243970322, 0.03842868831777665, -0.4843105824004075, 0.020704825046676763, -0.00017294000396858838, 4.6908748160993037e-05, -1.0860659841353727e-05, 5.07628170454288e-07, -3.562914046607165e-06, 4.644823146959386e-06, -3.1587149773781116e-06, 1.2003904233473308e-05, 1.1403375307001317e-06, -1.7098603123179415e-05, -3.734197098191792e-05, 5.2060593885379025e-05, 7.139529545081326e-05, 3.957514642170778e-05, -5.502273041667393e-06, 0.0069577332903696335, 0.008491522665843597, 0.00174809309321414, 0.006371928498715239, 0.010072893398822419, 0.005843784430938637, -0.0681332537180735, 0.08082957207069949, -0.04318004885053373, -0.0725567928533479, 0.1397112377630154, 0.09480908673912228, 0.04990875936207588, 0.12761281335631233, -0.10318547691527374]]}, "dipole": {"__ndarray__": [[3], "float64", [-0.0005111963339098581, 0.0084014621867222, 0.005696507056607473]]}}