{"forces": {"__ndarray__": [[14, 3], "float64", [0.00010373110357813964, -0.00045849863254782196, -4.042141367360498e-05, 0.008101359337781801, 0.008135872112777087, 0.003579137114544395, 0.020008791023510903, 0.024893249040802364, 0.0809286222073638, 0.009449129844103316, 0.016220314182633866, -0.5171218284612783, 9.274349129131929e-06, 7.149770129712142e-06, -2.850489354663883e-05, 2.5550031918452414e-07, -1.9092990050480617e-06, 1.4305191649992223e-06, -5.404027483009447e-06, 8.102432551933815e-06, 4.936879112248763e-06, 0.000255460576130816, 0.000278474714313276, 0.0005759968271401755, 0.0003362579892831604, 0.00012165691095426433, -0.00019119405849868897, -0.009202284801507395, -0.011446169677216428, -0.012144446922140282, 0.007231655666862012, 0.009057860492025229, 0.0029395617734621995, 0.10335248580977091, -0.038995688426411095, 0.10789369524294332, -0.07804470375624946, 0.0974093590941919, 0.14094639393517497, -0.0615960086152309, -0.10522977271519941, 0.1926566212502316]]}, "dipole": {"__ndarray__": [[3], "float64", [-0.0005600409736500457, 0.008365262922831783, 0.005719952246279594]]}}