{"forces": {"__ndarray__": [[14, 3], "float64", [-0.0038372130765735833, -0.00776672665377119, 0.011583535523767508, -0.07925539754748007, -0.0382392365421534, 0.0589687091456411, 0.010495996592872099, 0.00979741980771713, -0.013515047991454513, -0.00014375575808335867, 1.6782716950227708e-05, -0.00025855152292652146, -0.00015064733798240255, 0.0005863083488520978, 0.0004813600344991503, 0.0001539819682989322, 9.21617655464488e-05, 0.00040146072420404777, -0.001862034193244681, 0.00015396724833499672, 0.0010341988605134657, 0.07764636058287934, 0.041560684625098654, -0.06629288499460545, -0.0022116111999517813, -0.007079423340305442, 0.008514502324263332, 2.53034536004734e-05, 2.102207992393346e-05, -7.54283219045452e-05, -0.0005504263912567796, 0.0009816579156650726, -0.0006119645373736059, 2.060052125600561e-06, 6.223663382460455e-07, 8.742324292597662e-06, -4.239371118927199e-06, -5.7832070178109946e-06, -1.1163655596877284e-05, -0.00030837777408462374, -0.00011945713117933602, -0.00022746791331834307]]}, "dipole": {"__ndarray__": [[3], "float64", [-0.0007327348377691432, 0.008434219556902737, 0.005580320340236982]]}}