{"forces": {"__ndarray__": [[14, 3], "float64", [-0.0001505776408768626, -5.763887081827084e-05, -6.234454306057392e-05, -1.540822155430821e-05, -0.00016212905396740222, -0.00046498886919510467, 7.583652173200363e-05, -0.004282725930104455, -0.0025478497366020862, 0.0821424368758619, -0.09493406797468713, -0.14062838732961397, -0.0005949386160961808, 0.000130730069358286, -3.618142182250572e-05, -6.975197959718842e-06, -6.090141387885249e-06, 4.477418709553923e-06, -2.7177347743072193e-06, 8.53371235420498e-06, 1.1083143991751625e-06, -1.6253976114606e-05, -1.016641625880727e-05, -3.883062133146918e-05, 5.187282269841818e-06, -3.0172006810511476e-06, 1.4754665155514886e-06, -0.00038491377439847093, -0.00010180554795484554, 0.0002813544611168606, 9.563337702130588e-05, -0.0003342277244483848, 0.0001678688552248565, -0.004253638883952054, 0.008008531747173024, 0.012976534968361788, -0.08578957966703034, 0.10264035146259153, 0.13984968099692316, 0.008895909655871519, -0.010896278131168917, -0.00950391795962479]]}, "dipole": {"__ndarray__": [[3], "float64", [-0.0005647178419579086, 0.008576760009926002, 0.0057171071061945635]]}}