{"forces": {"__ndarray__": [[14, 3], "float64", [0.022566544385796777, 0.5021749102032491, -0.025148624207516887, 0.034957936574784125, -0.09827318806490747, -0.029710553402154966, 0.007645467881089475, -0.0029859098712080715, -0.0001513893596101629, -0.00014926074810669532, 0.0002873553634480507, 0.0004643848216422368, -0.079907421214176, -0.22121653146298603, -0.07701857040470868, -0.042807812214897566, -0.12111381918606028, 0.10755102580561528, 0.05277178133686073, -0.06224759253570077, 0.030941451211865433, -0.007788650300342412, 0.012292125726827976, 0.0029026038985218955, 0.012188946569444302, -0.00850715312923717, -0.009587431571755449, 0.0002850241730597733, -0.0005719684795667939, -2.2702470943007387e-05, 0.0003333209590330453, 0.0001653975527672295, -0.00017144763526374412, -2.8251602026813384e-06, -1.8114443567783533e-06, 5.313480523773153e-06, -8.62098622003614e-05, 3.9724074669288093e-07, -5.132120425287544e-05, -6.842380142712477e-06, -2.211913014911869e-06, -2.7389619622584965e-06]]}, "dipole": {"__ndarray__": [[3], "float64", [-0.0005338354957530515, 0.008360332169670205, 0.005716818365055465]]}}