{"forces": {"__ndarray__": [[14, 3], "float64", [0.00014851812599611156, 5.110596062843415e-05, 5.70423121276961e-05, 1.8213244268142246e-05, 0.00015159348400368923, 0.00045093770894112997, 2.532362616326374e-05, 0.00418163695839185, 0.0025013758189011913, -0.08034548244197356, 0.09224821049007845, 0.13953717154308456, 0.0005866566914446815, -0.0001344462768288475, 3.40233319947191e-05, 1.4904416892882745e-05, 2.901646415300668e-06, -5.358822207465207e-06, 3.5869842196582635e-08, 6.740345769720732e-06, 3.3406019616837187e-06, 1.2216923390300532e-05, 1.0906199781093595e-05, 4.242102108440094e-05, 2.989443054838393e-06, -5.162999784148987e-06, 2.6680316016077943e-06, 0.00037086808628506617, 0.0001207918232417695, -0.0002767228773029777, -0.00010473995971216655, 0.00032101907280080176, -0.00017111636847175888, 0.0042659037206846774, -0.0077282664622811735, -0.012572928156016565, 0.08343478080295899, -0.09978335683178376, -0.13876755492699197, -0.008430188549295399, 0.01055632658956665, 0.009164700781293595]]}, "dipole": {"__ndarray__": [[3], "float64", [-0.0006871551509108553, 0.008214614455713361, 0.005613854849598553]]}}