{"forces": {"__ndarray__": [[14, 3], "float64", [-5.4406079637616536e-05, 4.6071035120041287e-07, -4.0795477479126785e-05, -0.00032892323144339907, -7.045670267930998e-05, 4.764875274313482e-05, 0.006683743164223958, -0.008498168783777888, -0.008851473026849256, 0.07817963774577401, -0.13931885825146184, -0.0967373158512971, 0.00027102731496267277, 0.00014299337338803352, 0.00010475378010762355, -2.4440503191020664e-05, -1.1616451387101847e-05, 3.4826664167329332e-06, -3.1192450437717924e-06, 7.293274911082001e-06, 1.5394582677060212e-06, -5.217235554868287e-06, -1.1289037564227592e-06, -9.289743198471452e-06, 4.818703401642506e-06, -5.055692477872362e-06, 2.0635589214254824e-06, -0.0004472557590017948, -0.002213018093327561, -0.0003314995008852343, -4.012277611334033e-05, -0.00013926148528645602, -0.0005003794976725229, 0.004130032541592336, -0.0031301738247389455, -0.0032583365573206095, -0.08115794621834624, 0.1391040441450066, 0.10262637083590721, -0.0072078284216224985, 0.014132946685235976, 0.006943230602338561]]}, "dipole": {"__ndarray__": [[3], "float64", [-0.0005660007020690489, 0.008444094042399342, 0.00590181237567585]]}}