{"forces": {"__ndarray__": [[14, 3], "float64", [-0.012788421638409198, 0.007690192875631782, -0.0036057334517487242, -0.12855569895514019, 0.019696710561806625, -0.04277121706811001, 0.4462624693226071, -0.01586353266258511, -0.04834584812305937, -0.10384449655442582, -0.037309418265628606, -0.02030329732524142, -1.7351082899678564e-05, 0.0001893431149665732, 0.0002840884258089436, -0.0006237964726325792, -2.960105342131362e-05, 9.642216390660138e-05, -6.164557621874387e-05, 0.0002682437080478371, -0.00015398327797478924, 0.010510408203737566, 0.0004837507834044321, 3.102677891512925e-05, -0.007549079988853983, 0.0002678193010468065, -0.005662033431182249, -0.0785427474258775, -0.04726340848291905, 0.05719506204159691, -0.12819239525634557, 0.08243499417897909, 0.06757071235816237, -0.006959012494026881, -0.012171414562007451, -0.00425862451391259, 0.013499536839956411, 0.00651819409396848, 7.589724046028937e-05, -0.0031377689214706346, -0.00491187359129043, -0.0001524718176216361]]}, "dipole": {"__ndarray__": [[3], "float64", [-0.000578196566370111, 0.008450963420854201, 0.005754386929905109]]}}