{"forces": {"__ndarray__": [[14, 3], "float64", [0.06762956180807046, 0.10795664368432265, -0.20175845417329016, 0.0046979568398232, 0.002299062134958554, -0.007092501279125594, 8.699610048317706e-05, -0.000261171384946975, 4.710401017682549e-05, -1.944318461823492e-06, -4.587542674387957e-06, -1.9875722450467e-06, -0.0023781835614589608, -0.002735949170605183, 0.012682212217683423, -0.07400049702842752, -0.11274916439386072, 0.20593256899927886, 0.002926949327491331, 0.006092043211768234, -0.008207675402889567, 0.00040200307662272206, 0.00014412954855539043, -0.00011515000061753182, 0.0006413770932562838, -0.0007382984596015667, -0.0015408486295026334, 5.946491230688958e-08, -5.305652168032433e-06, 5.303305456866152e-05, -4.24480670397655e-06, -2.2449523881383723e-06, -7.6463426396033e-06, 6.122795735219936e-06, 4.292935562059579e-08, 8.864965182970206e-06, -4.731167438881233e-06, 1.6110942704687754e-06, 7.923550688051407e-06, -1.425623903646025e-06, 3.1889530148089007e-06, -7.443397268225443e-06]]}, "dipole": {"__ndarray__": [[3], "float64", [-0.0009423467020912442, 0.008301839427817315, 0.005779133000931076]]}}