{"forces": {"__ndarray__": [[14, 3], "float64", [-0.029516634812628926, 0.02413051397943268, -0.5091109145123842, -0.03020050432926692, 0.026381352246176763, 0.10296845377818102, 0.003523024799573777, -0.005442429041057617, -0.01355185399003488, 0.0002617273158099551, -9.730880370762062e-05, -4.1459900010233946e-05, 0.03180673449263436, 0.07713858771615044, 0.07865147252396842, -0.06985750535135926, -0.10267932587272767, 0.20220402252472383, 0.10977029220904572, -0.03441607893148623, 0.12708288848393032, -0.011155475078727346, 0.009045192033532583, 0.007809492584898006, -0.005015556811392706, 0.006051215691133269, 0.003993768276307251, 0.00014687009098497886, -0.00020411089093715228, -3.7447763514457275e-05, 5.337942089006743e-05, 5.1977543284598746e-05, -3.588970008224332e-05, 1.1476523764763536e-06, 2.537948416766749e-07, 1.181072422965697e-05, 0.00018224358285748, 3.620546370500549e-05, 6.257084259296208e-05, 2.5681920275868144e-07, 3.955071659027898e-06, -6.91387280554451e-06]]}, "dipole": {"__ndarray__": [[3], "float64", [-0.0007013454419226804, 0.008399363573906722, 0.005679736510063613]]}}