{"forces": {"__ndarray__": [[14, 3], "float64", [0.012105835912479254, 0.011992205120874497, 0.005138762329079266, -0.10399789734378834, -0.08236506166712637, -0.04241996203351419, -0.007351744037450644, -0.012407955976791113, -0.00733228263174523, 2.208156838862315e-05, -6.64335423930551e-05, -0.0003327246435569233, 6.0565143004853165e-05, -3.761086768696287e-05, 0.00010429441736688164, -0.00010280491012618568, 0.0003154782095599706, 0.000629436670121316, -0.000500010236515526, 0.0013401253035171701, 0.00039598107754535745, -0.002279311113526309, -0.007079776230248382, -0.0022732332270438468, 0.10531116786739393, 0.08775793737733048, 0.047818225701952634, -0.00045863449890389587, 0.00037534805556312426, -0.0009744945290027263, -0.0028103105337381404, 0.00017449352714388167, -0.0007629768607053655, 1.2067069544049811e-06, 2.614164014811865e-06, 7.594589502316702e-06, 2.0263309902060454e-06, -1.5465738133344799e-06, 4.122728267372698e-06, -2.170855162895297e-06, 1.8310005615064278e-07, -2.7435882664369346e-06]]}, "dipole": {"__ndarray__": [[3], "float64", [-0.0006676166084635947, 0.00850783669358648, 0.005768917519666983]]}}