{"forces": {"__ndarray__": [[14, 3], "float64", [5.702210714588246e-06, 2.087736970899221e-06, -5.463359506134672e-07, 0.00059441512536087, 0.00019993199421861695, -0.00020271960091022893, 0.003157551182792205, 0.006284635976484426, -0.008679981387473445, 0.07438588106800466, 0.04960606124427655, -0.06300664457041892, 4.7270627207675926e-05, -1.7808415089406914e-05, -2.2300702654214513e-05, 2.078072494233827e-06, -2.0621496286276516e-06, -8.240913638623602e-07, -1.5958090489967393e-06, 6.955460801193996e-06, 2.8406182710935775e-06, 0.00030480766354120173, 0.00011457413096832518, 0.0002446685184062139, 4.49671147789118e-06, -4.99893583282018e-06, 2.0866478598633423e-06, -0.00022290832381157232, 0.00039569923087081396, -6.182409064168259e-05, -4.152600821918174e-05, 0.00040358847645796886, 0.0004187376484623131, -0.011980401829065946, -0.010869960312560099, 0.014394386467486598, 0.0026772416881649906, 0.00704110600669535, -0.00850508656561246, -0.06893301237961254, -0.053159810444634054, 0.06541720744453976]]}, "dipole": {"__ndarray__": [[3], "float64", [-0.0006522730542389701, 0.008270170562161361, 0.005738591800290493]]}}