{"forces": {"__ndarray__": [[14, 3], "float64", [0.05425078538180061, -0.062457074521660626, 0.03419631732674041, 0.007878783599723367, -0.0019124962232241942, 0.006282073671404431, 0.0002588435074555644, 0.0002691484473600892, -8.164312721627447e-05, 5.4272601341693915e-06, -3.8377800080186045e-06, -5.804351486698465e-07, -0.016479467367491594, 0.010862040967170207, -0.010924098096074916, 0.010457412732739, -0.0017394379615119273, 0.006060452665719782, -0.05784605406067908, 0.05662810193339695, -0.03480622264613203, 0.00013709717946700794, 5.611234004259368e-05, -0.0004215389323325193, 0.001344986509855164, -0.0017028778644739288, -0.00030587159414259356, -3.6828209204313606e-06, 2.7516805708824477e-06, 8.272947611543168e-07, -6.700953722719202e-06, -1.4439971110679222e-06, -6.545552050618637e-06, 2.901264419046752e-06, 3.6523287886898593e-07, 8.24821848625305e-06, 7.77452213787453e-07, -2.6314271721898847e-06, 3.913510321340195e-06, -1.1096849944324757e-06, 1.2791737422539424e-06, -5.332304335113024e-06]]}, "dipole": {"__ndarray__": [[3], "float64", [-0.0008078298965679779, 0.008306723134571056, 0.005612421299236808]]}}