{"forces": {"__ndarray__": [[14, 3], "float64", [-0.11729261493186231, 0.03446062897937887, 0.031024902767516068, 0.436041836087533, 0.04855487103315213, -0.007110914754676619, -0.12553971155659757, 0.026306582983212458, -0.036308698266941095, -0.010394858852074945, -0.0019965800235443834, -0.008080897275579193, 0.012927257198715616, -3.6944269424987634e-05, -0.004101990030747475, -0.003651613142760731, 0.0010665410931926236, 0.004670890540802195, -0.00890712526840067, 0.007913879079427125, 0.00855235367975262, -0.0792263543514051, -0.03778622335641291, 0.06220415969112533, -0.10424023336588525, -0.08334770263420989, -0.04633179307593366, 0.010171277592064862, 0.0007316902365198553, 0.00017747748299916204, -0.009327538168302833, 0.004521962353721362, -0.004393416970308403, -1.0458011247022684e-05, 3.353031041720176e-05, -0.00029806474021133587, 4.247897897654399e-05, -0.0003207619828814959, -1.0085592569978548e-05, -0.0005923422087538128, -0.00010147380254874653, 6.076544772480322e-06]]}, "dipole": {"__ndarray__": [[3], "float64", [-0.0005532384590021601, 0.008302569230655511, 0.005665205324983293]]}}