{"forces": {"__ndarray__": [[14, 3], "float64", [-0.00010612638504869561, 0.00046154531271561897, 3.905758205569081e-05, -0.008278242747911207, -0.008298253337691932, -0.003535444366139421, -0.020372659806720293, -0.02485193858878131, -0.08248911007229635, -0.012070242269555151, -0.024095117940241547, 0.5207388607230746, -1.3530134760664354e-05, -1.1868019312283632e-05, 2.1810868569640137e-05, 7.528976169344994e-06, -1.398189858765733e-06, -2.3101462220390002e-06, 2.7643222000795665e-06, 7.173200862012633e-06, -4.825140846040228e-07, -0.0002693272515546008, -0.0002770999258856975, -0.000591342303238504, -0.00033620461588808955, -0.0001357566357075839, 0.00019225360465315063, 0.009201923749014487, 0.011404269082262254, 0.012353313264241631, -0.007341129496245732, -0.009316991219932865, -0.0029109801844883158, -0.10082690778827805, 0.03908164571108423, -0.10730990427605411, 0.0762794921325261, -0.09387344484731464, -0.13921326270789242, 0.06412266131605202, 0.10990723539780137, -0.19729245947217913]]}, "dipole": {"__ndarray__": [[3], "float64", [-0.000690805378775706, 0.008428581214627686, 0.005611734825447564]]}}