{"forces": {"__ndarray__": [[14, 3], "float64", [-0.005520985065249865, -0.003045152830314543, 0.0080180868319073, -0.06352357427011343, -0.10759754291462, 0.19257038259678677, -5.6326163832436864e-05, -0.006765140138789917, 0.008551061484664675, 0.00022492838446198503, 5.038808538615477e-05, 0.0005925936960428087, -0.0007027122495445971, 0.0008145768671873317, 0.0016377515788099032, -0.0004056901191485355, -0.00014774810048308066, 0.00011720056162527392, -0.0008275939302541228, 0.0004343540427152257, 8.304970191741961e-05, 0.06729086922080822, 0.11318146308800923, -0.2006791182697944, 0.002379382425343151, 0.0039253439242047565, -0.011240176404901877, 7.310670709428566e-05, -0.0004116213469048431, 0.0001402917461655275, 0.0008042007950662319, -0.0005422169097341138, 6.0650242193296224e-05, 2.3248408752808248e-06, 1.1735128068733208e-06, 9.114274738088937e-06, 1.554718991634046e-05, 9.731778358006533e-06, 4.432498549541313e-05, 0.0002465222345767893, 9.23909421794183e-05, 9.478697435007054e-05]]}, "dipole": {"__ndarray__": [[3], "float64", [-0.0006094739277204927, 0.008502525689000666, 0.005465509649739029]]}}