{"forces": {"__ndarray__": [[14, 3], "float64", [0.11509668196409802, -0.03397009362009766, -0.02964948029441868, -0.4367552666214948, -0.047343884026742625, 0.004441298874060686, 0.1285539411596887, -0.026828893167061316, 0.037581069797831566, 0.010562597043730486, 0.001947948786609477, 0.008299116306281204, -0.012662922781199876, 9.256264651809066e-05, 0.003987970874968497, 0.003600703370841984, -0.0009740685505588394, -0.004556548009787961, 0.008611794857848569, -0.007540332637872136, -0.008288703503045971, 0.07958262930317919, 0.038252831783088706, -0.0625236609046143, 0.10374702080662757, 0.08138898241469544, 0.04600217563390927, -0.010492867538158186, -0.0007328331784723895, -0.0002092288252038137, 0.009566843164821724, -0.004706992648388306, 0.0045874326149655, 2.3719506046541596e-05, -3.563759315597758e-05, 0.0003277253014779574, -4.850593430182413e-05, 0.00033336791470302935, 2.374513527207805e-05, 0.000613631698271409, 0.00011704187673426877, -2.291300169606424e-05]]}, "dipole": {"__ndarray__": [[3], "float64", [-0.0006968021245926357, 0.008489244578983398, 0.005672328901498182]]}}