{"forces": {"__ndarray__": [[14, 3], "float64", [-0.034729878872919076, 0.03032685412435038, 0.10442867357501628, 0.004501993928635843, 0.004457820215807511, -0.47595985493692455, 0.04276491442065852, -0.01513989069734266, 0.10102574723224335, 0.006935606786005992, 0.0017551429208410951, 0.0035493178026376336, -0.0033112483599329187, 0.004347297356932304, 0.0032728269943307063, -0.010742431197288373, 0.00933598128096757, 0.007086288392637827, 0.003793050860862793, -0.006272423711067156, -0.014089525231589102, -0.05795172754235362, -0.09835920113803548, 0.1882642918447336, 0.042409446903062545, 0.0745693539216873, 0.08594487458709342, 0.013728490578486036, -0.005781581242990592, 0.00845538706052954, -0.007650044546388586, 0.0005963743537461476, -0.012163055984734581, 0.00024133469808017125, -4.617111315786648e-05, -0.00023048248660795083, 0.00021743036369386472, -4.4595966100984344e-05, 0.0004691211808103496, -0.00020693802060338162, 0.00025503969436261735, -5.361003017611783e-05]]}, "dipole": {"__ndarray__": [[3], "float64", [-0.0005805054924265202, 0.008431621852435794, 0.005783117929459631]]}}