{"forces": {"__ndarray__": [[14, 3], "float64", [0.03871488227914889, 0.12095687717672382, -0.1015416960043361, -0.0009392931882676098, -0.012938608162358511, 0.00931414816946735, 2.6079859388661168e-05, 8.60002504050978e-05, 1.6943090010502663e-05, 1.0675906091659694e-06, -1.3668816482956087e-06, -3.632225191344606e-07, 0.006391578770279592, 0.008699769441581337, -0.016222687991253634, -0.044224041665627836, -0.11866314982998508, 0.11178594612677802, 0.0006538017631209946, 0.0017870721564874077, -0.004171853855387831, -9.468004829446524e-05, -9.057281647309437e-05, -0.00014174901151444287, -0.0003110289960328091, 5.894662404556009e-05, 0.0009592168154663193, -0.0002346428465294279, 9.383363237501399e-05, -2.5626362633621512e-06, -4.63946441759331e-06, -4.5014185572954237e-07, -6.0816623763871165e-06, 3.88179306750125e-06, 1.1839302647709496e-06, 8.396359562412736e-06, 1.9248870758359124e-05, 7.645819744770237e-06, 7.505476633631137e-06, -2.2147172041247157e-06, 2.8188006925925114e-06, -5.1616542667361334e-06]]}, "dipole": {"__ndarray__": [[3], "float64", [-0.0007633132817569542, 0.00849751134524834, 0.005803547276257196]]}}