{"forces": {"__ndarray__": [[14, 3], "float64", [0.09352994759187001, 0.08145749565683195, 0.03190179349421126, -0.012670329411271865, -0.012413571563670789, -0.0033204569077968297, 1.975177558255442e-05, -0.00026557420177367023, -1.687028338535659e-05, 0.00038385576229935743, -0.0001723872387296802, 1.1755285303191515e-05, -0.09017201321428528, -0.09038655924981046, -0.03656448596994655, 0.0020039628376811655, 0.0060955601194695895, 0.0022740285913852884, 0.005401272432922996, 0.016291505240987977, 0.005888171580935926, 0.00014426900308891314, -0.000374721992233246, -0.0006899452250076552, -5.941688219864581e-05, 6.164674692521184e-05, -7.593469654732715e-05, 6.000753747315302e-06, -1.3461633632389288e-05, 2.1323315550449712e-06, -7.055187386098153e-06, 2.547577265258402e-06, -4.179718753764102e-06, -2.496587617631295e-06, 2.796708165108199e-06, 5.431353467951832e-06, 0.0013719395012495058, -0.00027921899661518016, 0.0006053059747661658, 5.031162431693777e-05, -6.057173180045903e-06, -1.6745810187733623e-05]]}, "dipole": {"__ndarray__": [[3], "float64", [-0.0004894888676350375, 0.00828661657620242, 0.005609781791311172]]}}