{"forces": {"__ndarray__": [[14, 3], "float64", [0.001375470666203059, 0.00014841741313217785, 0.0002529677078753326, 0.010397152783555784, 0.011301112669827026, 0.006758010052349753, 0.10386683652210492, 0.041867919420907874, 0.021219747332360307, -0.5076217021218551, 0.0382291469887339, 0.007297901748297937, 0.0003631186372618665, -0.00012935049465743616, 2.7739342445336946e-05, 1.0083749327823194e-05, -3.473218066030497e-06, 4.279368668673735e-06, -1.818454806369087e-06, 5.094384131870221e-06, 7.1072953402457575e-06, 0.00014676642960305083, -0.00019050861371967581, 0.00021340926728107264, -1.7250444398356173e-05, 9.849913344442942e-05, 0.00012975799492916077, 0.003184447637028575, 0.005844897808130621, 0.00026658061661487243, -0.012866686388586967, -0.007252342895189763, -0.0014199930513764168, 0.20944417471001156, -0.06311962084211667, 0.10409399697849006, 0.11719151698570583, -0.0764899351632398, -0.07993539244604828, 0.07452788928884437, 0.049690143408681546, -0.05891611220722847]]}, "dipole": {"__ndarray__": [[3], "float64", [-0.0004877342850793315, 0.008356209594598268, 0.0057015857148140624]]}}