{"forces": {"__ndarray__": [[14, 3], "float64", [0.03501020619372995, -0.019253546444503594, 0.5056466631613397, 0.030457283484256473, -0.027613875179232805, -0.10449844790390769, -0.0034894338924308876, 0.005522628498923862, 0.013745570213795723, -0.0002564438278208864, 9.903780852356897e-05, 3.7959332650774785e-05, -0.03184638266434559, -0.07657187296640985, -0.07803671777380924, 0.06687902722873428, 0.09840829079573084, -0.19689934848228013, -0.11311415568020547, 0.03473663687368146, -0.12796944978857613, 0.01157858967641521, -0.009223071510491771, -0.008011830406073782, 0.005178457464809358, -0.0062231544956615975, -0.004021043656672597, -0.00015096615475983246, 0.00021320284712775646, 3.654049386945839e-05, -6.626267225375595e-05, -5.353094435535633e-05, 2.5988527582919906e-05, 1.3076997160912663e-06, 1.654833435953963e-06, 2.5184125048384334e-06, -0.00017736264752943464, -4.0310663562156305e-05, -5.6814530532326284e-05, -3.864208315378624e-06, -2.0894532064261337e-06, -1.5875998924302452e-06]]}, "dipole": {"__ndarray__": [[3], "float64", [-0.0005506679206946076, 0.008388925615692766, 0.005655316532739518]]}}