{"forces": {"__ndarray__": [[14, 3], "float64", [-6.384987450928424e-06, -8.084198768666283e-06, -4.663524712294928e-06, -0.0006113527814078555, -0.0002146999554170389, 0.00020371037866737834, -0.0031423933540225607, -0.0065787694710283595, 0.008906782918440907, -0.07403840984872019, -0.049490208111725616, 0.06262852725111907, -5.5032933240406236e-05, 1.3907760181157769e-05, 1.5934983827083518e-05, 5.641059293590932e-06, -1.2030724132431657e-06, -1.1660899148781031e-07, -1.0135868861911414e-06, 8.308941264901699e-06, 1.6389576357839526e-06, -0.0003168915689055702, -0.00011746397707213637, -0.0002476348646734599, 3.6288812975198727e-06, -3.195409907034051e-06, 2.0809301920801167e-06, 0.0002214090101647822, -0.00039867476267886994, 6.269088253293602e-05, 3.321079095695812e-05, -0.00040278331476763403, -0.0004374152475690017, 0.012356729484172596, 0.010886860438118906, -0.014353359404882682, -0.0026134247271951774, -0.007163597054223979, 0.00881585647406243, 0.06816428456194307, 0.05346960218843785, -0.0655940331256484]]}, "dipole": {"__ndarray__": [[3], "float64", [-0.0006037911541859068, 0.008518956696176685, 0.005596696978569954]]}}