{"forces": {"__ndarray__": [[14, 3], "float64", [-0.0002797760570425125, -3.27697156662406e-05, 3.594710638351699e-05, 0.0002426451476318138, 0.006602920482349924, -0.008459680743022894, 0.0580917421042716, 0.09982972031208331, -0.1979521453342057, -0.00029988403920748686, -0.0018442589785387115, 0.012468452167674475, -5.2004015867306615e-06, 4.746669099152946e-06, -3.1920387428797176e-06, -6.0226747364073735e-06, 1.0763980520394901e-07, 5.282013265272665e-05, -3.008890205828408e-06, 8.719904333169893e-06, 2.4847137037117285e-07, -7.814354044269198e-05, 0.000420599204444475, -0.00013809970717026018, -0.000989052687102685, 0.000176093442286426, -0.001616697114242617, -0.06234082967370305, -0.11105133628460032, 0.20522266108448523, 0.005832626062615239, 0.00618026656782412, -0.010109385569467833, -0.0001429373018966156, -0.00011574957877988954, 0.0002512347033359291, -8.253120653517515e-05, -0.0003326921864355001, 0.000280453952651037, 6.037315793967411e-05, 0.00015363252179416618, -3.26171117013849e-05]]}, "dipole": {"__ndarray__": [[3], "float64", [-0.0006386074172554491, 0.008181439942352682, 0.005709544672052734]]}}