{"forces": {"__ndarray__": [[14, 3], "float64", [-0.05498407379577952, 0.06273975693049731, -0.034938143156088626, -0.007572942017507134, 0.001967026733059464, -0.006168854416042404, -0.00025054789371734796, -0.0002652483382717619, 7.909414192086808e-05, 2.436792077329593e-07, 4.90436210847089e-06, 3.4885098278475725e-07, 0.016496273888020718, -0.010516461296898363, 0.011001167812535307, -0.010268470344175494, 0.0018227545205830203, -0.005804584160210016, 0.05803903797197493, -0.057368514484832336, 0.035115519307828046, -0.00014797094504101775, -5.317552419387179e-05, 0.000420795551430545, -0.0013041930247191834, 0.0016623084519825975, 0.00029525990249564525, -1.3607733941879132e-06, 5.846031997948878e-06, -1.3176705111416923e-06, -5.000776194727046e-06, 6.978716491804191e-07, -4.363944558285687e-06, -4.3318662560808163e-07, 1.536184483644907e-06, 6.060083583909662e-06, 1.9005819098628443e-06, -1.940842083103318e-06, 2.1202458407773106e-06, -2.4633639585139465e-06, 5.093999175802005e-07, -3.10254920717736e-06]]}, "dipole": {"__ndarray__": [[3], "float64", [-0.00043853337483677903, 0.008481179276747327, 0.0057230703996858125]]}}