{"forces": {"__ndarray__": [[14, 3], "float64", [0.0053327458237643266, 0.00282086828192143, -0.007804701445398513, 0.061260863399705115, 0.10380279312070323, -0.18868144538372222, -3.1021804220851995e-05, 0.006481533920484313, -0.008318106041659713, -0.00021282269683353374, -4.832341177298644e-05, -0.000574747308129635, 0.0006793078921524404, -0.0007981512181304002, -0.0016075726185479156, 0.0003986820228539395, 0.00013984526638604537, -0.00011630086086800944, 0.0008216784211451713, -0.0004081011033575115, -8.643500705989769e-05, -0.0648612165052258, -0.10909577063622541, 0.19679821426766675, -0.0022514971159401562, -0.003739557923469182, 0.010743478850541692, -7.494155404019496e-05, 0.000405585793574079, -0.00013846012053149795, -0.0008039765600898345, 0.0005414748012015583, -7.940061419434216e-05, 2.0747167934371845e-07, 7.253613390774885e-07, 5.263262870913524e-06, -1.2291586677272021e-05, -1.3882825071386572e-05, -3.692893363255749e-05, -0.000245717208273332, -8.903942758293928e-05, -0.00010285804733520295]]}, "dipole": {"__ndarray__": [[3], "float64", [-0.0006416861049749457, 0.008289701701259932, 0.005868631529623058]]}}