{"forces": {"__ndarray__": [[14, 3], "float64", [-0.006375030187790068, 0.00014613981091714717, -0.013553976437899224, 0.036411496641171, -0.010218163116433447, 0.09963253787243656, 0.051154504562171424, 0.008052683399558109, -0.4921061847481961, 0.02123492367185318, 0.02181901079790755, 0.08246303761407299, -1.8429433175634145e-05, -8.88746838800492e-06, 5.858745749879635e-05, -0.00022282080874854907, 1.6653133979611352e-05, -4.678961978707079e-05, 4.0489740009234315e-05, 8.743782124141355e-05, -2.3127995525044183e-05, 0.013375873021580902, -0.005262315845560537, 0.00832840935282122, 0.007438549117609624, -0.0011214093264679174, 0.003769901492290961, -0.056786803629682435, -0.10520011886845847, 0.19827609490009954, -0.07053704465721651, 0.08554366441036128, 0.12162743358911537, 0.004616084750282919, 0.00808075735961294, 0.0023448238772203482, 0.008462777568582025, 0.00875290788302892, 0.002517962714927667, -0.008794570356646693, -0.01068835999129791, -0.013288710069077026]]}, "dipole": {"__ndarray__": [[3], "float64", [-0.0006892576864760652, 0.008360914835354203, 0.005666037433824839]]}}