{"forces": {"__ndarray__": [[3, 3], "float64", [-0.9945799775171552, 0.41685493781669514, -5.149798579076302e-15, 0.9500117487692666, -0.38509629335369855, 8.715664207997806e-15, 0.04456822874788748, -0.03175864446299665, -3.565865628921503e-15]]}, "dipole": {"__ndarray__": [[3], "float64", [-0.013603917063964573, 0.004153145968132449, -1.0556714002146089e-16]]}}