{"forces": {"__ndarray__": [[3, 3], "float64", [-0.3733616094449492, 0.21411079180351805, -4.241332503221383e-15, 0.7390140581074787, -0.4319515787966695, 1.306613043722729e-14, -0.3656524486625302, 0.21784078699315174, -8.8247979340059e-15]]}, "dipole": {"__ndarray__": [[3], "float64", [-0.008234038612370908, 0.011366479409976963, -3.203644821966433e-17]]}}