{"forces": {"__ndarray__": [[3, 3], "float64", [0.0041161406922858535, -0.0017609304941826943, 0.02898890881871008, -0.004132524948336179, 0.0017704811040197084, -0.005974160786865047, 1.6384256052399153e-05, -9.550609837326173e-06, -0.023014748031845035]]}, "dipole": {"__ndarray__": [[3], "float64", [4.4612199814719206e-05, -1.897627294742694e-05, 0.00392193207235521]]}}