{"forces": {"__ndarray__": [[3, 3], "float64", [0.894060425426434, -0.3544217832820969, -6.856027543526261e-10, -1.8440736331138887, 0.7398221911061005, -7.843763621480272e-10, 0.9500132076874542, -0.3854004078240037, 1.469979116500653e-09]]}, "dipole": {"__ndarray__": [[3], "float64", [0.02709252158309874, -0.00823680115144316, 2.681176851716883e-12]]}}