{"forces": {"__ndarray__": [[3, 3], "float64", [1.8357646743178458e-06, -7.759932076247128e-07, -4.649732959190009e-15, -4.063388310957996e-06, 1.719693485403505e-06, 7.181693747676245e-15, 2.2276236365286454e-06, -9.437002775892354e-07, -2.5319607884862348e-15]]}, "dipole": {"__ndarray__": [[3], "float64", [5.75817571715426e-08, -2.3707896525871693e-08, 2.611301337710522e-17]]}}