{"forces": {"__ndarray__": [[3, 3], "float64", [0.030929314256962867, 0.015412179381021688, -1.3367602942146083e-13, 0.3664076437006438, -0.21786294937464684, 2.702113327494832e-13, -0.3973369579576089, 0.20245076999362496, -1.3653530332802246e-13]]}, "dipole": {"__ndarray__": [[3], "float64", [-0.004137562243596017, 0.005702386568385682, -2.290690839940151e-15]]}}