{"forces": {"__ndarray__": [[3, 3], "float64", [1.936424767040394e-05, -8.278629920263907e-06, 0.023014028555798205, 0.00405565423911488, -0.0017354369532939157, 0.0059737406013125344, -0.004075018486787983, 0.0017437155832143358, -0.028987769157110745]]}, "dipole": {"__ndarray__": [[3], "float64", [-4.897451736739389e-05, 2.0957328831504133e-05, -0.003922044541607803]]}}