{"forces": {"__ndarray__": [[3, 3], "float64", [-0.9499142743678954, 0.38538409349491504, 5.127630880642139e-06, 1.843875503763871, -0.7397883827281646, -2.8288488884979135e-05, -0.8939612293959719, 0.35440428923325007, 2.3160858004336994e-05]]}, "dipole": {"__ndarray__": [[3], "float64", [-0.02709569608572608, 0.008237562292287576, 5.558076709390331e-07]]}}