{"forces": {"__ndarray__": [[17, 3], "float64", [0.5096862789706212, -0.018049890461542713, 0.03780260556252612, -0.10685729982043397, -0.029818216729269716, 0.03639300068684125, -0.012082762573455924, -0.009398698571676682, 0.011039420091853245, -0.001269470684178842, -1.7590048738978588e-05, 0.00015371827186310693, -2.5568079538622812e-05, -2.02465547596048e-05, -2.5955652647074304e-05, -0.05420312642218059, 0.016943236046784094, 0.03334488213265187, -0.09465733534550408, 0.09149725310339496, -0.02964904648626658, -0.25058368095115824, -0.05309525924534978, -0.08640286311567, 0.01134294896110137, 0.0013017668220986543, -0.0063464156639141695, -0.0006187428075478553, 0.0008847240789171354, 0.003914987315307943, -0.0002519402157402897, -0.0002087089120718307, -0.00020775082825514061, -4.715490555579899e-05, -0.00011968333296603156, 8.678771823579071e-05, -1.3187186195010225e-05, -1.2119717340140721e-06, -4.881087509785039e-06, -0.00043407963229612814, 9.76842193843319e-05, -0.00010488137329991061, 2.298109981239683e-06, -7.427982176535384e-07, 2.3694159655034263e-06, 8.825227073898592e-06, 2.7373624542840425e-06, 4.082527989309255e-06, 3.997355006950906e-06, 2.8469932931238618e-06, -5.9515671113255623e-08]]}, "dipole": {"__ndarray__": [[3], "float64", [0.0014325141878326903, -0.001628962387806571, 0.006526123442020144]]}}