{"forces": {"__ndarray__": [[17, 3], "float64", [0.000436234083763289, -0.00012967458573634685, 0.00013370685512082103, 3.648056070466708e-05, -0.00014504498224780804, 0.0003202341351459162, -0.011259950702920452, -0.0057436133326992135, 0.009892315928198414, 0.10640482296178637, 0.060559027622316304, -0.07441078829878614, 0.008683834182086618, 0.011587766795037036, -0.01302340400039466, 4.557539673802439e-05, -2.210142621787075e-05, -4.53981446704773e-06, 0.0017178747121980608, 0.0002448219950450232, 0.0003260391109641035, -3.843303004701523e-06, 1.7330225171989344e-07, 1.858988604404848e-06, 3.27057118085993e-06, 5.234186265197926e-06, 2.650286710151821e-07, 1.4069192868102811e-05, -8.74129436468057e-06, 2.1781279883474775e-05, -1.0467945204406907e-05, -0.00046884246011001977, 6.863545284789185e-06, -0.00010483484254302999, -5.81468269753978e-05, -0.00015424106025592506, -0.0003882831746510973, 0.0008852279882112539, -0.0030980008390100026, -0.10909859421683649, -0.06828375254393808, 0.07955228703949001, 0.0024294032443363373, 0.00021718702014025422, -0.00014902100374719634, 0.000935658384667353, 0.0009719399782472082, 0.0006135618426174973, 0.00015875089483039762, 0.000388538564774997, -2.891873731926813e-05]]}, "dipole": {"__ndarray__": [[3], "float64", [0.001680684257779547, -0.00175149057677583, 0.006669080662281143]]}}