{"forces": {"__ndarray__": [[17, 3], "float64", [-2.5260571845375538e-05, 9.81456869472239e-06, 1.3357759928169075e-05, -0.0004538057938210269, -9.838737362991567e-06, -0.0002981337579994523, -0.013503379220085697, 0.0031535649454864736, -0.0060491528860780784, -0.1527619012249928, -0.027483613321389662, -0.03227396142206707, 0.4684712543831438, -0.022754922743675184, -0.019968996305990812, 5.542684180133121e-06, -2.2354713093591395e-06, -5.1565169500026135e-06, 4.8492119749014435e-06, 4.558882137603128e-06, -1.4959462840876037e-06, 5.5737822810577764e-06, 1.6217321606063257e-06, 4.976070492610156e-06, 9.692701311921805e-06, 1.4285265846861933e-06, 5.9160130070659255e-06, 3.547771269504611e-06, 8.505894079011207e-07, 3.991545465013554e-06, -0.0005420660862805664, 0.00022785339020257972, 0.0001437821661799513, -0.00011018476026973469, 0.0003240648031889345, -0.0002634252421076277, 0.006958577584441671, -0.0023042292886341713, -0.0036071548074312473, -0.008621562955701526, -0.004605667758400833, -0.00043143853420404143, -0.13226476494718464, 0.10448983964739186, -0.036347809488309075, -0.05617295780418528, 0.015749477467558573, 0.02294898853080276, -0.11100315475423572, -0.06680256723204232, 0.07612571282154608]]}, "dipole": {"__ndarray__": [[3], "float64", [0.0014044727271180562, -0.0015610269773472837, 0.006535867854374502]]}}