{"forces": {"__ndarray__": [[17, 3], "float64", [-5.9181303939189915e-06, -2.2822627892984527e-06, -1.7018580322187964e-06, -3.115108576436528e-06, -6.870375876864125e-08, -4.853137972600704e-06, 0.00022278871303158776, -5.444316396680017e-07, 0.00025958334598282363, -0.007546331381619742, 0.011045650452443198, 0.016367162404989106, 0.055820037840046216, -0.011535370158926505, -0.01671002682656525, -3.712271394011278e-06, -1.201164491249775e-06, -2.886418006990284e-06, -1.9119552471088607e-06, -7.27292802680784e-07, -1.8083355756646427e-06, -4.172473834583718e-07, 2.6322746394189155e-07, 3.4709741958758507e-06, 2.8316186161223343e-06, 2.922137652853525e-06, 1.2383927325782967e-06, 7.035787992873678e-07, -2.0170232404194354e-06, -1.1597922251860052e-06, 0.00034885425775715303, -0.0001342078484180706, 0.00014427927943380366, 1.5659863950032328e-05, -8.289978112383966e-06, 2.9206721270629595e-05, 1.930324715620447e-05, 9.125494186132085e-05, 0.00011408734373022716, 0.0009234038485298315, 0.0010943837776970446, 0.0004431723611246546, -0.0007444864388329112, -0.00670093582435516, -0.012531533854065248, -0.04844164957021665, 0.014020640962035242, 0.021254669282434982, -0.0006060408642220423, -0.007869470810620543, -0.009362899883452382]]}, "dipole": {"__ndarray__": [[3], "float64", [0.001715412396872452, -0.0016250014548364793, 0.006545578301506062]]}}