{"forces": {"__ndarray__": [[17, 3], "float64", [0.029565742814967058, -0.06855743275421287, 0.06999274071847669, 0.0062106288008618, -0.0108648649555026, 0.0029504524357465032, -0.00025792308205289206, 0.00019743622586288284, 0.00010728718301863655, -4.0970411917721763e-05, -2.1361905725053044e-05, -1.765000234411591e-05, -9.198615445457333e-07, 3.743892484150026e-07, 2.2672284492491842e-06, -0.008512001961554735, 0.016895083382928035, -0.011272544960468808, -0.0302572692196838, 0.07151449258833215, -0.06495030193517248, 0.003390991115618922, -0.007715190247015057, 0.001667558159137334, -0.00014323936793159383, -0.0004532215925757245, -0.00014110117061216944, -0.0002564030420447037, -0.0010452693170987615, 0.001807304884289578, 2.1483759747389185e-07, 1.6805232052386183e-06, -3.116701785874341e-06, 7.199066866965952e-07, 1.5326462693557947e-06, 9.138860520971446e-07, -2.905245955125646e-05, 2.096388231579782e-06, 9.325127202648872e-06, 0.0003332591467689818, 4.384201255385503e-05, -0.00015603213777280885, -4.3446354020054364e-06, 2.112942142877341e-06, 1.0044444908048902e-06, 2.239601704061935e-06, -1.3320291339668411e-06, -3.711199310961579e-07, -1.6721825216729396e-06, 2.1702489507418153e-08, 2.263961223427871e-06]]}, "dipole": {"__ndarray__": [[3], "float64", [0.0016896039197850663, -0.0014647971285002687, 0.006670489420345574]]}}