{"forces": {"__ndarray__": [[17, 3], "float64", [-9.437895148552104e-07, -1.1604081740859268e-06, 1.5942741346296651e-06, -3.4574756228794254e-06, -2.843041806035692e-07, -6.592447281933138e-07, 0.0001930468833017117, -2.3373651763178026e-05, -0.00034359311420137763, 0.003432492026859103, -0.0049471026030409, 0.0011922036110689554, 0.03667856030427951, -0.04750998796482557, 0.05908600034284492, -1.9185967504594836e-06, -6.645120607761709e-07, -2.4897312736611375e-06, -3.388490814998352e-07, 5.196901666770288e-07, -1.5532853367419411e-06, 1.3196324330981314e-06, 7.342618451273143e-07, 3.968020239825283e-06, 4.363909712203647e-06, 2.147595739867574e-06, 2.726808548992402e-06, 7.338782754312964e-07, -1.0199642021376057e-06, 8.225896100954592e-07, -9.72470239504754e-07, -3.046346151754576e-08, -1.5628611898601817e-06, -1.1315693309195316e-06, 5.28846700161135e-07, 1.3727277474722043e-06, 0.0012777288665254064, -0.00016792833530089265, 0.0011089848646463267, -0.0001420955959111607, 0.0003120500676913198, -0.000133640644251017, -0.03950850715835908, 0.04905853141566186, -0.052791134091567764, -0.012436003982706287, 0.014845414507128967, -0.009886977972898713, 0.0105071239861306, -0.01156837417792403, 0.0017639377066058842]]}, "dipole": {"__ndarray__": [[3], "float64", [0.0014460106354197955, -0.0015419838826162475, 0.0066794347122717986]]}}