{"forces": {"__ndarray__": [[17, 3], "float64", [0.08432584213524487, 0.016803437218332298, 0.09094440026427501, -0.01248840177510966, -0.0005735641888809344, -0.012639222947403004, 0.00012207671781283853, -7.048793699136266e-05, -5.327617438228739e-05, 5.732191106751839e-06, -1.214225822732066e-06, 2.2194616983958328e-06, -2.6247673247350877e-06, -1.607780703316559e-07, -3.878354078124691e-07, 0.017950930940283577, 0.003454177777816303, 0.005309082649613359, 0.005940294844690451, 0.0010732143328675387, 0.0015990195409887793, -0.0940711113153594, -0.01984154831810404, -0.08579142245691869, -0.0005258178975819015, -0.0007096280997620828, 0.00015860277589477734, -0.0012567697623074062, -0.00013876600605145355, 0.0004680792971743272, -1.2238691905287246e-06, -4.880166465010979e-07, -7.310722904009693e-07, 1.6675161256029918e-06, 2.492596046795871e-06, 1.467160713027656e-07, -2.0409020219417798e-06, 3.336153234731523e-07, -3.027042438147904e-06, 5.101012182781827e-07, 9.005759559671559e-08, 2.952352476345755e-06, -1.5757288344773073e-06, -1.840368065029882e-07, 1.7378902787703996e-06, 2.7418316162451526e-06, 5.822690490154251e-07, 1.4217501959043487e-06, -2.3026036852448993e-07, 1.7137401051151765e-06, 4.0483017428328625e-07]]}, "dipole": {"__ndarray__": [[3], "float64", [0.0014446551883838309, -0.0016657749967067092, 0.006699809972889943]]}}