{"forces": {"__ndarray__": [[17, 3], "float64", [0.00010994515270124068, -4.5625849846749144e-05, 9.114416853556416e-06, 0.00011831615711797667, -0.00016271194699085125, 0.0004375546453434787, 0.0010285087312618638, -0.004498223666466295, 0.0015676895908350568, -0.07089937867449062, -0.09120511477118229, 0.1604188118154465, 0.0004023776330648851, 0.00499015683598627, -0.010891758190269206, -2.65850049235829e-06, 2.575662077601216e-07, -5.793682611345319e-06, 0.0003493642450874887, 5.9963993150477434e-05, -0.00015521329584606018, 4.160286670803323e-07, 6.115167744589951e-07, 4.239825704189831e-06, 2.8777115010698757e-06, 4.436886231403927e-06, 2.6804116103889107e-06, 2.401050865046559e-05, -1.363321038213803e-05, 3.8615481652069176e-05, 0.0003369803502582886, -7.440457010359774e-05, -0.000366773645775709, -0.000132214477475889, -0.0003527393729196574, -0.00011703314717679254, -0.009364464167486817, -0.010321468092260398, 0.013184782295617883, 0.07766617808007988, 0.1012574177345327, -0.16370900159002066, -4.411438408426644e-05, 1.6181050325200214e-05, -0.00013503186243163422, 0.00044778072374854097, 0.0005819330177648311, -0.0002241078046462884, -4.3925118109054286e-05, -0.00023703712082130075, -5.8775264285426726e-05]]}, "dipole": {"__ndarray__": [[3], "float64", [0.001608899530524521, -0.0014905192197363088, 0.006594574951408678]]}}