{"forces": {"__ndarray__": [[17, 3], "float64", [-0.0009565383451445255, -0.012012534668609577, -0.008268224615717735, -0.017256706358696333, 0.13032894277821613, 0.11029847424716478, 0.00193878525231894, 0.0019439244074875848, 0.004530499647853793, 0.00012461567921762573, -4.832283327924244e-05, -0.0003116530453672086, -3.864359468217843e-06, 2.026252715436251e-06, -2.021682090368793e-06, 0.0001176791984924084, -9.76135353811969e-05, 0.00014436208208157953, 0.00017747541155266642, 5.378625238358136e-05, -0.0010573587535544094, 0.00020396611214020945, -7.841488319310651e-05, -0.00013683838309854436, -0.004094394726910562, 0.011388120403707175, 0.016088889533721625, 0.0188992010246752, -0.13234155395693317, -0.1222271957057233, 8.159568091443109e-05, -0.00019615455149361822, 0.000399109919999384, 0.0009431114343574765, 0.0010467284001338278, 0.0006248117349977752, -0.00017125726766894716, 5.10794670428738e-06, -7.612296444146046e-05, -4.886990860861542e-06, 2.2407814146181493e-06, -9.865991593926306e-06, -1.3577893299500433e-06, 7.4198676897114e-08, 2.05755988766748e-06, 2.556008762076617e-06, 7.46532626845733e-07, 1.0784458423228682e-06, 2.003564790019539e-08, 2.896474824269291e-06, -2.02996241711644e-09]]}, "dipole": {"__ndarray__": [[3], "float64", [0.0015788369161011235, -0.0015542744778245295, 0.006407432435518499]]}}