{"forces": {"__ndarray__": [[17, 3], "float64", [-4.81805958218051e-06, -2.478236536611856e-06, 1.938999588693544e-06, -5.9517227911645034e-06, 2.913834884031026e-07, -2.5142762872514704e-06, 0.0005720776474798803, -4.094876942843249e-05, -0.0001261862707385634, 0.007607949619333436, 0.009534101219717032, -0.012322713198247195, 0.11119438172809576, 0.06912696292048802, -0.08255802128772427, -2.6442095288706362e-06, -1.2992033590995384e-06, -3.5276463663550772e-06, -1.8061581394698217e-06, 7.790637736271317e-07, -1.9581440426939273e-06, 2.1641914516667835e-06, 1.0810953565511942e-06, 4.261070669853115e-06, 3.3021888486839246e-06, 1.307634057724621e-06, 2.7507311998774478e-06, -2.6152693156686894e-07, -7.907645414750519e-07, 1.3384432788160252e-06, 4.3678898264793464e-05, -1.353329317567208e-05, -1.591570528896808e-05, 0.0004137083118214511, -0.00017689127223025005, 0.00018998145359605466, 0.0009215185496676342, 0.0009629718568111041, 0.0005855842194492688, 0.00015859120823894548, 0.00030951362027846805, -4.060942807837723e-05, -0.011966249902854819, -0.005790773263987086, 0.010398910210505721, -0.0005297075926004891, -0.0005842212865019035, -0.0017891881628864209, -0.10840593317077418, -0.07332607270420953, 0.08567586899137085]]}, "dipole": {"__ndarray__": [[3], "float64", [0.0014202411608551205, -0.001741934262091162, 0.006666461807011802]]}}