{"forces": {"__ndarray__": [[17, 3], "float64", [-0.0002579462627484904, -0.00029815670980866583, -0.00010519254368159302, 0.00683367770429708, -0.011567657394258555, -0.016441432259320553, -0.060287292340938194, 0.02247827771497855, 0.025868975098295614, -0.0006286660297253129, 0.007322930126404487, 0.010818459107930452, -0.0005211556636380542, 0.0002553667762791247, 0.0003234293691102194, -0.00038588208057504836, -0.00021824513666665417, 8.415571979093865e-05, -1.0748972641451707e-05, -2.068840649725752e-05, -2.2057706289637417e-06, 2.4060679678606617e-07, 1.0668109684302706e-06, 4.039572860222004e-06, -0.00085782557562701, -9.101729541096057e-05, -0.0011784355980883037, -9.788951621897531e-06, -8.2162989572631e-05, -0.00011785478199821853, 0.056476903255364724, -0.02545122852912389, -0.028897440664889692, -0.00022257025464345585, 0.00685683731073921, 0.010144084799203514, 0.00025138012639060214, 0.0002973413572015774, -1.8819747020544483e-05, 1.3824932504525463e-05, 0.000384884241257592, -0.00033625031476950377, -2.08392961967329e-06, -8.776627300525221e-07, 1.5813759583389394e-06, -0.00034672174900671156, 0.00012128947455337023, -0.00016047133523909674, -4.534481456758172e-05, 1.204031168695038e-05, 1.3377972487853474e-05]]}, "dipole": {"__ndarray__": [[3], "float64", [0.0015296985040130413, -0.0016414045292386854, 0.006564524626144397]]}}