{"forces": {"__ndarray__": [[17, 3], "float64", [-0.00021628983680363457, 0.00010131445581866555, 0.00010542860642710529, -0.0028724775806615, -0.004346385091953185, -0.005055157996667, 0.027793529287859612, -0.11074230533460258, -0.21071083466519153, 0.0019812834773201278, 0.0008838325138850926, 0.010185360647594885, 0.00013483282772090282, -2.1618996746520857e-05, -2.310966270738037e-06, 6.828268227349789e-05, 3.796285347549447e-05, 3.685419846379052e-05, -1.034184671335268e-07, -2.5303084563791018e-06, -4.2440720642434175e-07, -1.7955598295076576e-06, -6.608659701752975e-07, 1.9590882155888558e-06, -0.0011010774208312813, -0.0001299766744607518, -0.0011916797245023426, -0.00011568678917675524, -0.00040418543185817866, -8.935102776844579e-05, -0.02918405377509175, 0.12257813019209442, 0.21944491945997674, 0.0036562676157722556, -0.008065056765694426, -0.013042016857717987, -9.237133906973333e-07, -0.00021503944087240682, -3.566853009133091e-05, -7.338924047826121e-06, 0.000277895672573682, 0.0003692526905367339, -1.023125876676382e-06, -2.820831419582269e-07, 5.861100648467199e-07, -0.00014630208848610533, 5.0177163249114345e-05, -1.4122143367377074e-05, 1.287634171631986e-05, -1.2718573403835326e-06, -2.79448249686614e-06]]}, "dipole": {"__ndarray__": [[3], "float64", [0.0015928348539803723, -0.0014164417065764127, 0.006598426121375822]]}}