{"forces": {"__ndarray__": [[17, 3], "float64", [-2.059357867795768e-05, -7.934728716741337e-06, 1.2221320430561858e-06, 1.4989736248779169e-05, 5.685680746670623e-05, 5.973917791978517e-06, 0.014217366998297525, 0.011608767520760113, 0.005519069166287853, -0.022768037834160308, -0.0854699800162693, -0.008828963307354578, -0.028791334080021252, 0.5285014666704299, -0.011795126383225375, -1.7591116103701348e-06, -2.268042958085763e-06, -3.1006272974160565e-06, 2.2423840063945748e-06, -9.808045790542226e-07, -1.2182439580316649e-06, 1.6399709753929693e-06, 4.0550832642574766e-07, 4.0726050505769456e-06, 2.4019535423660346e-06, 1.6907675332456908e-06, 1.7185043769308464e-06, 7.668617982652902e-07, -3.426245422953615e-06, -2.278174805619067e-07, 0.0002577865405836676, -0.00011548276688241623, -2.434486161249003e-05, 0.0002245829301260901, -0.00014232826634707514, 0.0002447064612504978, -0.01206258238938617, -0.002109740800631136, -0.0038834419473672854, -0.011450138279291162, -0.0021098380483027617, -0.005113691017965477, 0.11630272983654222, -0.20628574905526517, 0.047989305438439316, 0.012360844703429534, -0.12451152011179202, -0.11531576150768481, -0.06829090664240302, -0.11940993838734996, 0.09119980748870662]]}, "dipole": {"__ndarray__": [[3], "float64", [0.0015586715819129525, -0.0016643536735292722, 0.006569684112693032]]}}