{"forces": {"__ndarray__": [[17, 3], "float64", [0.03464987859323057, 0.019807055908028292, 0.49214176535224347, 0.033124010786646084, 0.0316693551612721, -0.11795245098435542, 0.0009879468185611622, -0.0034726540098139955, 0.012522067216127341, -1.7817393199350865e-05, -7.713201709011741e-05, 6.489552908783098e-05, 1.1728460798749208e-05, 1.3830312543597351e-06, -2.4023205938877777e-06, 0.03540179224719105, -0.10734329867841669, -0.21115932497168585, -0.025451966560862658, 0.06507162789643839, -0.06953492033861941, -0.09189672231924015, -0.019764079236088264, -0.09112167810233908, 0.0028873367767293006, 0.005863957775152327, -0.004125040176089195, 0.010583243112540022, 0.008279044173092774, -0.010946558888026373, -0.00010468331661653357, -0.00015619194617363914, 0.00010147695702223464, -3.815578534103626e-05, 7.896691045275414e-05, 2.0865334733236423e-05, 1.3132495349011683e-07, 3.061684995686446e-06, -1.0968027209179249e-06, -0.0001343738096896219, 3.814854951120786e-05, -6.778683996672229e-06, -4.2801228161695934e-06, 2.8768933946142906e-06, -1.1557369832565036e-07, 4.673588921342958e-06, -1.5288582818701733e-06, -2.6374558239959194e-06, -2.7424018066083837e-06, -5.932377282531547e-07, 1.933908734571327e-06]]}, "dipole": {"__ndarray__": [[3], "float64", [0.0017490937202629395, -0.0016205347797900347, 0.006572137680949201]]}}