{"forces": {"__ndarray__": [[17, 3], "float64", [0.034454466840204104, -0.11829424121343889, -0.21696729355838637, 0.003380089664706741, -0.004348428297350286, -0.009821466629447015, 0.0002044852718196405, 0.0002171015892632392, -3.7286037464122626e-05, -9.441734590726897e-08, 2.5160194179574295e-06, -1.476297947973646e-06, -4.786319611693334e-06, -1.1589899722617083e-06, -2.7938368930484115e-06, -0.03845269493443514, 0.12356177869942649, 0.2223244415544215, 9.558948411857208e-05, 0.0023311238602686884, 0.011701302531433498, -0.000495189892847845, -0.004142405413258854, -0.0052772535033826515, 0.0004021599760030718, 0.0007740731415819055, -0.0017163907889601788, 0.00032505461357809927, -0.00014976773182193747, -0.00024345668585934596, 8.301880453324494e-05, 5.165477265328927e-05, 3.7136893977721425e-05, 1.180915927288771e-06, 2.0199747348538352e-06, -1.459721003712529e-06, -3.925245791175091e-06, -1.839941207398158e-07, -4.9640267576092105e-06, 5.052961410959031e-06, -7.798535325955892e-06, 6.440662946747266e-06, 5.087146838957762e-07, -2.1803126799239453e-06, 2.2039980837961465e-06, 4.08632090092915e-06, 2.808038028897507e-06, 3.573300709225084e-06, 9.972421456054097e-07, 3.088392594654767e-06, -1.2578554703454826e-06]]}, "dipole": {"__ndarray__": [[3], "float64", [0.0012772378172112898, -0.001509172893167531, 0.006741578662443691]]}}