{"forces": {"__ndarray__": [[17, 3], "float64", [0.00012474236475683518, -0.0001914961792942339, -7.504711899826181e-05, 0.00395810598411477, 0.0016722272649415154, -0.0009605636970812218, 0.06692592429402605, 0.12984465150953314, -0.09579864490880727, 0.006522663620389089, 0.010021141576037581, -0.010924004802850298, -0.0003103996764784946, 0.0001445219493858583, -7.38471716574532e-05, -2.9513971478041944e-06, 1.8214141127353502e-07, -2.440326353891968e-06, -2.252341962742289e-06, -2.3598193054805765e-07, -8.681867134793707e-07, 1.2605266715567714e-06, 1.0688650241074466e-06, 4.864019302558102e-06, 6.277873992506004e-05, -0.00032318794755818465, 0.00017614724647682837, 0.0010702659268034221, 0.001025020893181465, 0.00028738399181126533, -0.006711370880791556, -0.011348625661675237, 0.007821756834820517, -0.07105225399311908, -0.13304384425493174, 0.10019685234151576, -0.0003390374313469709, 0.002056000505430112, -0.00022525359044811514, -5.527698082658505e-05, 0.0001358321778030627, -0.00035136657682124424, -3.476440896585921e-06, 2.611824278820993e-06, 6.831006757445533e-07, -6.720062602807757e-06, 6.886615748982172e-07, -1.6542734807151634e-05, -0.00018200225151397253, 3.4426567872044697e-06, -5.9108420063912627e-05]]}, "dipole": {"__ndarray__": [[3], "float64", [0.0015224909579968791, -0.0016986922696749882, 0.006749454538546419]]}}