{"forces": {"__ndarray__": [[17, 3], "float64", [-1.3438054668148754e-06, -2.6719248743133416e-06, 2.2214649082394333e-06, 0.0001136577921287084, -6.049700294260634e-06, -2.7091942856448e-05, 0.0021600173908307737, 0.0007925585380434584, 0.009583474286866421, 0.021828203311688735, -0.10788694561757828, -0.202041233989491, -0.003577312013699729, -0.0037339084278189124, -0.0039227648562341535, -3.348130621735551e-06, -3.186410347004936e-07, -3.313334375367626e-06, 2.29219728231464e-05, 6.76689791845945e-06, -1.3768337445431338e-05, 2.512519166066308e-06, 8.428251243512448e-07, 3.350742238128565e-06, 4.857114642683804e-06, 2.3129457749666943e-06, 1.5222385937842396e-06, -0.00020436813041512178, 7.153951613862629e-05, -3.109096182496176e-05, -1.5829341548747865e-05, -0.00024419325547974426, -3.587550530632427e-05, 1.5195081876130092e-05, 0.00022267145001054426, 0.0003852587424850124, -0.02146869454599339, 0.12007917884297578, 0.21025675739922112, 0.003006255870004581, -0.008525969538033959, -0.013204972777075918, -0.0011755295546613297, -0.00014597462508055624, -0.0011097383466357612, -0.00011255881170568764, -0.0004253243129492128, -6.01672566263764e-05, -0.0005946367190486154, -0.00020451497284255626, 0.00021743243355931897]]}, "dipole": {"__ndarray__": [[3], "float64", [0.0015289528911191525, -0.0014365762945281338, 0.006619170452658519]]}}