{"forces": {"__ndarray__": [[17, 3], "float64", [0.09060777235337984, -0.22886394638363597, 0.06351390903071033, -0.0003866106882482745, -0.005737502434437079, 0.0041772416868867185, -0.0001910724243023404, -0.0003656581268638905, 3.134178022357335e-05, -0.00010337356790115418, -3.138717332764464e-05, 2.4193848439713258e-05, 3.736754825474582e-06, -1.6062818383729496e-07, 9.367674226680235e-07, 0.004640285704379677, -0.009119639421486312, 0.0021653664901242686, -0.09414079397913756, 0.23458976811885046, -0.07000207117471863, 0.0002010821652066567, 0.009587255681404316, -0.0009853832985469702, 7.95369683786696e-05, -0.00016313414381720836, 0.0002992544153578875, -0.00042321239238654856, -5.865054648207254e-05, 0.0008345723620806621, -2.042340301989138e-05, -3.6304300740271076e-05, -4.484351059544018e-06, 1.2814744673884853e-06, 9.80885012281793e-07, -1.1585889419783023e-06, -1.1965045750756446e-05, 6.675137810328413e-06, 4.001748163495758e-06, -0.0002517580834235228, 0.00019262227991730032, -5.827919378991231e-05, -5.489947219566317e-06, 3.2451359813100277e-06, 3.966421777569862e-07, 3.14093734704879e-06, -3.2411514399386465e-06, -2.7016688870684456e-06, -2.136826595579925e-06, -9.229285605800835e-07, 2.8635043560800077e-06]]}, "dipole": {"__ndarray__": [[3], "float64", [0.0017731987887581611, -0.0014314580747185257, 0.006445259236300792]]}}