{"forces": {"__ndarray__": [[17, 3], "float64", [-0.0001570346716414965, 0.00047679624541354087, -6.573037326969926e-05, 0.0059275990746972046, -0.005782723251426199, 0.0012814531628148067, 0.015412321447130716, -0.016502509554169247, 0.07305544951367769, 0.03471445412119913, -0.003167562064724053, -0.5053447285058098, 0.032006437342186535, 0.008323921507452554, 0.082377567563812, -5.917422508817656e-06, -7.951276005153692e-07, -8.081254907991709e-07, -5.6531338706385955e-05, -2.5365626894478137e-05, -1.8730342771977674e-05, -1.9844514732261513e-06, 6.789330118277664e-08, 6.4575871997309094e-06, 0.0002824558881583822, -0.00011658110303036922, -0.0002599830451914789, 0.0002914948171802495, -0.0003081201697247689, 0.00046924108733366793, -0.010860420766441899, 0.012567837109834072, -0.009915606739200425, 0.009312111579379953, -0.011034939967358676, 0.0018659209742915173, -0.019709312568472706, 0.11327729670667629, 0.20175068568898705, -0.0750212245321724, -0.10053025703845178, 0.16243983019746597, 0.003714372377718616, 0.0002920920247268285, 0.0011514126444176849, 0.016681371649651718, 0.003606210923169473, 0.00327215357913524, -0.012530192545886006, -0.0010753685071934304, -0.012064584867400847]]}, "dipole": {"__ndarray__": [[3], "float64", [0.0015656186254749884, -0.0015888204829041508, 0.0066033282670087835]]}}