{"forces": {"__ndarray__": [[17, 3], "float64", [1.973206526104366e-06, -2.5735274877633103e-07, -1.4413578522615662e-06, 1.272824109248282e-06, -3.720756752326019e-06, 1.135514533410997e-06, 9.756018789273305e-05, 5.708911974155501e-05, -0.0003801298403359613, -0.004039007308753097, -0.0019382707517381136, 0.0012068458318632712, -0.06813018736680536, -0.11998489948956403, 0.0961381130877045, -2.508263801166889e-06, 6.438159069734615e-07, 4.80137825010843e-07, 1.9060639111302261e-06, -2.360097970548536e-06, -2.5877388346686565e-07, -2.83151507249439e-06, -5.19613609361797e-07, 2.811743988306593e-06, 2.6080900113623204e-06, 4.311528922158812e-06, 1.0800643371409024e-06, 2.100418366571642e-06, -3.6681937874456066e-06, -1.999196794569567e-06, 1.0618680217471976e-05, -1.3300461669944677e-06, -4.5900967876488465e-06, 0.00016320583796159134, -1.300929291477821e-06, 6.133800679980471e-05, -0.001119854588815817, -0.001090070237259541, -0.00020684121413225789, -0.00038570138474033704, 0.00021608990078706065, 0.00024463850720463033, -0.009551578531133172, -0.008149629393424992, 0.012062441320634658, 0.00802210729552073, 0.012829909976950342, -0.007785942413924183, 0.07492831635460487, 0.11806798252000528, -0.1013376813211813]]}, "dipole": {"__ndarray__": [[3], "float64", [0.00190516541476485, -0.0016630595689224486, 0.006478725039788856]]}}