{"forces": {"__ndarray__": [[17, 3], "float64", [0.09472062297562811, -0.08642779691838522, 0.025743084578461365, -0.011482359905159683, 0.01161011791181664, -0.0010029714499259796, -8.882159874832144e-06, 0.0003204959715520673, -8.699542153816977e-06, 0.0003525988109223872, 0.00013658513499485521, -5.933362152473419e-05, -5.638882393484132e-06, -1.4540893882575522e-06, -2.2705668318380867e-07, 0.0002430474268569905, -0.0027638592510360943, -0.00012078590259607995, -0.09171585660215595, 0.09557984960620006, -0.029989121430182144, 0.006150220647628911, -0.018756227106673, 0.00566181662563824, -0.00010772075129774463, -0.00013439261346119514, -0.00010511619445994306, 2.1998079131337237e-05, 0.00017612485158771966, -0.0004487736842932913, 1.0423035183947003e-05, 2.0079088678764776e-05, -1.7259304661070961e-06, -9.476175281734306e-07, -1.45495085114545e-06, 1.7893710489818158e-06, 4.765424710814348e-05, 4.856350626298307e-06, -2.6308023146758733e-05, 0.0017839978254048973, 0.000238506599812408, 0.0003553067637998076, -6.494419305496441e-06, 1.6630116536863944e-06, 5.940256635797778e-07, 5.029469529091936e-07, -2.5717919772904994e-06, -1.4862543448585406e-06, -3.165657102265633e-06, -5.218051500092509e-07, 1.9577251656095245e-06]]}, "dipole": {"__ndarray__": [[3], "float64", [0.0017681759179116931, -0.001500729267217485, 0.006523407005442026]]}}