{"forces": {"__ndarray__": [[17, 3], "float64", [-0.0013345518350903083, 0.00014505338314203437, -1.2017765284760425e-05, -0.011607006748481037, 0.01338028730051574, -0.0051868721938864125, -0.10743541439586618, 0.03911926470489477, -0.016631770225607048, 0.4328998536562442, 0.02092178967632918, -0.035943721706283564, -0.14866559930479006, -0.022134689644368655, -0.031149255728702283, -1.0385403278400674e-05, 4.575213193900299e-07, -1.3095376877213192e-06, -0.0003522936248901394, -0.00010615641344351681, 4.0009329187661534e-05, -3.6813022758474786e-06, -3.2919434084553494e-06, -2.511471986336016e-06, -3.811066962909024e-05, 0.00011906459127515107, -8.210164239168334e-05, -0.00024172265939437202, -0.00012951358828015182, -0.0002563937895927628, -0.0005907044269674539, 0.0035711185163823248, 0.0019459657515448186, 0.011268920305465044, -0.006677045921547223, -0.0005860181778156461, -0.05858038257491115, 0.021419786299688087, 0.02231007892121898, -0.10650374853246283, -0.06320955688159273, 0.07302902641515958, -0.008446766341918713, -0.0002260378812094755, -0.0034094939824224333, 0.007304525641047584, -0.002259803817398778, -0.0037965496361965696, -0.007662931782801396, -0.003930725902297411, -0.00026706455925349623]]}, "dipole": {"__ndarray__": [[3], "float64", [0.0016945098726991155, -0.00170562487859727, 0.006627499940462433]]}}