{"forces": {"__ndarray__": [[17, 3], "float64", [-4.810717800426858e-06, -1.7821507842023736e-06, 1.7753215723567022e-06, -5.264907818159716e-06, 1.2970369567422804e-06, -4.636061583376721e-06, 7.164892536682072e-05, -4.4810230721546373e-05, 0.00019192118475138128, 0.008395445818187987, -0.012843156285559224, 0.003531865439481702, 0.13247554562400407, -0.11239950841365975, 0.036293499875037286, -2.0855150309868534e-06, -1.7692106063070404e-06, -4.720866763038337e-06, -3.4069850002149354e-06, 2.4312611689130605e-06, -2.9174049631398148e-06, 3.342341181794563e-06, 1.3454486930029777e-06, 4.616305031173925e-06, 4.797233790218108e-06, 1.1637147229375884e-06, 3.321639890727515e-06, 2.625658024361262e-07, -4.773130611216912e-07, 1.2421656222263426e-06, -1.2725815942089978e-06, -4.821833637322882e-07, -3.904397135144477e-06, -6.151401266551099e-07, 3.383340627157043e-07, 3.650160154845186e-07, 0.0010944369201644055, 0.00028010848393033346, 0.0011687781286221206, 0.002363921916190521, 7.465403896975366e-05, -3.466216993397741e-05, -0.1317679015399921, 0.11675259110792371, -0.03885014803747683, -0.0006754516742096332, -0.0011336726806340214, -0.0017210384544602134, -0.011948592283116458, 0.009311729041961215, -0.0005753576837090478]]}, "dipole": {"__ndarray__": [[3], "float64", [0.0013672602424070486, -0.0014256503950689282, 0.006443727571409115]]}}