{"forces": {"__ndarray__": [[17, 3], "float64", [1.7386629925182558e-06, 1.2274611177276316e-06, -1.8770693564295133e-06, -1.0391939082575671e-06, -1.2251108941662184e-06, 1.0296587652931557e-06, -0.00016004598216470093, 4.885635106483587e-05, -7.040763966451417e-05, 0.0002819493878287945, -0.013365516348616178, 0.00027125280944820246, -0.10852946334398511, 0.20595492374492716, -0.044911495583868644, -2.7949138903335848e-06, 1.4889006645123634e-06, 1.4351154416932757e-06, 1.2013821801004962e-06, -2.8418805777954736e-06, 2.207004182872259e-08, -3.7769551968077536e-06, -6.82026745524381e-07, 2.4792318961484345e-06, 3.0064397623748076e-06, 4.967027980858183e-06, 8.197966172971175e-07, 2.063754495926888e-06, -2.5575614674593955e-06, -2.1414058837303285e-06, 1.0161511272148878e-06, 1.3068587052841732e-06, -1.164026736507776e-06, 1.9748162243958423e-06, 2.94454054801407e-06, 4.4581977183317794e-07, 0.00017688723572182964, -0.00027562658024610204, 0.0001481833546079102, 0.00021980364895599804, -0.00027648633799660455, 1.820926465082415e-05, 0.12066036823954954, -0.20869876916594568, 0.04984498122142972, -0.006734779895014795, 0.008471830709316388, -0.0020373056659259274, -0.0059181094346789885, 0.008136159418164894, -0.00326446695123494]]}, "dipole": {"__ndarray__": [[3], "float64", [0.0019966466492975328, -0.001682186319868132, 0.006709265716347481]]}}