{"forces": {"__ndarray__": [[17, 3], "float64", [1.2588993030770343e-06, 2.566098783451897e-07, -7.173647909129541e-07, -2.499916749182416e-06, -1.5772420238966788e-06, 2.7763556918918093e-06, -0.00011564156733972488, 3.8856067613806456e-05, 7.530214913971923e-05, 0.00028651659762367126, 0.005322774709488071, -0.012151781218043133, -0.07864054773512275, -0.0937138475895473, 0.1659134606907422, -2.4106147087720263e-06, 8.099906114518924e-07, 7.245842885015659e-07, 1.2775403279254287e-06, -2.233381850070216e-06, -4.0127358770385625e-08, -2.769149427239484e-06, -5.102220863936073e-07, 2.8590245082592133e-06, 2.4486647152021046e-06, 4.5133187587634555e-06, 1.211192992898481e-06, 5.070770331963428e-07, -2.840463538144125e-06, -1.4809297400837004e-06, -1.3207012390677928e-05, 4.189483426626762e-06, 1.5731062415679795e-06, 0.00017848922442587298, -5.901736385101876e-05, 1.573875038594632e-05, 0.00044017932277557137, 0.0005588613099821332, -0.000222733435037981, -2.722721601494988e-05, -0.00020859601822339747, -5.9744233674524415e-05, -0.0005511025979118098, -0.0032095996083329257, 0.0017564257574000073, -0.00949291898918131, -0.010641164840249916, 0.011629515392876247, 0.08793764747264167, 0.10190912523994375, -0.16696308969562196]]}, "dipole": {"__ndarray__": [[3], "float64", [0.001901742767581713, -0.0014942982572583399, 0.006632011370010376]]}}