{"forces": {"__ndarray__": [[17, 3], "float64", [-0.033198630905184226, -0.027560166253137865, -0.49716142000779556, -0.032477421402803894, -0.03010633677283431, 0.11605652191965933, -0.0009612795968378221, 0.003365567494594077, -0.012297498765977579, 1.3715836812800245e-05, 7.345306268601117e-05, -6.783392883859427e-05, -1.4321217630383115e-05, -7.944385348119634e-07, 1.751082031407312e-06, -0.0367528818002487, 0.11258681122091051, 0.2174078696499145, 0.025815443734142268, -0.06495271978883323, 0.07013627173995661, 0.09022306436504612, 0.02035383984396899, 0.09137525006772014, -0.002761997177853341, -0.00571883582465747, 0.0040691456349824144, -0.010160180311957893, -0.008082629099766482, 0.010593301082328126, 0.00010267799168365327, 0.00015383936942944582, -0.0001052364226456728, 3.727468943105709e-05, -7.471173623032189e-05, -1.9278215098430157e-05, -4.671411417523575e-06, -1.3652556089010431e-06, -5.337675171662069e-06, 0.0001384533408588512, -3.835189399606125e-05, 1.0296161902253029e-05, -1.0223717108560782e-06, -1.1585704333163679e-06, 2.7575903149511793e-06, 9.315019409950795e-07, 9.727461092251116e-07, 3.2328666962511363e-06, 8.447357292289431e-07, 2.585896335103787e-06, 2.0722002141565754e-07]]}, "dipole": {"__ndarray__": [[3], "float64", [0.0014737630416206252, -0.0016272494786776527, 0.00658511848536056]]}}