{"forces": {"__ndarray__": [[17, 3], "float64", [3.1402063748964544e-06, -5.154232254108539e-07, -1.1032068164104972e-06, 3.944385973279448e-07, -3.908449681358986e-06, 2.1588224727858558e-06, -0.0001897676777286263, 6.692650186851607e-05, 0.0003337278037866983, -0.002267408348816291, -0.001966209960991751, -0.0035431279125219405, 0.015976871991072745, -0.12526802539521004, -0.11903071611412304, -3.5429879869569004e-06, 1.1967544758943936e-06, 1.4688537382619887e-06, 2.680813836301754e-06, -3.4209302552896902e-06, -1.804613000019685e-07, -2.8313407854012856e-06, -5.641474168876222e-07, 2.6736625097940275e-06, 2.952571435717795e-06, 4.134420694990115e-06, 8.595308646437667e-07, 2.312737455917251e-06, -2.7863745411183512e-06, -1.1854795133965048e-06, 0.0001233165971484157, 4.1197938286392185e-06, 4.8273485730460794e-05, 9.074783027931274e-06, 1.8627552980145294e-07, 1.2909056034174853e-05, -0.00011744577077936415, 0.00020373555477098254, -0.0004413215157793392, -0.0009712415438950455, -0.0010998685708392298, -0.0005883031208977329, 0.001227016427107383, -0.008486560116676329, -0.015038805942010375, -0.014458081418859417, 0.12371669819842665, 0.1276638865555241, 0.0006625585227942989, 0.012834861869241888, 0.010578785982301378]]}, "dipole": {"__ndarray__": [[3], "float64", [0.0017810807059385366, -0.0016536422791129284, 0.006823956998056451]]}}