{"forces": {"__ndarray__": [[17, 3], "float64", [-0.1082597540721589, -0.027147460248811806, 0.03361098584887784, 0.42980286970530235, -0.043809474320366734, 0.0016113348140911687, -0.14102466943666078, -0.026877584589428568, -0.029080400158832183, -0.011366263104821377, 0.003397749561163776, -0.005889226629206437, -0.0004341221179953176, 1.740437931443821e-05, -0.0003240771503348354, -0.000633353602802411, 0.0014341452920645043, 0.003330205527639994, 0.011657282469459082, -0.0003690267449330143, -0.006314227358593156, -0.008038939018283935, -0.00832192547086304, 0.012664208057514267, -0.10953105799576202, 0.08998213080659234, -0.03923322026054497, -0.05970686145281614, 0.01739518479150293, 0.03340368170449938, 0.006840314438234463, -0.0022634655809982414, -0.002865854209514468, -0.008694733403531697, -0.003915271027094286, -0.0009140373326647682, -0.0005812188349146847, 0.00020018252853793938, 0.00010472028668429178, -4.044189491037e-05, 0.00027230978051506505, -0.00011347188695664512, 1.7839823882792378e-06, 1.0328990832463077e-06, 3.89818804104497e-06, 5.039004431076896e-06, 9.656180650162392e-07, 2.757123185975265e-06, 4.125334842142183e-06, 3.1023256564706253e-06, 2.723436114290417e-06]]}, "dipole": {"__ndarray__": [[3], "float64", [0.0016729016774327565, -0.0015310696637284107, 0.00654279152108075]]}}