{"forces": {"__ndarray__": [[17, 3], "float64", [-1.727573521892752e-06, -1.082598998272586e-06, 1.7371981914564328e-06, -2.9707357645552127e-06, 1.073346294329233e-06, -2.022500363729052e-06, -9.723930111445825e-05, -5.8979738937960204e-05, 0.00036690170786667173, 0.003965764698088545, 0.001914380948908436, -0.001096557943636426, 0.06645483717035719, 0.11970851801771361, -0.09450436957568707, -1.690065048829663e-06, -1.01940854648051e-06, -3.673631458270449e-06, -1.109313471716384e-06, 1.5036786024720637e-06, -2.1984987177042644e-06, 2.4931086705738583e-06, 1.1569343490045129e-06, 4.265865043632898e-06, 5.48497359655246e-06, 1.6062513909570145e-06, 3.2444988810769844e-06, 1.547663195900441e-06, 1.3842324593080904e-07, 2.0721882404876106e-06, -1.1965128279480386e-05, 1.1400191038839598e-06, -3.9619852583249754e-08, -0.0001633623831371196, 2.207377509366192e-06, -6.1009959159296575e-05, 0.0010913226951189394, 0.0010728322990205346, 0.00019571663887744926, 0.00037803444208448265, -0.00021256193402516442, -0.00023487889578296573, 0.009334688969153676, 0.007874987458800192, -0.011502456664652232, -0.0077342424892897915, -0.012480339431431698, 0.007754437019014164, -0.07321986673063839, -0.11782556164299943, 0.0990788321731956]]}, "dipole": {"__ndarray__": [[3], "float64", [0.0013139792291781286, -0.0015920057097789115, 0.006677497908346572]]}}