{"forces": {"__ndarray__": [[17, 3], "float64", [1.1542570744101165e-06, -1.9432406479604424e-07, -1.2784133750420527e-06, 1.734136446572791e-06, -2.3520761265322966e-06, -2.6856186412520264e-07, -0.00020063822874300238, 2.225653809251433e-05, 0.00034475940046296627, -0.0035571163421795108, 0.005098870289055853, -0.0011278435911816704, -0.0363267667549504, 0.04628709535111398, -0.05864903523233115, -2.2744466389451335e-06, 2.685284563319627e-07, -7.394774252110616e-07, 1.1038645327288551e-06, -1.3374047919564107e-06, -9.246658667966777e-07, -1.6155854794472107e-06, -8.597007955400962e-08, 3.1226668224517687e-06, 3.739691025301081e-06, 3.7495477791083716e-06, 1.610609576196298e-06, 2.91240080049564e-06, -2.4998346020180055e-06, -7.301733185878231e-07, -4.525330953027678e-07, -5.859921190650277e-08, -3.0412760442448373e-06, 1.2686282429955328e-06, 1.8369273234413993e-06, -1.05050803400399e-06, -0.001310730262367309, 0.00016688552330493636, -0.0011311218681871005, 0.00015465217935798408, -0.00032089924289776937, 0.00013608721264138365, 0.03924802263885604, -0.04857294092027566, 0.05199363936117286, 0.012554320269496922, -0.014672293419144593, 0.010168708069772022, -0.01056931391237963, 0.011991699086069046, -0.0017318935528199122]]}, "dipole": {"__ndarray__": [[3], "float64", [0.0017691060734114509, -0.0017076616973796992, 0.006473487606216188]]}}