{"forces": {"__ndarray__": [[17, 3], "float64", [6.1597333221578124e-06, 9.444553318879735e-07, 2.040811729862648e-06, 1.2591138065164839e-06, -2.586989395009044e-06, 3.897862978401913e-06, -0.00023035471294431307, -2.2161690486339614e-06, -0.00027136050291872024, 0.007299180346964296, -0.01125813538547165, -0.01662372675252826, -0.05590993056061778, 0.01257837896363953, 0.018106400976866496, -4.5010123719579196e-07, 8.092536483609601e-07, -3.428422938940135e-07, 2.6953370594428014e-06, -8.037730124609056e-08, -6.557840501234788e-07, 1.2319477169932038e-07, 3.883166345252588e-07, 3.6222902305963577e-06, 5.282631639166285e-06, 2.9728030443756203e-06, 3.1158474488582744e-06, 2.9398478811469193e-06, -1.4978729080476683e-06, 1.2608660466762941e-06, -0.00036193892140461023, 0.00013902388616815215, -0.00015482215371053924, -1.56301409679246e-05, 1.0766104020064751e-05, -2.934345772440444e-05, -2.3100930578479603e-05, -9.005093453001183e-05, -0.00012107105749169602, -0.0009300282603572895, -0.0011175147458261938, -0.0004480225644461053, 0.0006253298428072833, 0.006425908454763768, 0.012458457978544986, 0.04905973247936995, -0.014570729504655962, -0.022072983727118817, 0.0004687311004860465, 0.007883619741886363, 0.00914353220843559]]}, "dipole": {"__ndarray__": [[3], "float64", [0.001502001183610219, -0.0016296081881359606, 0.00660617510980801]]}}