{"forces": {"__ndarray__": [[17, 3], "float64", [-0.0330685904211879, 0.11351280882478632, 0.21160333090056854, -0.0032432911930614866, 0.004046484544866552, 0.009472012831731009, -0.00020563746682277515, -0.00021266248851958074, 3.719605153000658e-05, -5.522676698179895e-07, -5.036312004395274e-06, 1.1005722623502846e-07, 2.304237105852124e-06, 1.8790973586748287e-06, 2.1868010228281078e-06, 0.03680820985514836, -0.11848579419062814, -0.21693751239306522, -8.886578124851686e-05, -0.0021801318097210173, -0.011206121873542247, 0.0005844778285174984, 0.003972305837796132, 0.005156043112525173, -0.0003838622313765223, -0.000747918497423136, 0.0016765550375508122, -0.0003089368586964484, 0.00014103898868285804, 0.00023764535636071641, -8.563321496357687e-05, -5.231062582503895e-05, -4.071249315844067e-05, -9.60144677282938e-07, 3.457510456944423e-07, 1.7631120919446605e-06, -6.411110188736862e-07, 1.8983745444642262e-06, -1.516745369700369e-06, -9.454706189588323e-07, 7.626811485030544e-06, -1.8681408266984556e-06, -5.757962063558818e-06, 3.856955800054774e-06, 4.5312061581310444e-07, 1.5417036348376186e-06, -3.325072774576022e-06, -2.9388066672885145e-06, -2.8595010015271573e-06, -1.0661894696857925e-06, 3.3740714057503585e-06]]}, "dipole": {"__ndarray__": [[3], "float64", [0.0019405353734810277, -0.001741689616406999, 0.006414978309116406]]}}