{"forces": {"__ndarray__": [[17, 3], "float64", [2.437218047125104e-05, -1.0916237410110151e-05, -1.269722532977758e-05, 0.00043029951715315795, 3.7942369456287717e-06, 0.00028363821243789747, 0.01327144028589565, -0.0031922861456588287, 0.005885043490203359, 0.14864431227693603, 0.026425844844960363, 0.031094574974168364, -0.4651014670692238, 0.02741368156130797, 0.02428426156335491, -9.659044660787511e-06, 1.8452227231625156e-06, 1.9346789810211523e-06, -4.0822577331016894e-06, -5.397965163290202e-06, -9.64732822314523e-07, -5.852453653295192e-06, -9.742342717322715e-07, 2.114762131231591e-06, -1.5919962409756793e-06, 4.54681707234656e-06, -1.5767042688523175e-06, 1.1527429577354917e-08, -4.394819786272515e-06, -4.020395732549048e-06, 0.0005184710575839626, -0.00020868569782453786, -0.00013035369802427064, 0.00011849507489570224, -0.0003011160160011763, 0.00024721284631760293, -0.006714160305676728, 0.002271303584311225, 0.0035373785680945457, 0.008375187284009026, 0.004451271090175736, 0.0003589494776467272, 0.1334852733593068, -0.10832764455808956, 0.036670396483227743, 0.0555427127803447, -0.016287876256172684, -0.023385570950650497, 0.11142623778316298, 0.06776700457288325, -0.07883032134973525]]}, "dipole": {"__ndarray__": [[3], "float64", [0.0018097914259014363, -0.0016949242121420014, 0.006616905531471209]]}}