{"forces": {"__ndarray__": [[17, 3], "float64", [1.090627548214953e-05, -5.525489103507952e-06, -2.075786121382888e-06, 0.0005785423282358747, -0.00027898200706847996, -0.0002946515540064898, 0.0003517138839895005, -0.007814516854353202, -0.01084452085218839, 0.058911096297328006, -0.018837707785904823, -0.020570923843774024, -0.006705901253799975, 0.012043148753145858, 0.01657414099535249, -3.928305569537856e-06, 1.0982335700136842e-06, 3.99265981707745e-08, 4.8587037227742645e-05, 9.084748604297199e-06, -2.768078003695265e-05, -2.952369698691787e-06, 5.178512140369494e-07, 3.771599546253803e-06, 4.022883612002114e-06, 4.669007419772375e-06, 1.658363578095721e-06, 0.00042408734249109643, -0.0001677074689795881, 0.00021551145249592242, -0.0002555074713546542, -0.00036113429886271115, -4.011164484760844e-06, -2.4822877826832997e-05, -0.00034095008370755306, 0.0003703034414613373, -0.05510621617947365, 0.021055752381955208, 0.02220876194816702, -0.0002986555126086173, -0.006717013816881141, -0.009493964238311062, 0.0011106971933449478, 0.00017850311628581238, 0.0013099016910069795, 2.3652766672748866e-05, 0.00011266201664542705, 0.00010623424722696548, 0.0009346779619481086, 0.001118101696019966, 0.00044750455349019664]]}, "dipole": {"__ndarray__": [[3], "float64", [0.0017023387281389355, -0.0016132058657274463, 0.006580828953664182]]}}