{"forces": {"__ndarray__": [[17, 3], "float64", [0.0006597526408266271, -0.007980391146309386, -0.010206640449239515, 0.060049662181733236, -0.01698835953806258, -0.030777510139118277, -0.006660621766641304, 0.011741560050465876, 0.016469142029109735, 0.000244308266866853, -4.4626641080069595e-06, 0.0002993517992743965, -2.907821712818687e-06, 1.452760525010026e-06, -4.250100505163495e-06, -0.0002671501574536349, 0.00011633510372376099, -0.00031434215136618234, 2.475105838688564e-05, 0.0004268988589447653, -0.0002678834109867518, 0.0014512191715518477, -4.9707982511515285e-05, -0.001247194860125846, 0.0002611293677421413, -0.007152505528538978, -0.009521771297135837, -0.0570862909069553, 0.018900232314088435, 0.03473515970731086, 1.090042137916907e-05, 8.310437618682972e-05, 0.00011319365968590821, 0.0008727576742374064, 0.0010919997583824473, 0.000492803369405803, 0.0004335786567866873, -0.0001801413646045476, 0.0002061717511992519, 1.4487669964623123e-05, -7.060257520743599e-06, 2.5046084389242915e-05, -4.228328221315159e-06, 1.1034210934217196e-06, 2.1990352032565718e-07, 1.699235016304686e-06, -7.671762571358145e-07, -1.2464065255103976e-06, -3.047363507717154e-06, 7.090145040687535e-07, -2.4948889304841397e-07]]}, "dipole": {"__ndarray__": [[3], "float64", [0.0017271714090402429, -0.0016056739826966185, 0.006607847525256785]]}}