{"forces": {"__ndarray__": [[17, 3], "float64", [-9.991882471682227e-05, 2.5520088506186017e-06, -3.809352122372204e-05, -0.00028451904900837153, 9.252666705245372e-05, 4.4070148221263954e-05, 0.0062964326145756744, 0.009524468135952696, -0.01134829375163443, 0.06355653981122796, 0.12636433112826786, -0.09943812644303793, 0.004563212344971092, 0.002137045220363737, -0.0017828231052224022, -3.327047978666859e-05, 1.2585219010558132e-05, 6.1492671690529755e-06, 0.00023760237542766065, -0.00019331335325125303, 4.3630559150547363e-05, -3.2066822085915375e-07, 1.2499065846543495e-06, 3.748565547072254e-06, 5.2409462178548616e-06, 3.027792625741779e-06, 2.6238727218043713e-06, -5.050741924791939e-06, 4.885349532394547e-07, -1.2485844435927324e-05, -0.0003900684858942845, 0.0022766805282380155, -0.0002797306980172564, -8.684169749209336e-05, 0.00013991037263817385, -0.00044293359003519546, -0.0068462434850869395, -0.011727454855848383, 0.008776767732738647, -0.06842159369974993, -0.12923831136411282, 0.10411823031839597, 6.859009143044807e-05, -0.00027847745722149353, 0.0003236528300373116, 0.0011206988879259516, 0.0010994639111798839, 0.00023203000411751605, 0.0003195100601048336, -0.00021677239528408078, -0.0002084163444921188]]}, "dipole": {"__ndarray__": [[3], "float64", [0.0016079575224059648, -0.001658677043938823, 0.006732059269060783]]}}