{"forces": {"__ndarray__": [[17, 3], "float64", [0.00947045301094129, 0.0022172511945226505, 0.003394954611967268, 0.02711685255776708, 0.08103848568470724, 0.009051427583304286, -0.02399570586235214, -0.4708141208771058, -0.007248929840865936, -0.03771571650038405, 0.1315407530629328, -0.015991180040737456, -0.0031805378445692754, -0.011396502980073327, -0.0012303073254753727, -0.00021987555013171993, 9.101853025858754e-05, -0.00021188719698822634, 0.0003152024226635529, 0.0003625464199747037, 0.0002001318972765211, 0.00017092544661082384, -0.00029067369513477914, -6.476260271848316e-05, -0.01474979482597033, -0.010717771738660415, -0.005717751493589782, 0.011584497482037376, 0.001962797421239402, 0.004625011886887374, -0.02198586460272602, 0.126099475769786, 0.10994341368214908, 0.06675265509062966, 0.13103102429404848, -0.09143006351876629, -0.007808229091404753, 0.009706551721070803, -0.0008559409919644309, -0.005670938927319934, 0.009242119432778691, -0.0044349235039718845, -4.554360563069822e-05, 5.065013637324793e-05, -2.1184964918312097e-05, 2.872086293866565e-06, -6.726118702380824e-05, -4.857495983709766e-05, -4.1251286454602736e-05, -5.634318969633329e-05, 4.056677824894116e-05]]}, "dipole": {"__ndarray__": [[3], "float64", [0.0016532918268856102, -0.0015353826332184701, 0.006568777465297334]]}}