{"forces": {"__ndarray__": [[17, 3], "float64", [-0.011567287829742437, 0.011248077393716097, -0.002752480310605517, 0.10940730795264629, -0.09100998557346664, 0.03600015444600911, 0.00917091677883837, -0.014976021182265056, 0.007163334748636856, 3.871191685697976e-05, -5.7421972370349615e-05, 0.0002838502892832226, -6.896679975423928e-06, 2.033176084161929e-06, -3.677869536799595e-06, 4.360940037274841e-06, 0.00013333508487692425, -0.00039611913855661134, -0.00011226230962582491, -7.787741526934503e-05, -0.00015107385493553604, 0.0004520831287451745, 0.0013037426998852074, -0.0005233199548125926, -0.11146490203691321, 0.09701493135353861, -0.041147813474786084, 0.0001768558981554457, -0.003961744561166114, 0.0001996285265297865, 0.000861842465135257, 0.0003229766475248635, 0.0011020033981525086, 0.0030420958682486777, 5.352577978443171e-05, 0.000226749777701969, -2.208882689148317e-06, 2.7171944906154283e-07, -4.028289841209498e-06, 1.4203086961437184e-06, 1.076991715936318e-06, 1.0935323101271308e-06, -1.8988737775189273e-06, -1.7532399184365904e-07, 1.629459856096721e-06, 1.5832626845706007e-06, 8.194622229127435e-07, 5.956384752380506e-07, -1.7219073214459905e-06, 2.4357197315666154e-06, -5.269238806346949e-07]]}, "dipole": {"__ndarray__": [[3], "float64", [0.0016105450996732299, -0.0014961329667861067, 0.006474290048014852]]}}