{"forces": {"__ndarray__": [[17, 3], "float64", [0.0013526110021805015, -0.007638739667796248, 0.005881011893525832, 0.09047704717917802, -0.2097386303510548, 0.06567786541353983, 0.0004455668427038906, 0.011017945789884518, -0.001112361563615306, 0.00010974275721142723, -4.732425756205048e-05, 0.00012090453938601587, -2.814673009992454e-06, -8.874234414273161e-07, -1.174462971644541e-06, -0.00047692110254128546, 1.844911224468134e-05, 0.0007610363005713632, 0.00013965299729161613, -0.00016955982761426017, 0.00046794932098888803, -0.0010984461894459035, -0.001552316762788477, 0.0007261591547183049, -0.09810971639805575, 0.21880820383799884, -0.07545333968929353, 0.007435550502951814, -0.011358678466981744, 0.0031329941158712423, -9.680071512573532e-05, 0.0003339360419512472, -0.00013714092008735326, -0.00017411562784535933, 0.0003263720880404012, -6.47948520643876e-05, -3.958267066240076e-06, -7.198422009616938e-07, -3.857658441459369e-06, -9.771839819916073e-08, -1.6477560529579986e-07, 7.535448600477507e-07, -8.432660734084527e-07, -1.1456752028154743e-06, 2.1218784931773566e-06, 2.8376492737597293e-06, 9.061811402113917e-07, 2.360310580420533e-06, 7.050267703750065e-07, 2.3539989886891616e-06, -4.873260613513761e-07]]}, "dipole": {"__ndarray__": [[3], "float64", [0.0014105210597094048, -0.0015316633107393491, 0.006395124384501217]]}}