{"forces": {"__ndarray__": [[17, 3], "float64", [2.6044290139232772e-05, -7.235921153515854e-07, 2.168922748097174e-06, 0.0003257648079135064, -4.663010500219723e-06, -0.00017684172705223765, 0.006227453949455993, -0.0012463453687982695, 0.000797553704743696, 0.0312930459890786, 0.011154371115280757, 0.08158330514460348, 0.021286485775501556, 0.0043646356758921855, -0.5165410775826749, -1.763364743515441e-06, 3.8395192828510626e-07, 9.02724664908293e-07, 4.690394894818976e-07, -1.665320850410906e-06, 1.3267981906415812e-06, -2.034736652694401e-06, -1.7331664443957298e-07, 3.434798749488117e-06, 7.019420433472412e-07, 3.819925906551751e-06, 2.0970380943961513e-06, -2.129392208989165e-06, -3.476423133473377e-06, -8.831131243387666e-07, -0.0003245973400549393, -0.00023587918459892353, -3.9106470416672036e-07, 0.0004085256192037924, -6.574355471461919e-05, 0.0005625307352762872, 0.01629060778256703, 0.003954324262677853, 0.003910218812087762, -0.012819138766139448, -0.0017987598559419515, -0.010970177778318135, 0.03684032438661998, -0.043527472280874856, 0.05903803801877581, -0.017630677176231083, 0.1206643204206511, 0.21812035230298837, -0.0819190828059818, -0.09325695344416403, 0.16366744226495084]]}, "dipole": {"__ndarray__": [[3], "float64", [0.001675455320134848, -0.0016501675117354458, 0.0066305948460026925]]}}