{"forces": {"__ndarray__": [[17, 3], "float64", [0.10681432583684271, 0.02698992386387568, -0.03200334304286862, -0.43260384348129394, 0.040694928834341504, -0.005188534690051255, 0.14482615687710046, 0.02768174405946146, 0.03024491583198667, 0.011587065886675874, -0.0033742935981661035, 0.006058477051909041, 0.00044984197365476145, -1.4632041041414662e-05, 0.00033530620147696744, 0.0006218444878773832, -0.001455607877613087, -0.0032884703476572965, -0.011470643359352427, 0.000282016399330884, 0.006162882027745702, 0.0077269923425607005, 0.007961207273630472, -0.012305775300340533, 0.1092800087724023, -0.08747506488028103, 0.03905161980332052, 0.06029167814259051, -0.01713204786074829, -0.032984789389966206, -0.007100789016925316, 0.002291992683089287, 0.0028975156789470343, 0.008953308579618362, 0.004055819563204396, 0.0010192580207695789, 0.0005980148554978557, -0.00021543534753748174, -0.00012391204603506752, 3.843328979969046e-05, -0.0002885560183590048, 0.00012885816234724923, -7.105760657506314e-06, 6.662079284724826e-07, -1.2932777457508517e-06, 6.654751708981125e-07, -1.5186815731195275e-06, -2.118401551815244e-06, -5.954901562736262e-06, -1.1425795439733585e-06, -5.962822864117749e-07]]}, "dipole": {"__ndarray__": [[3], "float64", [0.001551527835970408, -0.0017209303483368295, 0.006617461689406377]]}}