{"forces": {"__ndarray__": [[17, 3], "float64", [-0.023522410143420092, 0.51198094195235, 0.019963573545682085, -0.02634807195865801, -0.09255742857795311, 0.03294857032307956, -0.0069419868143583904, -0.0021869588085861743, 0.0012131815054142244, 0.00014474460161943286, 0.000260858981067547, -0.00047694666311723686, 9.049388643312495e-06, -6.8612270505165556e-06, -3.024676590468071e-07, 0.020334204823355184, -0.12770853219140268, -0.11402648941578895, 0.08903596311675187, -0.23587885770473646, 0.07007484394552779, -0.04913649624016615, -0.05790446799031629, -0.016645415167572963, -0.011060374393020968, -0.007435177021625973, 0.011607031612893764, 0.007920175433033453, 0.01178546318682068, -0.005011704104833834, -0.00028818397100884176, -0.0005417826195046802, 9.747290986850719e-05, -0.00028685396775752743, 0.00019774805638664468, 0.00021010625622154227, 2.7493824714957755e-06, -1.7398283961412562e-06, -5.248038501602549e-06, 0.00013372870387509415, -3.4730973720221186e-06, 4.739399448300042e-05, -1.529022831610808e-06, -1.0331451458000538e-06, 1.802724384254903e-06, 4.424621954157874e-06, -1.1037413662181725e-07, 1.979131744977484e-06, 8.664395171114467e-07, 1.4104096009934985e-06, 1.4990817467078402e-07]]}, "dipole": {"__ndarray__": [[3], "float64", [0.001501021848820212, -0.0016590837059034232, 0.006542296689365693]]}}