{"forces": {"__ndarray__": [[17, 3], "float64", [-0.030578412306795328, -0.0935386713746261, 0.030833872231071847, -0.03989587089174262, 0.49703704570656704, 0.017728779889166102, -0.01876944989221212, -0.08095757646556936, -0.005271153424789972, 0.013240144335866393, 0.01129323351649694, 0.005849709377297846, -7.974866262490808e-06, 5.941040473673633e-05, 3.2448215003512526e-06, 0.008088301271454755, 0.012538326258601046, -0.004161865305104911, -0.011783508729620107, -0.005927204181583309, 0.011293445972017799, -0.003295094482945022, -0.0013909168271336433, 0.0007150411604806721, 0.08842003959229547, -0.20474005255322147, 0.06889782248248508, 0.016457796998669352, -0.1304917321415636, -0.11630631715581086, -0.01140239693696605, -0.0019673914328436704, -0.00418431607957505, -0.010901338482458422, -0.0016959147727944775, -0.005559030039655741, 0.00028457562336666777, -0.00012079523512057577, -7.674489239833184e-06, 0.000149523118678067, -9.427627814501989e-05, 0.00016799988213031357, -5.28714309577124e-06, 7.510492106480829e-07, 2.8407290091279263e-07, 1.5483739132552451e-06, -2.846469995893986e-06, -1.1638129878530077e-06, -2.5955821466578757e-06, -1.3892030144675053e-06, 1.3204181132882034e-06]]}, "dipole": {"__ndarray__": [[3], "float64", [0.0017000616919102653, -0.0016465997595222768, 0.006583642020508975]]}}