{"forces": {"__ndarray__": [[17, 3], "float64", [0.00010056521141189942, -4.925174994817754e-06, 3.8406996088711023e-05, 0.00027600441872061037, -9.440804824934501e-05, -4.0747273177971876e-05, -0.0061383453054151445, -0.00921782510770078, 0.010821951721397483, -0.06200598609688413, -0.12563051101054945, 0.09751739459588436, -0.004492852058933544, -0.0021225699213514447, 0.0016691658681049445, 2.8717658973027468e-05, -1.2967002666541312e-05, -9.274787353444807e-06, -0.00022920928057961515, 0.00019565458707386751, -4.4852459329430994e-05, 1.2366718305903946e-08, -6.068850843098305e-07, 3.3342255413310734e-06, 2.8413792464149406e-06, 2.9154959972406226e-06, 1.6802829843715478e-06, 8.7125355470967e-06, -4.101408204480274e-06, 1.2610760249358052e-05, 0.00037681271777686656, -0.002211636360135302, 0.0002660618186526003, 8.367674678252559e-05, -0.00013407993400158487, 0.000429490797593147, 0.0065709199151293965, 0.011344049908664342, -0.008661679565048054, 0.06690342764985668, 0.12848270537399908, -0.10167246581671262, -8.393055075042483e-05, 0.0002770038956385075, -0.00030939150756904084, -0.0010912358758352382, -0.0010806238583904743, -0.00022666911466082915, -0.00031013143176484393, 0.00021192544995527312, 0.00020498345735614831]]}, "dipole": {"__ndarray__": [[3], "float64", [0.0016126687098989704, -0.001591256927147328, 0.0064241931535330855]]}}