{"forces": {"__ndarray__": [[17, 3], "float64", [0.006456412917357994, -0.012043019417329772, 0.004110646170393413, 0.03916884694644065, -0.07032519296531627, 0.07458623757881175, 0.004331038745469255, -0.005763521126315703, 0.00170664856262054, 8.282348772893667e-05, 9.90904194243393e-06, -0.00026599559240484387, -4.968487427358115e-06, 8.181090334719963e-07, -3.434794963864579e-07, -0.00020674616028550327, -0.0009635056048330003, 0.0017173912256013802, -0.00010929580272169054, -0.0003087261932198805, -0.00014718283426778437, -0.0006423689956697779, -0.0005382704076409502, 0.00015510072200584368, -0.04076602669761377, 0.07410677910954103, -0.07280934886752029, -0.009621797172907474, 0.015833140169097735, -0.010008065231890503, 0.0011828734038564677, -0.0001968524401895108, 0.001191528993145296, 0.00013166070451700582, 0.00018489399414237757, -0.00024043722315324523, -2.7651680715712925e-06, 5.837164352075208e-07, -2.5883507379720635e-06, 2.908600189752429e-07, 3.361270923419574e-07, 2.799184397085122e-06, -1.486939371001843e-06, -4.7247044928724235e-07, 1.8759763517761486e-06, 1.8754439779517953e-06, 1.0272902058472303e-06, 1.6013939718998633e-06, -3.6708529864943263e-07, 2.07306780383835e-06, 1.317721713873426e-07]]}, "dipole": {"__ndarray__": [[3], "float64", [0.0014714979518379164, -0.0014704091117406105, 0.006595961850661325]]}}