{"forces": {"__ndarray__": [[17, 3], "float64", [-1.453280196256033e-06, -2.5511960308708647e-06, 2.1584127855178277e-06, -6.692351688904593e-07, -1.4397841839558634e-06, -1.9043304963306262e-06, 0.00015898630746157574, -5.189588084412058e-05, 6.766435971682638e-05, -0.0002530810540865082, 0.012933111864272246, -0.0002529590179960748, 0.1043362142546025, -0.20154724852848133, 0.04316601931370213, -1.4008988937414945e-06, -1.8530962120832954e-06, -4.601897883789311e-06, -3.9248113465499905e-07, 1.966394502668099e-06, -2.467300756194343e-06, 3.4123082628327783e-06, 1.309209770693926e-06, 4.5904252728062774e-06, 5.083859314487909e-06, 9.667303408284985e-07, 3.494212278507263e-06, 1.5934605376183105e-06, -9.78780177663623e-07, 2.1947192964956477e-06, -2.4258954510288424e-06, -1.3813386728893834e-06, -3.434926659490837e-06, -1.810093501761049e-06, -5.968081805023459e-07, -9.23791933434876e-08, -0.0001742990177683353, 0.0002800317533200794, -0.00014800719960549006, -0.00020556523628293774, 0.0002789818885867763, -1.3566780050428634e-05, -0.11585534266742166, 0.20420952928913122, -0.04785640630214808, 0.006397074915550342, -0.008209084428354397, 0.0019098004196275878, 0.005594074754176095, -0.007888867288787424, 0.003127518272108472]]}, "dipole": {"__ndarray__": [[3], "float64", [0.0012267236886711068, -0.001568147843562853, 0.00644790665377643]]}}