{"forces": {"__ndarray__": [[17, 3], "float64", [-1.853745938202955e-06, -3.2708322086016984e-06, 2.3584040683621185e-06, 0.00020593345057878985, -0.00012164525528708915, 0.00015545639926335076, 0.0029586441825210615, -0.009682048857205059, -0.012100382174386594, 0.021122541109985696, -0.12958624244534828, -0.11454687153075288, -0.0023009020822389063, -0.0021199648263169053, -0.004022856627043393, -2.7275194366517126e-06, -1.5263455669006167e-06, -2.6334910562711632e-06, -3.394544816140196e-06, 5.4569648840661445e-06, -2.5037616717535612e-06, 1.9848277410101112e-06, 1.0408005848388179e-07, 4.0801443310012825e-06, 4.577555471154882e-06, 1.3950695054469482e-06, 2.4516394029541754e-06, 0.00017941137507071958, -5.96930738596293e-06, 8.712485403063374e-05, 0.00029433847714322445, -0.00013213767517549895, -0.00021325405348515957, 0.0003978883510424393, -0.002053954350056151, 7.220131150229996e-05, -0.02060719387014134, 0.1329555770902271, 0.12097628632745326, -0.0009154942695934085, 0.011340799980732348, 0.01034363155375385, -0.0002858929800405196, 0.0002769152561922143, 0.00016130589197628522, -8.565839706596049e-05, 0.00019743300176034106, -0.00036743583557279346, -0.0009622019202823796, -0.0010709215488097358, -0.0005489590518134894]]}, "dipole": {"__ndarray__": [[3], "float64", [0.0015070758213678382, -0.001573853842160704, 0.006750330445890955]]}}