{"forces": {"__ndarray__": [[17, 3], "float64", [-0.09464832531939296, 0.23543258277574533, -0.06659594651561702, 0.00026286486737723706, 0.005912204381164911, -0.00428170601871436, 0.00019285890946060921, 0.00037501260731770826, -3.384826048600391e-05, 0.00010313824174511443, 2.8444597925337217e-05, -2.5919706013468422e-05, -6.219173702383245e-06, 9.041507824626991e-07, -1.5370491596580709e-06, -0.004896211154140458, 0.009445103585099071, -0.002347121363753545, 0.09848480630372593, -0.24120283777624218, 0.07326796348352708, -0.00013195919410644082, -0.010049330577635449, 0.0011052007836437267, -7.4950750960148e-05, 0.00017050520809353307, -0.0003074136261685165, 0.00043644548566382354, 4.591073122713325e-05, -0.0008373147840302027, 1.9768672977946087e-05, 3.7375388892143423e-05, -3.2508390862849316e-08, -1.1052264634518357e-06, 1.3872690734931028e-06, 1.5186782380154264e-06, 7.275983166710856e-06, -5.029998442898711e-06, -1.0406029853349222e-05, 0.00024861658179343505, -0.00019635289809999005, 6.170823520050744e-05, 2.3486490716801495e-07, -1.563184948459381e-06, 2.2543832847828023e-06, 2.4952610473503255e-06, 2.7421024039345208e-06, 3.342053811058079e-06, 2.656469011329266e-07, 2.9416376444119122e-06, -7.417555178445532e-07]]}, "dipole": {"__ndarray__": [[3], "float64", [0.0014466173243640158, -0.0018214191354646817, 0.006713114160820379]]}}