{"forces": {"__ndarray__": [[17, 3], "float64", [1.4711060501692322e-05, -0.00026639834352589165, 7.640434906338251e-05, -0.0033929667199637656, -0.01149606032300228, -0.0014498463053458429, -0.037769251752826784, 0.13444521796630454, -0.01584827580126674, -0.020476993420880614, -0.47322761535368674, -0.007218105225916362, 0.027045037160338063, 0.08535856822737609, 0.010691151620806867, -1.5116558496141483e-06, -1.0882763494996127e-06, -5.323741208803206e-06, 0.00013511964667007174, 2.972516136920179e-05, -2.0985203659248154e-05, 7.542075838137348e-07, 3.868274199097618e-06, 3.6529818520403978e-06, -5.193328632031867e-05, 4.944829086875663e-05, 1.3337203719497404e-05, -2.757524321237418e-07, -4.910004812752993e-05, -5.116520761294416e-05, -0.007624971975760655, 0.009649232993168185, -0.000836517489000717, -0.006603561529599275, 0.010332852547402478, -0.0053130554939855865, -0.01856731951408798, 0.12926869480779934, 0.10853879333565032, 0.059183785337051806, 0.12531135820584133, -0.09179587316205531, -0.013070418217058365, -0.013239170498053883, -0.005000903185145173, 0.011265481705293642, 0.001928789610313294, 0.0029812983951890922, 0.009914314707339993, 0.0019016767581037024, 0.005235412928915369]]}, "dipole": {"__ndarray__": [[3], "float64", [0.0015775797544526882, -0.0015635915505250232, 0.006592335506086909]]}}