{"forces": {"__ndarray__": [[17, 3], "float64", [0.011335426290536792, -0.01107683420348508, 0.0028918781456555055, -0.10941475694487739, 0.08962037067404816, -0.0357701459512947, -0.008794486055387784, 0.014511361526765087, -0.006759740889517592, -3.920277090763057e-05, 5.36760195369585e-05, -0.0002788111094588166, 4.388391386635787e-06, -1.2548616772551865e-06, 3.0313302272358315e-06, -2.0767364617954427e-06, -0.00013254800736497508, 0.0003897551742764732, 0.00011179107644361762, 7.657653189462815e-05, 0.00014669377997317482, -0.0004521469944123457, -0.0013162220941303987, 0.0005388040769310419, 0.11127321292698047, -0.09529175124999507, 0.040285301710491814, -0.000213651443516102, 0.00391806766118239, -0.0001487156272365577, -0.0008529385054346696, -0.00031469630081062126, -0.0010851285078138965, -0.002956670831989222, -4.6906087824879986e-05, -0.00021758818862617466, -2.239561760238805e-06, 1.3899531512924763e-06, -2.408088765426307e-06, 2.918925874499521e-06, -1.3224141240702504e-06, 3.4286607734590412e-06, -3.398855682864985e-06, 1.9013313750788826e-06, 1.0051036059778792e-06, 4.034037080043861e-06, -1.3675072100450788e-06, -2.925645360326683e-08, -2.0294787197474586e-07, -4.4097132967699475e-07, 2.6696372315181596e-06]]}, "dipole": {"__ndarray__": [[3], "float64", [0.0016134701958170127, -0.0017575255242572594, 0.006683005567079279]]}}