{"forces": {"__ndarray__": [[17, 3], "float64", [-0.08382685241258044, -0.017131404059644716, -0.0915622857326338, 0.012475448632380388, 0.0007670080388250933, 0.01242266115299811, -0.00012266847782201, 6.732646930399375e-05, 5.0842922153869614e-05, -6.224228855209336e-06, -1.424510712803002e-06, -3.607111170462267e-06, 2.3593415187326462e-07, 9.139421913924173e-07, -1.8386608016014978e-07, -0.01747311327580958, -0.003111136681349526, -0.005123989722763681, -0.005773080648529176, -0.0010176304896107546, -0.0016468345889552162, 0.09291570720184752, 0.019566516807881927, 0.08648438222152131, 0.0005362649200721095, 0.0007190334669480696, -0.00014765872887990543, 0.0012771651844567448, 0.00013843191669786755, -0.0004696146365387469, -1.9831493665651683e-07, 3.937226969034375e-07, -3.8734277720655896e-06, -1.4992589259118241e-06, -1.6445157375880113e-07, 2.0718126938618384e-07, -2.5010180635615086e-06, 1.4205710393880784e-06, -3.3983511387030153e-06, 3.832128135407834e-06, -3.2422775364096946e-07, 1.5516602984900237e-06, -3.7354883889394704e-06, 1.9266138504943754e-06, 8.925396957797155e-07, 2.8930343674304138e-06, -1.146901873283149e-06, -8.525884377524103e-07, -1.6739115004752032e-06, 2.597730833256432e-07, 1.7610764326932776e-06]]}, "dipole": {"__ndarray__": [[3], "float64", [0.0017821226561636442, -0.0015852351580285578, 0.006458630486566608]]}}