{"forces": {"__ndarray__": [[17, 3], "float64", [-0.009652424179020633, -0.0021384141781822692, -0.003442705524587718, -0.027433988845277618, -0.08221642350674316, -0.009042826522402786, 0.020186191419634486, 0.47201176296282543, 0.005810771771289775, 0.038998952626985585, -0.1344383613193724, 0.01651755338819727, 0.003168003211593513, 0.011699657804419306, 0.0012204466514560272, 0.00021895155035300175, -9.085469732113953e-05, 0.00021783460666425039, -0.00032300267401409684, -0.0003780843407335521, -0.00020121259487895253, -0.0001803078898401286, 0.0002941103188803756, 7.303140406126542e-05, 0.014734844246336021, 0.01090455177235851, 0.005634623898270637, -0.011769360654872163, -0.0019234110782172767, -0.004803524513174582, 0.022224867150237186, -0.12479560618394567, -0.10696455019802276, -0.06428788241500671, -0.12952881104033728, 0.08944404445717999, 0.008116922034312904, -0.009979253888447179, 0.0008852870965429481, 0.005916988609405386, -0.009498715575171901, 0.0046171417587042, 4.146607089101356e-05, -5.008860956029949e-05, 2.443105059683699e-05, 1.1863216606894552e-06, 6.824863142858711e-05, 4.950756449550393e-05, 3.8593416621759466e-05, 5.969292811951727e-05, -3.985429439340012e-05]]}, "dipole": {"__ndarray__": [[3], "float64", [0.0015688918848647693, -0.0017183346699915626, 0.006587470115101655]]}}