{"forces": {"__ndarray__": [[17, 3], "float64", [1.753885905050023e-06, 1.326214135172304e-06, -2.01943356730956e-06, -0.00011452364443500619, 2.202563258253283e-06, 2.8418012266032165e-05, -0.0022345037082373404, -0.0009475421609904088, -0.009954854055941794, -0.02244797779637857, 0.11238169976462596, 0.2064690340150275, 0.0035681395836943907, 0.0038514754324857933, 0.003998709559670951, -8.161290997510807e-07, -5.6584294764939824e-08, 1.3409253182365164e-07, -2.2369377796883698e-05, -7.640264877321145e-06, 1.1268674202904992e-05, -2.8521702262300734e-06, -2.1191848833195828e-07, 3.721717851042092e-06, 3.235399015444103e-06, 3.6100413396415448e-06, 2.7872772686541226e-06, 0.00020647690703626522, -7.447124057235196e-05, 3.245046780087786e-05, 1.5621019096167114e-05, 0.0002478936598106298, 3.0278636849248034e-05, -1.4303573391975988e-05, -0.00022961474450751564, -0.0003847883352129713, 0.0223163354716252, -0.12493405752542258, -0.2149077793202124, -0.0031880007951307007, 0.008918467424298837, 0.013706031660232081, 0.0011938073658259738, 0.00015023876228625036, 0.0011305035853692036, 0.00012266846692117174, 0.00043879837124478546, 6.112004906802975e-05, 0.0005973090955768674, 0.00019788220566714624, -0.00022501660320352015]]}, "dipole": {"__ndarray__": [[3], "float64", [0.0016917119863836263, -0.0018168656403061566, 0.006538397578346592]]}}