{"forces": {"__ndarray__": [[17, 3], "float64", [0.05120946122648171, 0.057423031286897123, 0.019679514187194984, 0.008277024168488467, 0.00134901265170037, 0.004448800821598594, 0.0002272584130840481, -0.0002946170513612177, -0.00012207944629629358, 3.2780407362100427e-06, 2.2419454442910958e-06, -9.58386306019802e-07, -2.4843248778740825e-06, 2.8790727534057014e-07, -7.739926874626399e-07, 0.012331542924792807, 0.0012430007632990984, 0.00417545310797558, -0.018972486492187135, -0.009982169532984468, -0.007747324978937824, -0.05434978112191323, -0.051218783843471616, -0.0195117191684548, 0.0013284176887496048, 0.0015542485820508986, -0.0005489488531377385, -5.070020270117678e-05, -8.365267955050191e-05, -0.0003723982213588458, -1.4592720529385138e-06, 1.2861332493250073e-06, -1.3153213070160458e-06, -9.621114369751626e-07, 1.915175687230648e-06, -4.427103800868195e-07, -2.0684616377035534e-06, 1.090827153984307e-06, -3.73786883582923e-06, 2.0251125496393523e-06, 8.082827661158705e-07, 2.5444712949369034e-06, -1.6297601668992273e-06, -1.2052853382407415e-07, 1.7240841577466275e-06, 2.7559305333015262e-06, 5.972098771172215e-07, 1.4042831540730896e-06, -1.9175844147799512e-07, 1.8228705015792386e-06, 2.5799232566783425e-07]]}, "dipole": {"__ndarray__": [[3], "float64", [0.0014276574026566527, -0.0015202757313343958, 0.0065559642487522125]]}}