{"forces": {"__ndarray__": [[17, 3], "float64", [-0.053748254337241494, 0.020679746998935468, 0.03672907361169283, -0.0006658216698152368, 0.007989322286586244, 0.009625701832433962, -0.0005225425047472255, 0.00021883373342309633, 0.00032293862847123414, -7.900520630229008e-06, -2.0252439142123066e-06, 2.942376876547615e-06, 6.3935092337416246e-06, 7.211110366203475e-07, -6.096837678960684e-07, 0.04675899918092118, -0.020534948317147236, -0.037972072801645516, -0.0002982122032036274, 0.004687175257960421, 0.008483303215575715, 0.008627664678146116, -0.01226377536294053, -0.017786369174639174, -4.89423679848132e-07, -0.0004644629111846337, 0.00020515802114966854, 0.000267129160881404, -0.00011939594503068407, 0.00032544877781823787, -0.00037241469741089385, -0.00022425434068344528, 6.597542317878224e-05, 3.1454190788937404e-09, 2.024749748058989e-06, -1.3101779683511984e-06, -4.374314463333503e-07, 2.4355342829100455e-07, -4.481803248860892e-06, -4.5469460722117413e-05, 3.0377034044481715e-05, 2.892062873871545e-06, -2.67492769292086e-06, 1.5733073327384765e-06, 1.1374306148004347e-06, 4.4359238434183135e-06, -1.7318990744587597e-06, -1.1280323720289655e-06, -4.084218551044875e-07, 5.759874806008086e-07, 1.4002929561521924e-06]]}, "dipole": {"__ndarray__": [[3], "float64", [0.001584270822652959, -0.0016518416697663579, 0.006485925558283072]]}}