{"forces": {"__ndarray__": [[17, 3], "float64", [0.003861400300736082, -0.004834786245433964, -0.010584282817479695, 0.032611069460044925, -0.11238793610740566, -0.20062433634178148, -0.0030414958360416547, -0.00463758673860577, -0.005214969914784335, -0.00024411061292226285, 4.943289479210263e-05, -0.00046920435112009803, 2.7223171275202694e-06, 1.4899818183369214e-07, 6.035423723978277e-07, 0.0003212760139000518, -0.0001492580611988458, -0.0002391331164741807, 0.0004443308799533189, 0.0008240306131881483, -0.0018085887653348843, 0.0010849165463787372, 0.0003656894004072235, -0.0004660610098215916, -0.0001650864748106181, 0.002941943388930606, 0.009600340010539006, -0.03385221700203407, 0.11841744385058514, 0.20979108975555683, -0.0001162434250290469, -0.00039795293812088634, -9.115758735122746e-05, -0.0006644176062801391, -0.0002915892705305725, 0.0001756789910602311, -0.00022070480040349064, 8.76956929445052e-05, -3.561950545371328e-05, -1.936201790539191e-05, 1.2225204223604638e-05, -3.632414916936633e-05, -3.846145763409049e-06, 3.0188645444060915e-06, 5.445661681787863e-07, 4.013538717970312e-06, -1.4873873635631117e-06, -1.1568969962349062e-06, -2.2451356681853657e-06, -1.0321591379757495e-06, 2.5775900706990837e-06]]}, "dipole": {"__ndarray__": [[3], "float64", [0.0016967262770435805, -0.0015103666174694247, 0.006790223537275432]]}}