{"forces": {"__ndarray__": [[17, 3], "float64", [-3.6454196073564276e-06, -2.341821664425165e-06, 3.0666861978435093e-06, -3.251755467666092e-06, 1.1538195707172574e-07, -2.944655315192954e-06, 0.00024956265604727797, -5.021391211225546e-05, 0.0004348813729018087, 0.003834417230515462, 0.0028588309278823228, 0.003188287042551641, -0.022810128215141577, 0.11448647297933338, 0.2124793313530056, -6.936983686705217e-07, -2.145074792063394e-06, -4.835434212388734e-06, -1.3601594238000772e-06, 2.5803135056096586e-06, -1.8810050278463164e-06, 3.249017809466588e-06, 1.4348468704467332e-06, 4.670368340481179e-06, 4.36056887046536e-06, 9.107738467269977e-07, 3.466565105252295e-06, 3.084325768777181e-07, -9.818508892334911e-07, 1.4836375577112695e-06, 0.00016246877660874176, -6.197549745540905e-05, 1.211763640953169e-05, 2.6727445401527184e-05, -1.5376171196950828e-05, 4.63807074831852e-05, 0.00010153131205909249, 0.000367863593358585, 5.7874377431254147e-05, 0.0006058523926020945, 0.00023316746755405282, -0.00021541296077513984, -0.001676592418032085, -0.0018838751469158713, -0.009818768491915743, 0.021229555631081462, -0.12350790824668621, -0.21734534335840602, -0.001722361797530212, 0.007573441437404638, 0.01115762615866757]]}, "dipole": {"__ndarray__": [[3], "float64", [0.0013587083147618504, -0.0018055290164904715, 0.006380027297785323]]}}