{"forces": {"__ndarray__": [[17, 3], "float64", [0.25011535161232856, 0.050566228232727724, 0.09322723756721459, 0.008027101351177237, 0.0033257482402942354, 0.0002547580871885186, 0.00010538658074341253, 0.0001773526718682561, 9.123621107822713e-06, 3.255400839275838e-06, -4.030761931183186e-07, -2.589433611274037e-06, -6.989905567708819e-06, -1.4654920707216765e-06, -2.174337941490104e-06, -0.009018599009892329, 0.0007066193586963863, 0.0004959855833802405, 0.0064005888640099665, -0.00010756487948188755, 0.0035189176478750083, -0.2575622971349006, -0.055966504624917174, -0.09575244875799208, 0.00045413745388401026, 0.0010936209998373182, -0.0006421415162462473, 0.00148497717122679, 0.00020204002328842187, -0.0011061205403031448, -1.1374848074491584e-06, -3.8101189157697175e-08, -6.642038422657968e-07, -9.096944021333055e-08, 2.6217846408471018e-06, -1.83477389102509e-06, -5.092259551008634e-06, -1.2987532508662765e-06, -5.9291250342090465e-06, -1.4354404070595799e-06, -2.797876504134904e-07, 2.862709145145951e-06, 9.023043498898724e-07, -2.7657829807991298e-06, 2.800606785934778e-06, 2.5390930108543016e-06, 2.4086090543116926e-06, 3.760734152141952e-06, 1.4023729956637648e-06, 3.6805773272420083e-06, -1.543867988106216e-06]]}, "dipole": {"__ndarray__": [[3], "float64", [0.0011518994272084052, -0.0017899614511290899, 0.006487739239791553]]}}