{"forces": {"__ndarray__": [[17, 3], "float64", [0.0002503122169078585, 0.00028673007660282994, 0.00010221362958065038, -0.007103539538151961, 0.011422899259273148, 0.016239235736299124, 0.06017005014304123, -0.021727965318893226, -0.024702647526367867, 0.0005570058469971269, -0.007623504128072119, -0.010941732406578763, 0.0005392374087274134, -0.0002668301561612316, -0.0003280091508426389, 0.0003696441502070937, 0.0002097205112154405, -8.45391668691478e-05, 1.143800115923192e-05, 1.9493951612843228e-05, -2.721038586345663e-07, -6.626057073499865e-07, -4.779802598634764e-07, 3.014300609609528e-06, 0.0008569343644394044, 9.495938709904471e-05, 0.0011593696390978573, 1.4261186406572814e-05, 7.840113184774373e-05, 0.00011755628934782528, -0.055896806890487656, 0.025168408126982424, 0.02828802741144112, 9.83399441412349e-05, -0.006841176811295836, -0.010367516481997175, -0.00025986848869166327, -0.00030404214706613946, 1.2602819574153466e-05, -1.2380675014696172e-05, -0.00038184290637803233, 0.0003463404538148983, -3.142429306959432e-06, 2.564603129354498e-06, 1.0614723601939231e-06, 0.00036407176484164015, -0.00012678543504841087, 0.00016699266847255447, 4.510560049169749e-05, -1.0552164588233774e-05, -1.1697584084054646e-05]]}, "dipole": {"__ndarray__": [[3], "float64", [0.0016918982137804769, -0.0016135844772883622, 0.006589848158527766]]}}