{"forces": {"__ndarray__": [[17, 3], "float64", [5.111125522760666e-05, 0.0002870917174556271, 3.730874751037346e-05, 0.008636798077036378, 0.010767749261899643, -0.011318401905988925, 0.11106015943838414, 0.06510551722240508, -0.07384655702132872, -0.01103375675724237, -0.006506552035977044, 0.009234742570422425, 0.0001161173395903726, -0.0002294728692490136, 0.0004148388284949313, -2.031316239750588e-06, -1.1748439517990344e-06, -2.6350332347559733e-06, -6.70191871355933e-07, -1.6236540265188772e-06, -6.003367927538396e-07, -3.4622402155380747e-07, -7.095201087868047e-07, 5.115398396345794e-06, 0.0029607935290147432, 0.00016806176533937074, 0.00013744118713987378, 0.000864607054366008, 0.0009227852396832962, 0.0006600006688339731, 0.0001794218787109781, 0.0013051688265397939, -0.003548886065060179, -0.11313999024632952, -0.071159277272596, 0.07816581500450924, -3.202610117907473e-05, -0.0004007530529569505, -1.793941717175583e-05, -0.00010183435352289663, -8.470389666030959e-05, -0.00013143075775626112, -3.2983614694241995e-06, 2.723916081752573e-06, 1.3690153828978681e-07, 1.851443921899781e-05, -9.33351858432054e-06, 2.7654107493015174e-05, 0.0004264305403257687, -0.00016549728529344627, 0.00018339712299505933]]}, "dipole": {"__ndarray__": [[3], "float64", [0.001642908539288178, -0.0017557107887704597, 0.006668047857860222]]}}