{"forces": {"__ndarray__": [[17, 3], "float64", [-0.00010951035382377888, 4.44226345405567e-05, -7.96057441397515e-06, -0.00012371062922110596, 0.00016502651922828854, -0.0004504010112842185, -0.0009900236586863791, 0.004552780739693985, -0.0015823599714313956, 0.07291235006194675, 0.09436666858049043, -0.16227139866828, -0.0003834367897940291, -0.0052255531522094984, 0.011187832715411863, -1.2885799724521017e-06, -7.658255398522765e-07, 2.514941276087663e-06, -0.0003423710716238558, -6.0019762835330374e-05, 0.00015702368905877483, -7.525856098602654e-07, 3.096839275761648e-08, 2.839087139936358e-06, 5.212961232642979e-06, 1.4729042699481645e-06, 1.6285243070706867e-06, -2.1198811453671444e-05, 1.0528795912788308e-05, -3.9699570833379847e-05, -0.000345689478013833, 6.432688931822462e-05, 0.0003679531773928929, 0.0001359833052453806, 0.00036722696367620016, 0.00012291318211711313, 0.009823934036677643, 0.010640281404240805, -0.013725979177437463, -0.0801890464802479, -0.10456687753547005, 0.1658162537541363, 3.0787089909530086e-05, -1.5596642744168582e-05, 0.00013465321923849123, -0.00044330089058774666, -0.0005864538337687196, 0.0002213001930119241, 4.2061874022858736e-05, 0.0002425003528030319, 6.288649058955481e-05]]}, "dipole": {"__ndarray__": [[3], "float64", [0.0016115182530798346, -0.0017613372155420779, 0.0065594490631331]]}}