{"forces": {"__ndarray__": [[17, 3], "float64", [2.1798831906648322e-06, 1.9235731066526153e-06, -2.0680936150971902e-06, -0.00020922178024618002, 0.00011988762399136482, -0.0001633747152973319, -0.003199664374873055, 0.010005262845987172, 0.012588358433012916, -0.021310340197290913, 0.13045726082374184, 0.11716126326561492, 0.002274493324836561, 0.0021387932063521623, 0.004148416879938123, -1.466703900905931e-06, 1.1651753063782043e-06, -5.514962098097442e-07, 4.360418447521967e-06, -6.247067454981409e-06, -7.685494890532188e-08, -2.31258332135506e-06, 5.310022518217578e-07, 2.9930137311349594e-06, 3.459692867605002e-06, 4.569996821848285e-06, 1.8715574508307752e-06, -0.00017618773717415284, 9.675112684226153e-07, -8.723438533879929e-05, -0.0003071569514925372, 0.00013410534765510696, 0.00021534471278408955, -0.0004099792270701875, 0.0021180256737219063, -7.191514555903815e-05, 0.021166810368189532, -0.1338542072920295, -0.12394590176899438, 0.0008069727203186497, -0.011730860879359619, -0.01061652138080602, 0.00028136118147102163, -0.0002787547512445144, -0.00017364962374381103, 9.571157865903102e-05, -0.00020441678175250574, 0.00037995075829771254, 0.0009809803873879034, 0.0010919939916361006, 0.0005630948436843605]]}, "dipole": {"__ndarray__": [[3], "float64", [0.0017136675494526439, -0.0016761316574611998, 0.006405859495318693]]}}