{"forces": {"__ndarray__": [[17, 3], "float64", [-2.575539715841699e-05, -6.648166892432143e-07, -1.9852901792952777e-06, -0.0003333822030958717, 2.486555668678466e-06, 0.00017680964061915453, -0.006306177235106673, 0.0012037553998539942, -0.0007578494155098273, -0.03211064044328624, -0.010176312812412502, -0.08238545904307458, -0.022987525085734622, -0.015790012543259027, 0.5133236726295579, -2.421732131787833e-06, -7.583368389049916e-07, -4.078364596722327e-06, 3.457293286239898e-07, 8.090852426147186e-07, -3.776670592216524e-06, 1.6938868303357866e-06, 8.050514778151921e-07, 3.6391215264512343e-06, 7.412321778873643e-06, 2.101045278783635e-06, 2.207768874343931e-06, 5.829993197229543e-06, -4.9826265077831794e-08, 9.452189997770471e-07, 0.0003268535358207177, 0.00024367808035990582, -1.9109495768762895e-06, -0.0004158717558586246, 7.781120425387055e-05, -0.000572110488292429, -0.016639995801810848, -0.00421715286315269, -0.004010470414518218, 0.012887831567902106, 0.0016507629787481653, 0.011107844877248387, -0.0363565156777063, 0.04450133967272879, -0.058694890943529185, 0.017214078411235557, -0.1149533288789682, -0.21209523339098038, 0.08473423988579666, 0.09745473100397357, -0.16608735428597673]]}, "dipole": {"__ndarray__": [[3], "float64", [0.0015451145471249601, -0.0015973911385713914, 0.006526531565811957]]}}