{"forces": {"__ndarray__": [[17, 3], "float64", [0.02931513443667841, 0.0925285997183866, -0.03092090542867132, 0.0446811402789752, -0.5016287046030062, -0.011565209953026496, 0.01894174703507806, 0.08230405046091371, 0.0050559780671987, -0.013130500714508945, -0.011408691254587452, -0.005816427186386993, 5.477056142593026e-06, -5.7742239238367104e-05, -3.908991615105731e-06, -0.007941019901724595, -0.01236474478719006, 0.004229117083046933, 0.011542546562363776, 0.005721203205880917, -0.0108673020768183, 0.003244181182039477, 0.0013891453291996825, -0.0006288408832062563, -0.09231666941632291, 0.21005641002413483, -0.07211546497990672, -0.016672641079394694, 0.12966541361064315, 0.11284755424498809, 0.011590671373675941, 0.001915218018595262, 0.004355590187007247, 0.011161341944246063, 0.0016597727372094516, 0.005584021048646064, -0.0002835087758333477, 0.00012072883553205774, 5.74212686410656e-07, -0.0001426571018379041, 9.264713489448299e-05, -0.0001596966883484971, -8.508956935810002e-09, 9.640561247652702e-07, 2.352426265109528e-06, 4.066996952868034e-06, 2.323941554586698e-06, 1.7627386660889645e-06, 6.986324276512128e-07, 3.405810952114584e-06, 8.061794755074233e-07]]}, "dipole": {"__ndarray__": [[3], "float64", [0.0015203399753616212, -0.0016049638019007208, 0.006571917748391051]]}}