{"forces": {"__ndarray__": [[17, 3], "float64", [0.0002133117119983847, -9.357267609467725e-05, -0.00010132658299719333, 0.0028918498795304933, 0.004195453252664577, 0.004952024706000473, -0.026905060125880637, 0.10623815296542052, 0.20597146261363886, -0.0019228928952706266, -0.0007430716669651686, -0.009803077463748854, -0.00013866691845305603, 2.363694076453588e-05, -7.530609801782671e-07, -7.108168879952391e-05, -3.769675625755274e-05, -4.099626815064095e-05, 1.0191334080774772e-06, 1.9222179809594363e-06, -2.0434897760651747e-06, 1.4338385938742094e-06, 1.2896409091275324e-06, 5.101812564369494e-06, 0.0010861115176449487, 0.00013230890882098367, 0.0011720984140070867, 0.00011500319723323748, 0.0003869403764459881, 8.90086680602894e-05, 0.028049732832897065, -0.11770609274369584, -0.21451308652737464, -0.0034599308636148788, 0.007700754983064066, 0.012585862178238988, -5.091146754276554e-06, 0.0002135179737947928, 3.048276221858545e-05, 1.065403411844466e-05, -0.00026777019177800447, -0.00036547560472953916, -4.2504212928390655e-06, 1.989862585115547e-06, 2.0639072110037556e-06, 0.000152710781707763, -5.1041649094860545e-05, 1.3634884339407264e-05, -1.4852867066755998e-05, 3.2785614356301343e-06, 5.0190514780440875e-06]]}, "dipole": {"__ndarray__": [[3], "float64", [0.0016281948996026442, -0.0018347592357135076, 0.006556926411486407]]}}