{"forces": {"__ndarray__": [[17, 3], "float64", [0.0012699080322584727, -0.0001437322809421276, 1.9208261602201225e-05, 0.011346938754266398, -0.012993324420218146, 0.0049771339991144525, 0.10586303368427431, -0.037599321407831274, 0.016881221143313436, -0.4360778500771319, -0.02358853212661063, 0.03192737839357616, 0.1527430975866379, 0.023189517206573765, 0.03226720088976436, 5.646047142853648e-06, -7.15221749148198e-07, -1.7686789201271723e-06, 0.0003391045166841184, 0.00010044060378908235, -4.0499073766956695e-05, 3.09506257315121e-06, 3.854881293740506e-06, 9.447865274748471e-06, 4.006746753020706e-05, -0.00010071217460850434, 7.802876122282743e-05, 0.00023984931175295216, 0.00011476589171614571, 0.00023782695495787765, 0.0005951893377205049, -0.003518904393772711, -0.001954146074854992, -0.011041026512569106, 0.006542870991734026, 0.0005013329467499039, 0.059157248263754465, -0.02102020845307412, -0.02195419881596518, 0.10640935542636139, 0.06232940062330233, -0.0707610397529791, 0.008742324834630695, 0.00031318433506787746, 0.0035818254132673364, -0.007545388385462905, 0.002296405753677376, 0.0038732787058272282, 0.007909406649576046, 0.004075010191652626, 0.0003577690618170148]]}, "dipole": {"__ndarray__": [[3], "float64", [0.001526117901855142, -0.0015440747359212474, 0.00653042172783169]]}}