{"forces": {"__ndarray__": [[17, 3], "float64", [0.05372594475269452, -0.019768065999385756, -0.035369345614505394, 0.0005890489889447819, -0.0080372748610785, -0.009960902893317131, 0.0005412775720669715, -0.00021989813661093527, -0.0003367649948149583, 8.134787809398382e-06, -8.195960549345101e-07, -4.69967132746732e-06, -8.808504469145085e-06, 4.331602491868361e-08, 4.948160162055597e-08, -0.046236392855074436, 0.01988134015881436, 0.03723047969082771, 0.00017233083821818562, -0.004844823130216631, -0.008591780761288843, -0.008959146844754745, 0.012191249561947125, 0.017632589558068696, 5.929252935271335e-06, 0.0004746761548670901, -0.00019751443507086668, -0.00026616454898253954, 0.00011826085080359439, -0.00033382318265116797, 0.00038311176499675783, 0.0002323829061628797, -7.34399925848135e-05, 2.253057699503376e-07, 3.164959126136447e-07, 1.6326295955735274e-06, -4.064795797835894e-06, 1.5050889329169838e-06, -1.9484068342102834e-06, 5.157124573257471e-05, -3.16222190983678e-05, 1.5183495374137398e-06, -2.6573632804169058e-06, 1.8032490478194804e-07, 1.4932244462499672e-06, 1.173759224161879e-06, 1.155266131606367e-06, 1.6815804208658168e-06, -1.5133560337480716e-06, 1.3938179437366784e-06, 7.754378960863492e-07]]}, "dipole": {"__ndarray__": [[3], "float64", [0.00164216231620852, -0.0016016956316876716, 0.006666765211407822]]}}