{"forces": {"__ndarray__": [[17, 3], "float64", [-0.011186759972572912, -0.0012950846496745487, -0.012349267026312677, 0.029276617257865147, 0.005576100666449778, 0.08694857304342027, 0.03601544795675914, -0.011248699787888469, -0.5097845961660676, 0.017082135349872667, -0.015358182305594102, 0.07425262215570462, 0.006002220704003319, -0.005585924430064928, 0.0007359815930142419, -0.000333535000257656, 1.0884745253799898e-06, 3.615440719115653e-05, -6.0984085285295095e-06, -3.339304439048902e-05, 0.00010761655380796922, 9.232060367308146e-06, -0.00011919998653425046, -4.829198215165066e-05, 0.006888968184019453, 0.0010424838923826989, 0.0017483284281693797, 0.016202342618243725, 0.004336594992196186, 0.00520602746647856, -0.025751127350369163, 0.1165931048746378, 0.21100110190685786, -0.07344712369318167, -0.09493395872781447, 0.1502442080819347, -0.010926647969771568, 0.01228080955652187, -0.009843959397363732, 0.009831495572744486, -0.01123340710390052, 0.0015655742322755874, 0.00019704876647581797, -6.972980519591747e-05, -0.0003438835918032654, 0.00027324727571443225, -0.00033117144195836417, 0.0004482830431788737, -0.00012746335138483553, 0.0003785688263021603, 7.552725166678681e-05]]}, "dipole": {"__ndarray__": [[3], "float64", [0.0015721786090328253, -0.0015925487262248982, 0.00660625644346487]]}}