{"forces": {"__ndarray__": [[17, 3], "float64", [0.00021222606153284036, 0.0005411481318109584, 0.00015338967213659451, 0.002284029827984684, 0.001933367153585491, 0.004421141518930204, -0.02491963065711744, 0.12510557852074597, 0.11269759972773571, -0.00341555025430309, 0.009363032069587097, 0.012268381141351885, -0.00021823499314762093, 0.00011628293802594736, -0.0002361025609073757, 0.00022468504918963782, 6.349642356496148e-05, -5.330151284150587e-05, 1.9958509301260034e-05, 3.584041999300824e-05, 5.396527573667784e-07, -1.750581287777291e-07, 1.6225822124571172e-06, 3.1014260034049716e-06, 0.00032181173487365496, -0.00032950883639045267, -0.00018767262482424606, 8.281483604040658e-05, -0.00019282431745096563, 0.0003989100794942318, 0.024989598295807627, -0.12763142746353554, -0.11870639704725289, 0.0013888152078432355, -0.011350431162864362, -0.010877334433424448, -0.0003613295218346034, 0.00013234347086639174, 0.0002391721400450027, -0.00045749983039351414, 0.002211476274563189, -6.626982365408421e-05, -3.1003490392680316e-06, 2.1885067194503113e-06, 1.3305933998610517e-06, -0.00013369201809097707, -4.451720211266681e-06, -6.182179479506634e-05, -1.4726840518100752e-05, 2.267008776689541e-06, 5.333845844040441e-06]]}, "dipole": {"__ndarray__": [[3], "float64", [0.001629700905385514, -0.001693922409363439, 0.00643623256767542]]}}