{"forces": {"__ndarray__": [[17, 3], "float64", [-0.000581763700710799, 0.008008806249536283, 0.01053282528606433, -0.05995460480903463, 0.016136603398136187, 0.029698136066373493, 0.006931306968336017, -0.011609762787097975, -0.01627885793810256, -0.00023735900999326495, 1.486863864355997e-06, -0.00029069911635191297, 6.291847093271285e-07, -6.820218304650529e-07, 3.708482274572754e-06, 0.0002661474936175711, -0.00011934796872294616, 0.00031950159794601467, -2.181414047587174e-05, -0.0004326390610535224, 0.00025991426330806673, -0.0014833635225563273, 4.6541589881069596e-05, 0.001286932010925545, -0.00012886061184239032, 0.00736517816162676, 0.009589626680259124, 0.05651681119371902, -0.018429620685134866, -0.0343027558888414, -1.3149685957491639e-05, -8.292123689554891e-05, -0.00011743101595135773, -0.0008633319598592804, -0.0010680003075261286, -0.00048257341093148754, -0.000424557232567914, 0.00017555000193427434, -0.00020478232913146368, -1.0076641259041056e-05, 6.703572896837491e-06, -2.0153921001381414e-05, -1.084389912657266e-06, 6.323029222738176e-07, 2.3985524183937363e-06, 3.935512765725074e-06, 2.0982597428789583e-07, 1.8146131220197262e-06, 1.13535102168037e-06, 1.2621014888740896e-06, 2.396067620488162e-06]]}, "dipole": {"__ndarray__": [[3], "float64", [0.001494542684566004, -0.001645415497902495, 0.006552093976367387]]}}