{"forces": {"__ndarray__": [[17, 3], "float64", [-0.00022078314922719994, -0.0005552714442721485, -0.00015662747976734738, -0.002271154379304585, -0.0019498242319560732, -0.004544001970052466, 0.025173488400578835, -0.12578795714362231, -0.11514208481824412, 0.0036798608189854394, -0.009678953391912387, -0.012754613812582069, 0.00021775785415095454, -0.00011618728708311457, 0.00024351542983466813, -0.00023185378808466886, -6.338337237282118e-05, 5.06661565344641e-05, -1.9966250352988315e-05, -3.783759118412221e-05, -3.0764286904417395e-06, -1.5662870614163313e-07, -9.969794338349979e-07, 3.983351075048094e-06, -0.0003158314886920779, 0.0003392579659795935, 0.00020189213896399985, -8.327067421986784e-05, 0.0001941267632252704, -0.0004106230456099659, -0.025648190014777132, 0.1283309126640183, 0.12147763043926282, -0.0012755844773498224, 0.011732540690462749, 0.011153240027808696, 0.0003688625071536864, -0.0001339190899381129, -0.0002529544573847936, 0.0004767272278701906, -0.002276840358253081, 7.245695276732391e-05, -2.153335374407202e-06, -4.993503479294016e-07, 1.3025023655226632e-06, 0.00013946607627191086, 5.035560485096765e-06, 6.244804254696966e-05, 1.2781301077745707e-05, -2.034037964277082e-07, -3.153028828188251e-06]]}, "dipole": {"__ndarray__": [[3], "float64", [0.0015915969511197164, -0.0015609045925276783, 0.0067200332501290115]]}}