{"forces": {"__ndarray__": [[17, 3], "float64", [-0.00013036322204314587, 0.0001992032765131929, 7.865697433217024e-05, -0.004011981464493235, -0.0016841088519325318, 0.001057296649169463, -0.0686795846365785, -0.1307141828338551, 0.09778404237561475, -0.006695596306369399, -0.01036111500800557, 0.011445449718086663, 0.00031429946060321267, -0.00014453146815961593, 6.955598968828066e-05, -1.2435026582806734e-06, -5.629523900991119e-07, -7.663324572946114e-07, 3.0294739858996357e-06, -6.429651610206365e-07, -1.5788641919274285e-06, -1.6034707645033582e-06, -4.3821366818103653e-07, 2.206780918625306e-06, -3.7585086879395124e-05, 0.0003304152152224894, -0.00018161858853671552, -0.0010897774008291332, -0.0010473777568074116, -0.00029236919889577025, 0.00698979139554214, 0.01173455734890556, -0.007938272185640515, 0.07274320707615009, 0.13394502518770682, -0.10269887716584317, 0.00034334730431129847, -0.0021159794653270495, 0.0002271596083415081, 6.292542061130272e-05, -0.00013813572389193886, 0.00036861323672802125, -1.7814164963274593e-06, -9.291647142508169e-07, 1.9915674744007106e-06, 1.2335166534530282e-05, -1.1319887859108073e-06, 1.7070683618327193e-05, 0.0001805812093735506, -6.463565025807462e-08, 6.143875159274544e-05]]}, "dipole": {"__ndarray__": [[3], "float64", [0.001698630119583039, -0.001556000337104906, 0.006406823652623731]]}}