{"forces": {"__ndarray__": [[17, 3], "float64", [-0.006388979946856567, 0.011602988033421887, -0.00408326409112703, -0.03911271939015993, 0.0705781383654584, -0.07481630866530434, -0.004200732025937102, 0.005589826755758775, -0.0017611531003267594, -7.713000595438263e-05, -1.3113899039828164e-05, 0.0002558822571081478, 2.5245119857870345e-06, -6.251954296518879e-08, -2.3359293042972735e-07, 0.00019603590302006457, 0.000934322300202213, -0.0016755143769564317, 0.00010513700449440087, 0.000297845326998055, 0.0001394926571151558, 0.0006341883579009567, 0.0005433306422040514, -0.00015119219701770838, 0.04065241988106038, -0.07373283100421985, 0.07337075614615436, 0.009489897846585675, -0.01582143058170011, 0.009652589886313028, -0.001155030134725191, 0.00019271128742645363, -0.001172166909317726, -0.00014630841967179536, -0.00017281397765920353, 0.00024145411511485645, -1.763437869883613e-06, 1.1637756901500486e-06, -3.854017363570693e-06, 4.050032839643653e-06, -6.072901384492788e-07, 1.7471921888542463e-06, -3.8095546664159864e-06, 2.2012910357055782e-06, 7.596786423785274e-07, 3.7527441809043875e-06, -1.5772942118622291e-06, -1.0213833790257945e-06, -1.5333662262060027e-06, -9.121168366942947e-08, 2.026401086667296e-06]]}, "dipole": {"__ndarray__": [[3], "float64", [0.0017516136856536061, -0.0017836442774258087, 0.00656373375916097]]}}