{"forces": {"__ndarray__": [[17, 3], "float64", [0.011194444491610896, 0.0012005745414616516, 0.012469512633942385, -0.03003498356771885, -0.004742125242117056, -0.08778629269807128, -0.036744120728706094, 0.001863458493942736, 0.505940663927331, -0.01644990267972246, 0.015826408287859625, -0.07304054959314088, -0.005931922795841309, 0.005493272201332109, -0.0008194422578405815, 0.0003260630711749803, -2.804535947606134e-06, -3.834610987134488e-05, 6.338128768774497e-06, 3.177806965863141e-05, -0.00011123462199003599, -1.0158224933758456e-05, 0.00012045908245216294, 5.582749737012012e-05, -0.007029125058196944, -0.001073933416630073, -0.001719952983960662, -0.01655061449817666, -0.0046057306232353355, -0.00533057800308247, 0.024862689845656576, -0.11136166788464048, -0.20567041672273703, 0.07558414785956506, 0.09869181495874291, -0.15189047597399805, 0.010857564556584013, -0.012402967791092411, 0.009690984148479334, -0.009755338012380212, 0.010931534670109527, -0.001583732894144452, -0.00019481235277591923, 6.834913096514112e-05, 0.0003445256288397886, -0.0002576632874316494, 0.0003300042661873537, -0.00043620460098392, 0.0001273932525225221, -0.00036842420904911196, -7.428737614132535e-05]]}, "dipole": {"__ndarray__": [[3], "float64", [0.001648719233095866, -0.0016577744909493165, 0.006551574141945583]]}}