{"forces": {"__ndarray__": [[17, 3], "float64", [0.0001562988634604269, -0.0004837734234253042, 6.704647588826858e-05, -0.006019621346958482, 0.005884126013035543, -0.001214056466615885, -0.016105915388114473, 0.016004379922184984, -0.07423673112648674, -0.03319141228356382, 0.012955273199520102, 0.5083382942498313, -0.03134970881636655, -0.009279767106141331, -0.08159124231448243, 1.7198311561946856e-06, 4.2832991373891806e-07, -2.3952672105634197e-06, 5.8384198606884555e-05, 2.474482813100686e-05, 1.5786660008048453e-05, 1.6791912935651114e-06, 5.737307712904561e-07, 6.312195619865436e-07, -0.0002801463763235904, 0.00012556536326268562, 0.0002618610405923142, -0.000298532588812818, 0.0003044242941695326, -0.0004805825121885207, 0.010901153136722573, -0.012450400626719992, 0.010069230765778498, -0.009372339826244197, 0.011328992077814265, -0.0018264008134537156, 0.020246240807200177, -0.11853773744893656, -0.20674742300916962, 0.0727021033885123, 0.09648404156584821, -0.1602346212492319, -0.0036299861622371282, -0.00023406172612694287, -0.0011692286573361521, -0.016314000280886753, -0.0033524093269885202, -0.0031767822331406773, 0.012494083652556156, 0.001225600333688094, 0.011926613237656309]]}, "dipole": {"__ndarray__": [[3], "float64", [0.0016549692803614058, -0.001665622005909775, 0.006551900558558532]]}}