{"forces": {"__ndarray__": [[17, 3], "float64", [0.03688156903169603, 0.03223431699559793, -0.11610495452071527, 0.0032215244338066203, 0.018078250655349876, 0.47913968901536513, -0.03483288897890026, -0.009390234120291522, -0.08696763157381895, -0.005043732465256129, 0.0014653114697526814, -0.0012673802015842873, -0.00028900498730876246, 6.67457727459562e-06, 0.00017498079006704717, 0.009587820079542978, 0.008140096082081213, -0.009480498013983794, 0.0008519933450702895, 0.004182352562474397, -0.0029288789524205398, -0.0002018235507522721, -0.0043620077514405975, 0.012411919238421451, -0.036160971360711995, 0.06424379820248086, -0.07500927382689133, 0.03073849604574412, -0.11144086328034467, -0.20561647753833787, -0.016165549550757816, -0.004354250562995906, -0.0049407390835164225, 0.011430605139138619, 0.0010811324006777471, 0.011054948290758513, 0.00028933024573944666, 0.00015655828868959995, -3.14813612955318e-05, -0.00031724773192963565, -4.544086987095514e-05, -0.00043642780289311986, 1.5831636711108842e-06, -6.242813724920104e-07, 1.5273999415489242e-06, 7.170003317165773e-06, 2.336099006339152e-06, 2.8349772071691253e-06, 1.1271378907336324e-06, 2.593532929711191e-06, -2.1568363032863513e-06]]}, "dipole": {"__ndarray__": [[3], "float64", [0.0014992636682229228, -0.0016082616205017489, 0.0064655854450636]]}}