{"forces": {"__ndarray__": [[17, 3], "float64", [-0.50110038953853, 0.022386276669149788, -0.030193458811986262, 0.10821143611991821, 0.030060274494891584, -0.03810677511076543, 0.012345338093330976, 0.00972517891727241, -0.011344066246154519, 0.0013350303934439043, 6.8325368224091755e-06, -0.00015963959175749586, 2.4066132989166632e-05, 2.1419207956740078e-05, 2.5856974474867608e-05, 0.05327189227684641, -0.017237859679524917, -0.03415458931199798, 0.09403019405141282, -0.09363917675452701, 0.02924745111138086, 0.24205973998247207, 0.05053116299035439, 0.08191557909357776, -0.011560390321620914, -0.0012443880432234432, 0.006501671142909903, 0.0006230878759122209, -0.000868323837303154, -0.003969055803481572, 0.00025621012229505287, 0.00022461258877349953, 0.00022237495717926788, 5.501825831886836e-05, 0.00013576544341694182, -9.719002663984354e-05, 9.358598505295192e-06, 2.8207359714664823e-06, -1.785351865564441e-06, 0.0004562160365641244, -0.0001028885191444908, 0.00011466602116075453, -7.6259955433729045e-06, 2.4521467814831857e-06, 2.7043957690060527e-07, -3.253102968557983e-06, -3.3029740922091545e-06, -3.507854641258743e-06, -5.928983347320807e-06, -8.559235751377427e-07, 2.198369030807914e-06]]}, "dipole": {"__ndarray__": [[3], "float64", [0.001787258564737036, -0.001624645438226168, 0.006625693347479695]]}}