{"forces": {"__ndarray__": [[17, 3], "float64", [-5.074681304057001e-05, -0.0002949427350218251, -3.811405568860544e-05, -0.009013539405337905, -0.011299975098676451, 0.011629486234638454, -0.11114599050958368, -0.06588384492930581, 0.0751549888256138, 0.011275679387162757, 0.006444993106785813, -0.009449431096532533, -0.00011297346682039867, 0.0002234057927224257, -0.00040958993029793696, -2.2541351341504236e-06, 7.73120367367792e-07, -4.944023788762416e-07, 1.4394823152971886e-06, 7.632619516290959e-07, -1.8592620625028402e-06, 2.461259665443349e-08, 1.3669317833020962e-06, 1.9485459233797387e-06, -0.0030379739091108797, -0.00016823981909240898, -0.00014061820427801208, -0.0008715031127674622, -0.0009439484495494397, -0.0006751216277333725, -0.0001420231746934853, -0.001363480445880576, 0.0035616812636291182, 0.11340107402092872, 0.07262172135465754, -0.07958280658871356, 2.094460561396581e-05, 0.0004069084657144599, 1.1553157631809138e-05, 0.00010723494734862184, 8.577474271872515e-05, 0.00013676695440423327, -1.9236004253879795e-06, -1.0614608288134516e-06, 2.5373249194868044e-06, -1.2775268593594212e-05, 8.620463415785653e-06, -2.6599917290337933e-05, -0.00041469366045881426, 0.0001611656982374829, -0.000174327221784766]]}, "dipole": {"__ndarray__": [[3], "float64", [0.0015766936676081685, -0.00149751502862943, 0.0064893816929425035]]}}