{"forces": {"__ndarray__": [[17, 3], "float64", [-0.09398166738458874, 0.0872912816641495, -0.02550598549505142, 0.011644224497948635, -0.011712253354083404, 0.0007894374138705123, 1.2632758337201379e-05, -0.00031769026047770676, 3.7586565879726834e-06, -0.0003387953214504457, -0.0001335736174431709, 5.562321179287891e-05, 3.293435707962624e-06, 2.208268997378829e-06, -3.505661957812691e-07, -0.00022814143261089842, 0.002812925674205063, 6.0588773487239634e-05, 0.09103837553396771, -0.09691042763662631, 0.030409894252524907, -0.006472775338533015, 0.019250771495573527, -0.006055482883011065, 0.00011632608628222611, 0.00014051418646789508, 0.00010927333684260095, -2.4568409417162908e-05, -0.00018090352088560591, 0.00045096394444679396, -1.1763770883680536e-05, -1.9836354241100013e-05, -2.8478326601658605e-06, 1.1623505942434208e-06, 3.827327006260553e-06, -1.472112661113007e-06, -5.0503781514631764e-05, -2.9021268618489384e-06, 1.89950592990918e-05, -0.0017153177588906854, -0.00022849303330782055, -0.0003366859160771583, 1.1538153869335654e-06, 6.869454686704965e-08, 2.0368730105112874e-06, 5.1103502944541305e-06, 1.9886936944463422e-06, 2.051713766467843e-06, 1.2543693697390955e-06, 2.493899286605265e-06, 2.0157002760650382e-07]]}, "dipole": {"__ndarray__": [[3], "float64", [0.0014538171993716173, -0.0017487177629951392, 0.0066321031657301886]]}}