{"forces": {"__ndarray__": [[17, 3], "float64", [-0.01232502261397768, -0.007053822932573068, 0.0009306241095395979, -0.14482839182076243, -0.01927888108910657, -0.03585294511430582, 0.44060513545569163, 0.023100535258922267, -0.034308568099962446, -0.1058402163372412, 0.03641244877647974, -0.0159033183737489, -0.013247485294078888, 0.014062138050767897, -0.006154145611585545, -0.0005445834131335678, 5.964416624883751e-05, 0.00021412742688530097, 1.4962970834097875e-05, -0.00020174204135453406, 0.00026601007821657976, -0.00011461231922236987, -0.00022917076285048938, -0.00012330416869400662, -0.009106234558600247, 0.00044881811438073646, -0.004348367654281362, 0.006929511773734651, -0.0019642849984765776, -0.0030520957212558405, -0.0605022456827378, 0.024908393931740224, 0.027150859051823503, -0.11091081809335458, -0.06724402462257685, 0.07026937879134461, -0.00032287020061509556, 0.003058768914963504, 0.002190924371116957, 0.01104999663041389, -0.006152915197275494, -0.0009580312952041259, -6.797100992224242e-05, 0.0001518756367677437, -0.00019067151434908704, -0.0002208379733985389, -0.00017903172292621728, -0.00024028976799009202, -0.0005683175136292449, 0.00010125051686798054, 0.00010981349245037007]]}, "dipole": {"__ndarray__": [[3], "float64", [0.001642644774481703, -0.0017111259825630836, 0.0066444325529887716]]}}