{"forces": {"__ndarray__": [[17, 3], "float64", [-0.004027791761364862, 0.005143680365211637, 0.010957944534012278, -0.03380101262290068, 0.11684179982442175, 0.20521641740955773, 0.0030288298104668592, 0.004793005073698061, 0.005322584116385646, 0.00024964881774986613, -5.309723937603046e-05, 0.00048069899540419543, -5.2884417477475455e-06, 6.564394534142048e-07, -1.2215609347247403e-06, -0.0003381477737804154, 0.00015418257070057683, 0.00024197141852518462, -0.0004555797844717914, -0.0008481253857252849, 0.0018517176235969641, -0.0011002534971178927, -0.0003758818892401044, 0.000471616799372289, 0.0001799796557091287, -0.003164135254724988, -0.010065029896930394, 0.03523675050199293, -0.12309489965829659, -0.21445208614081385, 0.00011923404603159716, 0.0004116545837175183, 8.72055196352181e-05, 0.0006706476158425009, 0.0002880334538954126, -0.000185144862115531, 0.00021797473511501214, -8.667041555860121e-05, 2.7923279645245325e-05, 2.4501259448328308e-05, -1.2878813813752235e-05, 4.199274194326658e-05, -1.4416834522943228e-06, -1.3172288301095292e-06, 2.0982309828649558e-06, 1.59381092361165e-06, 9.535039697138716e-07, 1.7611119296746132e-06, 3.5531155498789643e-07, 3.0400704965179725e-06, -4.4932019639607157e-07]]}, "dipole": {"__ndarray__": [[3], "float64", [0.0015240836645917229, -0.0017430739697956651, 0.006365906223939076]]}}