{"forces": {"__ndarray__": [[17, 3], "float64", [-9.965967458304144e-07, -1.589891709145549e-06, 1.0089658535497006e-06, 8.222376104155351e-07, -1.064178648035978e-06, -3.657815087551586e-06, 0.00011540821632544546, -4.157829728569583e-05, -7.454844560021525e-05, -0.00033351022458791697, -0.005108618869141799, 0.011840813622824086, 0.07632684918237125, 0.09051829206889994, -0.16385881816847317, -1.7851329772015648e-06, -1.1818912493051608e-06, -3.9068252306793465e-06, -4.781502592374836e-07, 1.3715465764785754e-06, -2.411268852367273e-06, 2.422880487163264e-06, 1.14382835957134e-06, 4.215533400747451e-06, 5.64583384544981e-06, 1.4070582238664942e-06, 3.1062445141746856e-06, 3.153308900342939e-06, -6.839443654666596e-07, 1.546228482814181e-06, 1.1861830219762702e-05, -4.297564884943471e-06, -6.2397217864621875e-06, -0.00017913410056164195, 6.152994015206425e-05, -1.4054079917517804e-05, -0.00044324576267213496, -0.0005531056911874714, 0.00021970437761082264, 3.2339133055170644e-05, 0.00020480991268466444, 6.192239002023285e-05, 0.00045962008319290395, 0.003178873536622316, -0.0017401456686344354, 0.009020712062043128, 0.010293795375114791, -0.011134842404603062, -0.08501968480024696, -0.09854910293816323, 0.16470630703547878]]}, "dipole": {"__ndarray__": [[3], "float64", [0.0013190039980543683, -0.0017574219075403887, 0.006526478966628756]]}}