{"forces": {"__ndarray__": [[17, 3], "float64", [-9.219931898524565e-05, -0.00021367717204944398, -2.0085102283970483e-05, 0.0009476041922698846, 0.005686954606969435, -0.011261862069709569, -0.07236220963382846, -0.09187680431310473, 0.15173733549421048, 0.0005201280873371088, -0.005251516824923381, 0.0018510150904331331, 0.0002576739184197851, -0.00025002216043692733, 0.0005727694357934362, -6.229606051182456e-07, 2.7667099284799613e-07, 6.204062286227756e-09, 2.0265513505195244e-06, 9.349231731752646e-07, -4.803949023244149e-07, -2.157894714675784e-06, -3.0546249862263803e-07, 3.511466901184024e-06, 0.00023111424502922183, 6.77706155856514e-05, -0.00023673449924373736, 0.0004894581564197376, 0.0006167599114400432, -0.0001783825315246765, -0.010505255176818301, -0.011173110446310927, 0.013062693679193955, 0.08007192923833975, 0.10297574550506419, -0.15508542666276084, 0.00037296918035994363, -6.779222561913312e-05, -0.00039088664461500326, -0.00015344191874324068, -0.0004427698886416918, -0.00011915690909255648, -2.43758902508119e-06, 1.1329412090621234e-06, 2.5360763032484994e-06, 3.2609708364661015e-05, -1.3212033675719582e-05, 4.78111882861001e-05, 0.00019281121482945133, -6.036464717470899e-05, 1.533617894823115e-05]]}, "dipole": {"__ndarray__": [[3], "float64", [0.0016656787764934634, -0.0014627315308075475, 0.006586391227611426]]}}