{"forces": {"__ndarray__": [[17, 3], "float64", [-0.052311554756869064, -0.05765448200288436, -0.020435563868526123, -0.00800321118832157, -0.0014303685779989198, -0.0044015428440287675, -0.0002212360415025488, 0.00029011842275028743, 0.00011756061942419563, -3.866209284536798e-06, -4.860852406877305e-06, -4.526553556437081e-07, 1.114450308308718e-07, 4.7115821838865984e-07, 2.040357910711017e-07, -0.012124950529604854, -0.0013372081663196307, -0.003937720639686282, 0.019029256713488093, 0.009648347194606085, 0.007867948809160922, 0.05488298081188544, 0.05193116009131631, 0.019888803801861178, -0.0012916787877261047, -0.0015220063469877463, 0.0005329271325428498, 4.561152174088585e-05, 7.928948471925019e-05, 0.0003690431981942777, 8.589223364610797e-08, -1.3333678063240243e-06, -3.264908778533147e-06, 1.1145124137544903e-06, 4.085640586738783e-07, 8.026049047381588e-07, -2.463766498357574e-06, 6.637435716018728e-07, -2.6834502380439575e-06, 2.3229497504915346e-06, -1.0485050943675971e-06, 1.9639713225803363e-06, -3.6885728590294963e-06, 1.8702175986525868e-06, 9.03845970474784e-07, 2.8809947578118946e-06, -1.1675177407392982e-06, -8.414400441453831e-07, -1.714988635143661e-06, 1.464604006209068e-07, 1.9117874859694126e-06]]}, "dipole": {"__ndarray__": [[3], "float64", [0.0018000530312446055, -0.001728868154393275, 0.0066012078375370705]]}}