{"forces": {"__ndarray__": [[17, 3], "float64", [0.017086859022723982, -0.5053619472185691, -0.027218586011671573, 0.02780414278905792, 0.09350788237715989, -0.03295374917218297, 0.007011063485412676, 0.0021689266010807414, -0.001284194927776504, -0.00014407543234421898, -0.0002681843658970918, 0.0004836541209318152, -1.1681645305332606e-05, 7.542696791155482e-06, -3.6133564771278624e-07, -0.02011750398332746, 0.1283180787511212, 0.11769035122827837, -0.08482737988524727, 0.22841129803309587, -0.06658472130765533, 0.04955341996020958, 0.057175894465745156, 0.01729813033740213, 0.011267385337685681, 0.007640581294164608, -0.012039740890308251, -0.008071820807997988, -0.01197224968924572, 0.004962959321976009, 0.00029667119001167104, 0.000554652644844734, -9.724521824263129e-05, 0.0002951632188529901, -0.00019285019443732895, -0.00021403994822791886, -7.250740506154552e-06, 3.45578934216215e-06, -1.2462831648978483e-06, -0.00012966348443629207, 4.0109531190816846e-06, -4.265819316874324e-05, -3.7600665467320306e-06, 2.746086851270903e-06, 8.361695389180952e-07, 1.1971814915118055e-06, -4.2264671816205995e-07, -1.3849077470029565e-06, -2.7661397337738736e-06, 5.84421550924021e-07, 1.997017666165787e-06]]}, "dipole": {"__ndarray__": [[3], "float64", [0.0017237445149899425, -0.0015948195765525485, 0.006615891185083695]]}}