{"forces": {"__ndarray__": [[17, 3], "float64", [5.110763490736655e-06, 4.4751300282812654e-07, -1.4816287005675759e-06, 3.6247804913009915e-06, -3.980177854080973e-06, 3.8056526273057734e-06, -7.071198961381279e-05, 4.2208958384038416e-05, -0.00019998526317617298, -0.008796533195021251, 0.013386384163846958, -0.0038176878047530838, -0.13329041510481993, 0.11509008513703739, -0.03689613050123919, -2.103620351091245e-06, 1.4010759137411136e-06, 1.5445253024460286e-06, 4.241071990066226e-06, -3.291967141489217e-06, 4.663836619220472e-07, -3.6940441204440236e-06, -7.136127367113334e-07, 2.4562843862088953e-06, 3.297146506166918e-06, 4.761180186304205e-06, 9.988540667970829e-07, 3.40617166454921e-06, -3.057660393068538e-06, -1.160968300543321e-06, -2.146111358015715e-07, 4.65407405447521e-07, -6.788359815926968e-07, 7.591525122670948e-07, 2.03333983374526e-06, -4.900993548757356e-08, -0.0011158135235925758, -0.00028716149264673837, -0.0012005520193003173, -0.002429894896700257, -7.786194471118323e-05, 4.021414063831446e-05, 0.13272935291438226, -0.11967856935743909, 0.039934506215488046, 0.00069362054595148, 0.0011021454215590747, 0.0017031500315659043, 0.012265968438367138, -0.009575295984248075, 0.0004305839436509011]]}, "dipole": {"__ndarray__": [[3], "float64", [0.001851296996134735, -0.0018269158222961204, 0.006712976132679866]]}}