{"forces": {"__ndarray__": [[17, 3], "float64", [-0.01708544206096108, 0.12784536074800537, 0.10864917539656448, -0.0013560789292653937, -0.012326743856919268, -0.008177571950632775, -5.535248242969884e-05, 8.847339331137303e-05, 6.291209153824829e-07, -8.576546548002896e-07, -2.2279281686104905e-06, -1.308818403473871e-06, 8.374387835013788e-07, 2.4614499142369057e-06, 2.801302506673785e-07, 0.019950450233651846, -0.1259463801167328, -0.11945875967953622, -0.002648070471877421, 0.009077188877765777, 0.016582018114604684, 0.0007496006499418083, 0.001291789914076858, 0.0032420061409579237, 0.00013793741690441066, -1.3029456359639345e-05, -0.0009486942426935305, 0.0001188295679482111, -9.748050319517698e-05, 0.00015110302653850344, 0.00021457207388258774, 6.309317832443887e-05, -4.042152304806609e-05, -8.813926469847541e-07, 1.5524621301872682e-06, 6.395227074905428e-07, -9.85359844314061e-07, 2.2116076128021646e-06, -3.091117591494884e-06, -2.0077132669500353e-05, 1.2698241171105709e-05, 2.746592925207683e-06, -4.231997041232726e-06, 2.5331741192165245e-06, 8.532522022808048e-07, 1.8086937412929493e-06, -1.663803548874362e-06, -1.6768865740755513e-06, -2.0585934635473046e-06, 1.626184933285808e-07, 2.0729208127512333e-06]]}, "dipole": {"__ndarray__": [[3], "float64", [0.0017599179036585212, -0.0015380276861818832, 0.006415575169681028]]}}