{"forces": {"__ndarray__": [[17, 3], "float64", [-2.8978170751865647e-06, -8.265876352848686e-07, 1.397716057095473e-06, -2.0885786595414705e-06, 1.2609746161977073e-06, -3.0363756095149738e-06, 0.00018259045664280113, -6.861465366777364e-05, -0.0003274590345153658, 0.002288466781121258, 0.0019394505052854148, 0.003415201891370443, -0.016048488728617805, 0.1248093888315044, 0.11645171091580854, -6.552955970995639e-07, -1.571843068832974e-06, -4.663058604344575e-06, -1.8793495344959334e-06, 2.561034627993891e-06, -2.2758458421921104e-06, 2.49011450362091e-06, 1.2007373872543714e-06, 4.403016365282251e-06, 5.139778174970153e-06, 1.785020248998624e-06, 3.4642918450612413e-06, 1.3361045652875115e-06, -7.445360635828139e-07, 1.2549212358389424e-06, -0.00012468224916003222, -5.3668062356707974e-06, -5.294262378522161e-05, -8.877309871029996e-06, 2.006568857280689e-06, -1.2475790648236313e-05, 0.00010782753656927048, -0.00019807543482830078, 0.000422725899405993, 0.0009546786238766313, 0.0010802156396662599, 0.0005801733185879853, -0.0010140552997419847, 0.008193976222060426, 0.014487207413305416, 0.014145566890660538, -0.12328108146734716, -0.12461086369716455, -0.0004844716578580568, -0.01247556420540897, -0.010353822957813424]]}, "dipole": {"__ndarray__": [[3], "float64", [0.0014386133273040472, -0.0016013738306999445, 0.006331572019233816]]}}