{"forces": {"__ndarray__": [[17, 3], "float64", [-0.24253646242899396, -0.048185841306558654, -0.08902371161054459, -0.007740883742741988, -0.0032175076567623005, -8.932423563652283e-05, -0.00010692856121041477, -0.00017391343360225974, -1.0271754358263752e-05, -3.524652560924617e-06, -2.205684154107778e-06, 1.075387927589457e-06, 4.436213173441444e-06, 2.1736667603646584e-06, 1.5539868667536227e-06, 0.00857480376398062, -0.0007377359270270075, -0.0005851759485140471, -0.006221966576804712, 0.0002237112612664174, -0.00339087183953484, 0.24993024502517838, 0.053366803993985176, 0.09138322859176506, -0.00045006606155928696, -0.0010767335215324185, 0.0006344905670029693, -0.001449689554289864, -0.00020140328027220923, 0.001079234754796269, -2.3510600811748796e-07, -2.1501922437432415e-08, -3.893079515264695e-06, 2.7808345604889196e-07, -2.434056858651405e-07, 2.1380716757581086e-06, 5.144050060631806e-07, 2.9990902287174847e-06, -5.653404148835939e-07, 5.794424842213468e-06, 5.3216314681081695e-08, 1.6938999743118804e-06, -6.135910042587818e-06, 4.4239296096770515e-06, -1.3565468033045607e-07, 3.078693513186927e-06, -2.914126900842171e-06, -3.11468054951199e-06, -3.2580149384558987e-06, -1.64531374618859e-06, 3.6488837387817915e-06]]}, "dipole": {"__ndarray__": [[3], "float64", [0.0020646540234165534, -0.0014649856929842642, 0.006667535054557635]]}}