{"forces": {"__ndarray__": [[17, 3], "float64", [-1.1644916329300318e-05, 4.476669800080461e-06, 2.7333181636491666e-06, -0.0006005745796671177, 0.00028924249846279295, 0.00029437963867086207, -0.00027824796528840994, 0.008107691607684826, 0.010938116740006526, -0.058835021780268636, 0.01796761338725327, 0.019355654789208736, 0.0069627309265939555, -0.011856654296542592, -0.016352007556669435, -3.0089281060847074e-07, -1.4815677833222438e-06, -3.2454628388632246e-06, -4.9571374265972553e-05, -1.0155959160452813e-05, 2.6160247475655596e-05, 2.656384525322927e-06, 1.2274146832201205e-07, 3.3118745440751348e-06, 3.992653147274328e-06, 1.2958284958395658e-06, 2.660124859857017e-06, -0.000434048824812709, 0.00017057561978199738, -0.00022326870438193688, 0.00025573262943884636, 0.0003689313667740868, 1.8960038966529164e-07, 2.8170685830703324e-05, 0.00034132689094853053, -0.0003737669363724586, 0.054564539993348427, -0.020701752986368598, -0.021538440913356962, 0.000435205746942651, 0.0066970933941095075, 0.009687297957653216, -0.0010995425247620908, -0.00017273281095722651, -0.0012786017304679534, -1.8751419854376676e-05, -0.00011254841990105754, -0.00010514101191453124, -0.0009253247417680719, -0.001093043964065329, -0.0004360319749693261]]}, "dipole": {"__ndarray__": [[3], "float64", [0.0015172017634398538, -0.0016365388117522976, 0.0065777054065773895]]}}