{"forces": {"__ndarray__": [[17, 3], "float64", [0.01708397528947516, -0.12819649721784832, -0.11115308024806424, 0.001537825619583954, 0.012576326787126463, 0.008320207292563013, 5.562390470286989e-05, -9.34273634344497e-05, -3.2786278119565823e-06, 3.1356850961093264e-07, -4.079419624582677e-07, -8.5018790915766e-08, -3.2424044999243183e-06, -1.7150745963438095e-06, -8.617113829271069e-07, -0.020483442413154772, 0.1264557452222568, 0.12248262837724654, 0.0029338928856237232, -0.00948748189957087, -0.01715989202905204, -0.0006919175756796221, -0.0012892917194578498, -0.0033195926498356555, -0.00012795892239240422, 1.5320837690841368e-05, 0.0009488203142088762, -0.00011686665292474578, 9.561850623798189e-05, -0.00015228884863017534, -0.00021329188612451047, -6.378698564347075e-05, 3.5243933897894755e-05, 1.0673674852123897e-06, 8.075373728246859e-07, -3.106320505669818e-07, -3.5647635119123625e-06, -4.796914346598831e-07, -3.35271716696096e-06, 2.466185238634029e-05, -1.2853256056487315e-05, 1.7221952087403557e-06, -1.061748400190925e-06, -8.083269483627883e-07, 1.7863928091995877e-06, 3.819370571860791e-06, 1.1047471783368618e-06, 2.2527956395459824e-06, 1.6650834884560055e-07, 1.825839091069192e-06, 8.118121108290352e-08]]}, "dipole": {"__ndarray__": [[3], "float64", [0.0014634269238980036, -0.001716557277750324, 0.006739604173309428]]}}