{"forces": {"__ndarray__": [[17, 3], "float64", [-0.03760386562118447, -0.033685143302911356, 0.11790538155598523, -0.0035662463739773898, -0.011381243553526755, -0.4758386572888603, 0.03570134173132155, 0.008697090762978914, 0.08776740420352912, 0.005119388650865154, -0.0014235924323019189, 0.0012281281360229095, 0.0002924630497561064, -6.426779962286249e-06, -0.00017868792615077282, -0.01000242500644157, -0.008361165161034554, 0.009810763606732626, -0.000944624801315804, -0.0042735623658384115, 0.002973865077182167, 0.00014092839087282926, 0.004490827036244444, -0.012651755672985925, 0.03562632493257772, -0.0643197777085517, 0.07440312737332393, -0.0297835418070895, 0.10671023016812825, 0.2002259579909385, 0.01652002732792105, 0.004611370384958267, 0.005065566643584958, -0.011517132290569535, -0.0009345155371036011, -0.011189775277473942, -0.0002997497354131406, -0.00016222712738382493, 2.3998333917250353e-05, 0.0003285637496065074, 3.925008352150045e-05, 0.00045147691752563514, -6.860620047904156e-06, 2.3124887694308824e-06, 1.135797923424131e-06, -1.582409090952371e-06, -2.8607822734240706e-06, -2.20837487062782e-06, -3.009167790312661e-06, -5.661737133411646e-07, 4.27890367590023e-06]]}, "dipole": {"__ndarray__": [[3], "float64", [0.0017209907878187253, -0.001645890508881864, 0.006690363639478349]]}}