{"forces": {"__ndarray__": [[17, 3], "float64", [0.0008007454768207314, 0.011745600488485294, 0.00809040834327643, 0.017265426816968257, -0.12984032884256635, -0.10773995587739962, -0.001962745255553285, -0.001942873735832201, -0.004411177805211807, -0.00011939367290854254, 4.515985512129647e-05, 0.0003009246409098819, 1.3796932221635287e-06, -1.26765713728561e-06, 1.4034496258920702e-06, -0.00011999486493595239, 9.54863997431923e-05, -0.00014639488742998664, -0.000179560588315175, -5.079915032713465e-05, 0.0010590335175127156, -0.0001994125022133973, 8.450294313131316e-05, 0.00014032303057494227, 0.0037910319757246055, -0.010974681167073123, -0.015573031776949688, -0.0184480616965219, 0.1316787936181997, 0.11919442181900916, -7.902846195628586e-05, 0.0001908031722124318, -0.00039194323084271193, -0.0009237042230484031, -0.001025665837364446, -0.0006104197090021445, 0.00016693081517863583, -1.8289702457937918e-06, 6.988476854451482e-05, 9.174242961537515e-06, -2.34835748153886e-06, 1.428890515931394e-05, -3.938473675008841e-06, 1.652871125391626e-06, 5.774249963671803e-07, 3.0747438687121534e-06, -1.295379377744956e-06, -4.96817946820568e-07, -1.924025615878943e-06, -9.102506116177355e-07, 2.1542051736006714e-06]]}, "dipole": {"__ndarray__": [[3], "float64", [0.0016435258029272846, -0.0016961581157932777, 0.006750851913761155]]}}