{"forces": {"__ndarray__": [[17, 3], "float64", [5.1063116998191155e-06, 1.1534587852941385e-06, -1.6473798847619023e-06, 4.127529149350601e-06, -3.002362042382155e-06, 1.6188922450328266e-06, -0.000595763160344708, 3.892655024833788e-05, 0.00012875190028064019, -0.007966845335416582, -0.01004756566713993, 0.012702923644287711, -0.11124835525618315, -0.0699773401618848, 0.08405277650533792, -1.5395626201185516e-06, 9.257607622044675e-07, 3.2779382342357497e-07, 2.6135648148177856e-06, -1.6221464973132566e-06, -5.063345175923418e-07, -2.4944482795868084e-06, -4.4222884501541537e-07, 2.8173491319733545e-06, 4.821336756939857e-06, 4.6065173602682e-06, 1.584570969912561e-06, 3.920891637932698e-06, -2.7342673349137585e-06, -1.2599943214666383e-06, -4.677272209563043e-05, 1.3982787102507724e-05, 1.181926690818671e-05, -0.0004274184194913201, 0.00018578715919922103, -0.00019675268295729205, -0.000938504145369187, -0.0009801277210916702, -0.0006064128181084352, -0.0001571740463171851, -0.00032012714741526394, 4.536298337005219e-05, 0.012247586652633414, 0.005714415258239777, -0.01067998733005654, 0.0005442986551487406, 0.0005583415051222586, 0.0017706646811295062, 0.1085723921542761, 0.07481482270543184, -0.0872320810476371]]}, "dipole": {"__ndarray__": [[3], "float64", [0.0017971522623941047, -0.0015108606755180282, 0.006490329752577191]]}}