{"forces": {"__ndarray__": [[17, 3], "float64", [3.941700848138905e-06, 1.0213305801353997e-06, -2.8036924334547456e-06, 1.6219150221542775e-06, -2.8096914120302765e-06, 2.0956904793711355e-06, -0.0002543554257573992, 4.790049380074858e-05, -0.0004496976644312281, -0.003836061545370488, -0.0029504460696456723, -0.003261461662654704, 0.02353257492777124, -0.11953913347888366, -0.21774744984907463, -3.504918908671884e-06, 1.7852622949914022e-06, 1.6763802754883931e-06, 2.177169624266052e-06, -3.463321625612555e-06, -5.627830339069038e-07, -3.6259523690414762e-06, -8.114727205217511e-07, 2.395431097957949e-06, 3.7347651792245626e-06, 5.031069131784018e-06, 8.429353678646106e-07, 3.3686059562941913e-06, -2.557147399489074e-06, -1.4341212888273495e-06, -0.0001649150387938086, 6.22993197224271e-05, -1.564104539819611e-05, -2.753705828139204e-05, 1.8245430606581654e-05, -4.736364753212652e-05, -0.00010990523777449406, -0.0003795866310878488, -6.338910383163657e-05, -0.0006062385593418795, -0.00022538039015840243, 0.00023000993110954026, 0.0017518116452336578, 0.002063848542044251, 0.010241946414504781, -0.022135578592890642, 0.12887810040424827, 0.22271767851349136, 0.0018424915998522813, -0.007974043649496193, -0.011606841726647527]]}, "dipole": {"__ndarray__": [[3], "float64", [0.001864482659248078, -0.0014445450133623717, 0.006776354411101231]]}}