{"forces": {"__ndarray__": [[17, 3], "float64", [-0.0011952968274450315, 0.0074384200668624195, -0.005705187347047735, -0.08705873904227673, 0.20506596213484185, -0.06295943087969569, -0.0004976280675272981, -0.010608350592902629, 0.0010032153054181005, -0.0001095757310485351, 4.477153972780045e-05, -0.00012125016347764606, 3.002995832870812e-07, 1.6669176421244437e-06, 5.414993586931712e-07, 0.0004623476368017479, -9.914605752271956e-06, -0.0007607538821421912, -0.0001352733413042487, 0.0001641380472441843, -0.00045529591662312336, 0.001072145521763177, 0.0015240687726587887, -0.000702675800805903, 0.09429867491500868, -0.2139667027281964, 0.07248233515835087, -0.007087740030238, 0.011004540592780832, -0.002972709956296303, 8.914994543396679e-05, -0.0003348352641208785, 0.00012511101368084017, 0.00016206789653799885, -0.00032722825889696235, 6.356839800957198e-05, -5.854192103639034e-07, 2.4556812625410034e-06, -2.5614087149065986e-06, 4.404130220575721e-06, -5.1541569007527626e-08, 3.7165361148147396e-06, -4.4420337772887095e-06, 2.855001473538677e-06, 5.191466933995958e-07, 2.785942251200803e-06, -1.4438266907152544e-06, -1.7607550098669678e-06, -2.595794773872405e-06, -3.5193636383990877e-07, 2.619052186625903e-06]]}, "dipole": {"__ndarray__": [[3], "float64", [0.0018098868312827817, -0.0017220290168565007, 0.006760067456562871]]}}