{"forces": {"__ndarray__": [[17, 3], "float64", [1.1774598388583078e-07, -6.652267538879533e-07, 1.4013357050303561e-07, -8.77606490388282e-07, -1.321801824917146e-06, -4.469085387491838e-07, -2.761003712915782e-07, -1.4339443988741156e-06, -1.205276830230272e-06, -2.483134097255979e-07, -1.3093010123450626e-06, -7.072365237851182e-07, -1.2090025276683593e-06, 3.691556117203017e-07, -2.9417906799843904e-07, -2.1043239719713653e-06, -1.8352997523276864e-07, -1.5879104939071688e-06, 3.9518909208019477e-07, -4.3508711490350217e-07, -1.226236928421296e-06, -1.8026567114029068e-07, 3.151918721385593e-07, 3.535798597092504e-06, 4.0407386381106554e-06, 2.965472484766418e-06, 2.1566193308763994e-06, 1.8210571118115776e-06, -1.7673474009147325e-06, 2.7311125058861582e-08, -7.09559326999782e-07, -3.350369539036977e-08, -2.2888968657927303e-06, 9.14746615560955e-08, 1.176583787370977e-06, 1.6749530001063152e-07, -2.2667081392038446e-06, 8.625781808057519e-07, -3.2283605846384003e-06, 2.1559545678883667e-06, -1.2598258510273697e-07, 2.2607173239010305e-06, -2.634449666031621e-06, 8.517368190266031e-07, 1.323699535361488e-06, 2.8204531108231257e-06, -2.67064942468817e-07, 3.0461494307749145e-07, -9.362835918298572e-07, 1.0020709490594292e-06, 1.068616107099137e-06]]}, "dipole": {"__ndarray__": [[3], "float64", [0.0016105522855428766, -0.0016261472129144132, 0.006578155956093514]]}}