{"forces": {"__ndarray__": [[17, 3], "float64", [2.1063937586478533e-05, 6.469318017687276e-06, -9.549259175299964e-07, -1.7185188116403215e-05, -6.029395433925388e-05, -7.133614982525118e-06, -0.014302813179254118, -0.011485444656459816, -0.005559536932121375, 0.02254933755816361, 0.08403644693309395, 0.008787307272922323, 0.02138779382486579, -0.5241075696373545, 0.008459070647012885, -2.436862679960836e-06, 1.9084727049657515e-06, -6.327928846817473e-08, -1.4200947995574483e-06, 8.43545721693401e-08, -1.2252431119230177e-06, -1.9982135280759646e-06, 2.2232515939057324e-07, 2.997865524839707e-06, 5.690836367633946e-06, 4.2429338253829875e-06, 2.5996981653229697e-06, 2.9014502488258965e-06, -1.3152724843028266e-07, 2.8123745222637354e-07, -0.00026426324658958267, 0.00011697433536538447, 2.0906467306353796e-05, -0.00022826937583422338, 0.0001467144752750882, -0.0002494953436094247, 0.011839815661288925, 0.0021483345426747853, 0.00370053883544435, 0.0111817275906723, 0.002149148757766542, 0.005100631438706824, -0.11127788264858487, 0.20120564107575686, -0.04588512305432542, -0.01174904497867696, 0.12555961071730737, 0.11862378484864237, 0.07085698292886965, 0.12027764153388155, -0.09299458591782118]]}, "dipole": {"__ndarray__": [[3], "float64", [0.0016647655696954491, -0.0015894117698653754, 0.006587635961471318]]}}