{"forces": {"__ndarray__": [[17, 3], "float64", [-1.0117815092585547e-05, 0.0002625996873518585, -7.419083100530807e-05, 0.0033811598127327855, 0.01120772334915718, 0.001439921238894312, 0.0365469524812482, -0.1315345787053871, 0.01533723121114475, 0.024078714886941802, 0.47201297914864393, 0.00887292522494784, -0.026850449450338616, -0.08414565846423747, -0.010648380207826453, -2.7225150891684475e-06, 7.33773007506205e-07, 2.228268141554352e-06, -0.0001349462084214656, -3.0103493781772082e-05, 1.8634848333434267e-05, -1.0499386199437066e-06, -3.2348832829132657e-06, 3.442418149004287e-06, 5.9151156043407975e-05, -4.263401543406364e-05, -9.708145957736482e-06, 5.658769485599063e-06, 4.4354209462103426e-05, 5.133292103590858e-05, 0.00732390330710076, -0.009391321118994033, 0.0007917655821799933, 0.006354619412620226, -0.010047885507953967, 0.005109576055177305, 0.018239995378472994, -0.1307765898628566, -0.11166508969965937, -0.06144240586504003, -0.12668584137113756, 0.09374736692156341, 0.013154278001497575, 0.013055973462299511, 0.005044668747842927, -0.011040661958815359, -0.001976177142026987, -0.0028267826899835854, -0.009662079454726549, -0.0019503390648287814, -0.005194941862977805]]}, "dipole": {"__ndarray__": [[3], "float64", [0.0016433151188131369, -0.0016871446206865076, 0.006563498425526734]]}}