{"forces": {"__ndarray__": [[17, 3], "float64", [9.136940875980707e-05, 0.00021045752669906993, 2.0033598158164828e-05, -0.0009808874693629534, -0.005457287857932974, 0.010984023018364842, 0.07054804493998751, 0.08901195773461541, -0.15041228924611555, -0.0005657474337577369, 0.005169752545508189, -0.001841950164251561, -0.00025256416648734614, 0.00024422800147999785, -0.0005619064623886634, -3.5656707675781283e-06, -6.73175316732341e-07, -3.2163271374397885e-06, -1.2345699598042756e-06, -1.7413229384835287e-06, -1.9868070043177925e-06, 1.8144275434790486e-06, 9.40358655576343e-07, 3.5720358918122492e-06, -0.0002130505084895378, -6.058929161134122e-05, 0.0002451804680716328, -0.0004858090592074322, -0.0006183552256090347, 0.00018243043543804256, 0.010013394415561637, 0.010858971004387697, -0.012564933057565841, -0.0777129073258465, -0.09993842855245373, 0.15351142440856205, -0.0003711575129472718, 7.638811854224692e-05, 0.00037914616071330493, 0.0001549254711189885, 0.00042962117196239364, 0.0001207477440806433, -2.851465270067131e-06, 5.942429075148543e-07, 1.1260010766264416e-07, -2.595105679388549e-05, 1.2180101525582261e-05, -4.593148909061382e-05, -0.00019382242408088983, 6.198461957817347e-05, -1.4456915833385215e-05]]}, "dipole": {"__ndarray__": [[3], "float64", [0.0015549813253414588, -0.001790425672301371, 0.00657253606774611]]}}