{"forces": {"__ndarray__": [[17, 3], "float64", [-0.00045405648184206786, 0.00013381090408715908, -0.00013922079981533715, -4.2686133261853454e-05, 0.00014715192127807224, -0.0003255845326995523, 0.011045878945542695, 0.005837805001068797, -0.009693962538317212, -0.10652006465201978, -0.0600164917924698, 0.07326906974296173, -0.008315257253502123, -0.011048961369563029, 0.012684055703270332, -5.1464662542395445e-05, 2.264986467009442e-05, 1.4599121553852233e-06, -0.0017814409700031512, -0.00025573752687757593, -0.00034273820664946776, 3.3872136087565336e-06, 4.7158974425692873e-07, 5.180844239603234e-06, 4.7696580045597795e-06, 7.316261141133754e-07, 4.024566753682935e-06, -1.0494950730100088e-05, 5.321490483068429e-06, -2.2072009307722607e-05, 1.5726676528379116e-05, 0.000465137892846593, -1.1139920674555035e-05, 0.00010423186659393096, 6.000429303607904e-05, 0.0001541425507441085, 0.0003450861036944273, -0.0008413876870211701, 0.003090560893304805, 0.10909560927912819, 0.06702690106500195, -0.0782536868381818, -0.002364406852723409, -0.00020829853740484704, 0.00014784279879100136, -0.0009177943043223904, -0.0009538873756313428, -0.0005985786659254837, -0.00015702348215333796, -0.0003752213593625158, 3.064649935041989e-05]]}, "dipole": {"__ndarray__": [[3], "float64", [0.0015412624485020036, -0.0015002578679918137, 0.006486386278510033]]}}