{"forces": {"__ndarray__": [[17, 3], "float64", [-0.029333263496236807, 0.06797086007078833, -0.06967156435865879, -0.006263364351337442, 0.011294757680367742, -0.0029520485581467208, 0.0002637057491374417, -0.0002039497097337964, -0.00011156798561957627, 3.949924169122373e-05, 1.8255092750306432e-05, 1.686761449372449e-05, -1.4509931312838002e-06, 3.811718892567442e-07, -2.835998795878351e-06, 0.008562665440604248, -0.016838761526968535, 0.011629412144637289, 0.030133011738149553, -0.0716415884448806, 0.06423626080404696, -0.0035163726970040146, 0.007902466657933607, -0.0015779950251229163, 0.00015452789106381503, 0.0004698951175778018, 0.00014552798916123445, 0.00027157254667796763, 0.0010714187055396434, -0.0018529316673974875, -1.7184969890746466e-06, -1.934666616428634e-06, -1.4979575752660501e-06, -5.393010453434972e-07, 8.212610438545206e-07, -5.921411061137543e-07, 2.4775720295436888e-05, -3.295619402434347e-07, -1.5709410815337286e-05, -0.00033525987069169254, -4.464059828023922e-05, 0.0001562016222673431, -9.609919171965781e-07, -3.759571185514499e-07, 1.633136918556075e-06, 3.392192775296564e-06, 7.63341649586776e-07, 9.467867231775852e-07, -2.2032204226299836e-07, 1.961365998018916e-06, -1.0699501042965595e-07]]}, "dipole": {"__ndarray__": [[3], "float64", [0.0015335191263494187, -0.001784672152679745, 0.00648287731127932]]}}