{"forces": {"__ndarray__": [[17, 3], "float64", [0.012102835124719005, 0.006899353632768041, -0.0010158150774243716, 0.14102156438876814, 0.018434489448704832, 0.03469956881359175, -0.43810509610229276, -0.021032592966460942, 0.03842029409630342, 0.1074596176847215, -0.037907988364994274, 0.015595477614351436, 0.013528645246997043, -0.014460954725131396, 0.00638021066742608, 0.0005193884204453831, -5.1656106345636136e-05, -0.00019666855116431438, -6.858624486643165e-06, 0.00018275251840614348, -0.0002558750563004301, 9.83093750970369e-05, 0.0002195463690211785, 0.00012172784494741432, 0.008856914468663381, -0.0004906281557160957, 0.004184538424361635, -0.006666214372610093, 0.001937473001625038, 0.003017075596467778, 0.05994814462908706, -0.025190876527330746, -0.027525622564935327, 0.1112852101014388, 0.06833873039837324, -0.0726332575400678, 0.0003071712985822678, -0.0030941108048686754, -0.0021993781342740915, -0.011256624834450595, 0.006283791523418242, 0.001061922415389122, 7.487038529407871e-05, -0.00016777990192687472, 0.00020324518271295483, 0.00023222029289946585, 0.0001937201794771044, 0.0002642930891899779, 0.000599902517127935, -9.326951901932871e-05, -0.00012173682057420097]]}, "dipole": {"__ndarray__": [[3], "float64", [0.0015775361314662693, -0.001544128143607071, 0.006510691338674307]]}}